2025-10-29 02:30:29,838 | DEBUG | 30001 ms elapsed since last read check. | org.apache.activemq.transport.AbstractInactivityMonitor | ActiveMQ InactivityMonitor ReadCheckTimer
2025-10-29 02:30:29,884 | DEBUG | WriteChecker 10000 ms elapsed since last write check. | org.apache.activemq.transport.AbstractInactivityMonitor | ActiveMQ InactivityMonitor WriteCheckTimer
2025-10-29 02:30:29,888 | DEBUG | Running WriteCheck[tcp://172.18.0.1:40982] | org.apache.activemq.transport.AbstractInactivityMonitor | ActiveMQ InactivityMonitor Worker
2025-10-29 02:30:31,485 | DEBUG | Checkpoint started. | org.apache.activemq.store.kahadb.MessageDatabase | ActiveMQ Journal Checkpoint Worker
2025-10-29 02:30:31,501 | DEBUG | Checkpoint done. | org.apache.activemq.store.kahadb.MessageDatabase | ActiveMQ Journal Checkpoint Worker
2025-10-29 02:30:36,073 | DEBUG | WriteChecker 10000 ms elapsed since last write check. | org.apache.activemq.transport.AbstractInactivityMonitor | ActiveMQ InactivityMonitor WriteCheckTimer
2025-10-29 02:30:36,074 | DEBUG | Running WriteCheck[tcp://172.18.0.1:49490] | org.apache.activemq.transport.AbstractInactivityMonitor | ActiveMQ InactivityMonitor Worker
2025-10-29 02:30:36,106 | DEBUG | WriteChecker 10000 ms elapsed since last write check. | org.apache.activemq.transport.AbstractInactivityMonitor | ActiveMQ InactivityMonitor WriteCheckTimer
2025-10-29 02:30:36,106 | DEBUG | Running WriteCheck[tcp://172.18.0.1:49496] | org.apache.activemq.transport.AbstractInactivityMonitor | ActiveMQ InactivityMonitor Worker
2025-10-29 02:30:36,503 | DEBUG | Checkpoint started. | org.apache.activemq.store.kahadb.MessageDatabase | ActiveMQ Journal Checkpoint Worker
2025-10-29 02:30:36,520 | DEBUG | Checkpoint done. | org.apache.activemq.store.kahadb.MessageDatabase | ActiveMQ Journal Checkpoint Worker
2025-10-29 02:30:39,476 | DEBUG | queue://Consumer.A.VirtualTopic.Analysis expiring messages .. | org.apache.activemq.broker.region.Queue | ActiveMQ Broker[localhost] Scheduler
2025-10-29 02:30:39,476 | DEBUG | Consumer.A.VirtualTopic.Analysis toPageIn: 0, Inflight: 0, pagedInMessages.size 0, enqueueCount: 0, dequeueCount: 0 | org.apache.activemq.broker.region.Queue | ActiveMQ Broker[localhost] Scheduler
2025-10-29 02:30:39,477 | DEBUG | queue://Consumer.A.VirtualTopic.Analysis expiring messages done. | org.apache.activemq.broker.region.Queue | ActiveMQ Broker[localhost] Scheduler
2025-10-29 02:30:39,532 | DEBUG | queue://queue.analysis expiring messages .. | org.apache.activemq.broker.region.Queue | ActiveMQ Broker[localhost] Scheduler
2025-10-29 02:30:39,532 | DEBUG | queue.analysis toPageIn: 0, Inflight: 0, pagedInMessages.size 0, enqueueCount: 0, dequeueCount: 0 | org.apache.activemq.broker.region.Queue | ActiveMQ Broker[localhost] Scheduler
2025-10-29 02:30:39,533 | DEBUG | queue://queue.analysis expiring messages done. | org.apache.activemq.broker.region.Queue | ActiveMQ Broker[localhost] Scheduler
2025-10-29 02:30:39,884 | DEBUG | WriteChecker 10000 ms elapsed since last write check. | org.apache.activemq.transport.AbstractInactivityMonitor | ActiveMQ InactivityMonitor WriteCheckTimer
2025-10-29 02:30:39,885 | DEBUG | Running WriteCheck[tcp://172.18.0.1:40982] | org.apache.activemq.transport.AbstractInactivityMonitor | ActiveMQ InactivityMonitor Worker
2025-10-29 02:30:41,522 | DEBUG | Checkpoint started. | org.apache.activemq.store.kahadb.MessageDatabase | ActiveMQ Journal Checkpoint Worker
2025-10-29 02:30:41,537 | DEBUG | Checkpoint done. | org.apache.activemq.store.kahadb.MessageDatabase | ActiveMQ Journal Checkpoint Worker
2025-10-29 02:30:46,073 | DEBUG | WriteChecker 10000 ms elapsed since last write check. | org.apache.activemq.transport.AbstractInactivityMonitor | ActiveMQ InactivityMonitor WriteCheckTimer
2025-10-29 02:30:46,074 | DEBUG | Running WriteCheck[tcp://172.18.0.1:49490] | org.apache.activemq.transport.AbstractInactivityMonitor | ActiveMQ InactivityMonitor Worker
2025-10-29 02:30:46,106 | DEBUG | WriteChecker 10000 ms elapsed since last write check. | org.apache.activemq.transport.AbstractInactivityMonitor | ActiveMQ InactivityMonitor WriteCheckTimer
2025-10-29 02:30:46,107 | DEBUG | Running WriteCheck[tcp://172.18.0.1:49496] | org.apache.activemq.transport.AbstractInactivityMonitor | ActiveMQ InactivityMonitor Worker
2025-10-29 02:30:46,539 | DEBUG | Checkpoint started. | org.apache.activemq.store.kahadb.MessageDatabase | ActiveMQ Journal Checkpoint Worker
2025-10-29 02:30:46,555 | DEBUG | Checkpoint done. | org.apache.activemq.store.kahadb.MessageDatabase | ActiveMQ Journal Checkpoint Worker
2025-10-29 02:30:49,885 | DEBUG | WriteChecker 10000 ms elapsed since last write check. | org.apache.activemq.transport.AbstractInactivityMonitor | ActiveMQ InactivityMonitor WriteCheckTimer
2025-10-29 02:30:49,885 | DEBUG | Running WriteCheck[tcp://172.18.0.1:40982] | org.apache.activemq.transport.AbstractInactivityMonitor | ActiveMQ InactivityMonitor Worker
2025-10-29 02:30:50,069 | DEBUG | queue://analysis.queue expiring messages .. | org.apache.activemq.broker.region.Queue | ActiveMQ Broker[localhost] Scheduler
2025-10-29 02:30:50,070 | DEBUG | analysis.queue toPageIn: 0, Inflight: 0, pagedInMessages.size 1, enqueueCount: 1, dequeueCount: 0 | org.apache.activemq.broker.region.Queue | ActiveMQ Broker[localhost] Scheduler
2025-10-29 02:30:50,070 | DEBUG | queue://analysis.queue expiring messages done. | org.apache.activemq.broker.region.Queue | ActiveMQ Broker[localhost] Scheduler
2025-10-29 02:30:50,070 | DEBUG | analysis.queue toPageIn: 0, Inflight: 0, pagedInMessages.size 1, enqueueCount: 1, dequeueCount: 0 | org.apache.activemq.broker.region.Queue | ActiveMQ BrokerService[localhost] Task-17
2025-10-29 02:30:51,557 | DEBUG | Checkpoint started. | org.apache.activemq.store.kahadb.MessageDatabase | ActiveMQ Journal Checkpoint Worker
2025-10-29 02:30:51,573 | DEBUG | Checkpoint done. | org.apache.activemq.store.kahadb.MessageDatabase | ActiveMQ Journal Checkpoint Worker
2025-10-29 02:30:56,071 | DEBUG | 30001 ms elapsed since last read check. | org.apache.activemq.transport.AbstractInactivityMonitor | ActiveMQ InactivityMonitor ReadCheckTimer
2025-10-29 02:30:56,073 | DEBUG | WriteChecker 10000 ms elapsed since last write check. | org.apache.activemq.transport.AbstractInactivityMonitor | ActiveMQ InactivityMonitor WriteCheckTimer
2025-10-29 02:30:56,073 | DEBUG | Running WriteCheck[tcp://172.18.0.1:49490] | org.apache.activemq.transport.AbstractInactivityMonitor | ActiveMQ InactivityMonitor Worker
2025-10-29 02:30:56,105 | DEBUG | 30000 ms elapsed since last read check. | org.apache.activemq.transport.AbstractInactivityMonitor | ActiveMQ InactivityMonitor ReadCheckTimer
2025-10-29 02:30:56,106 | DEBUG | WriteChecker 10000 ms elapsed since last write check. | org.apache.activemq.transport.AbstractInactivityMonitor | ActiveMQ InactivityMonitor WriteCheckTimer
2025-10-29 02:30:56,106 | DEBUG | Running WriteCheck[tcp://172.18.0.1:49496] | org.apache.activemq.transport.AbstractInactivityMonitor | ActiveMQ InactivityMonitor Worker
2025-10-29 02:30:56,574 | DEBUG | Checkpoint started. | org.apache.activemq.store.kahadb.MessageDatabase | ActiveMQ Journal Checkpoint Worker
2025-10-29 02:30:56,587 | DEBUG | Checkpoint done. | org.apache.activemq.store.kahadb.MessageDatabase | ActiveMQ Journal Checkpoint Worker
2025-10-29 02:30:59,008 | DEBUG | temp-queue://ID:351d5895b329-37485-1761699249168-2:3:1 expiring messages .. | org.apache.activemq.broker.region.Queue | ActiveMQ Broker[localhost] Scheduler
2025-10-29 02:30:59,009 | DEBUG | ID:351d5895b329-37485-1761699249168-2:3:1 toPageIn: 0, Inflight: 0, pagedInMessages.size 0, enqueueCount: 0, dequeueCount: 0 | org.apache.activemq.broker.region.Queue | ActiveMQ Broker[localhost] Scheduler
2025-10-29 02:30:59,009 | DEBUG | temp-queue://ID:351d5895b329-37485-1761699249168-2:3:1 expiring messages done. | org.apache.activemq.broker.region.Queue | ActiveMQ Broker[localhost] Scheduler
2025-10-29 02:30:59,838 | DEBUG | 30000 ms elapsed since last read check. | org.apache.activemq.transport.AbstractInactivityMonitor | ActiveMQ InactivityMonitor ReadCheckTimer
2025-10-29 02:30:59,885 | DEBUG | WriteChecker 10001 ms elapsed since last write check. | org.apache.activemq.transport.AbstractInactivityMonitor | ActiveMQ InactivityMonitor WriteCheckTimer
2025-10-29 02:30:59,885 | DEBUG | Running WriteCheck[tcp://172.18.0.1:40982] | org.apache.activemq.transport.AbstractInactivityMonitor | ActiveMQ InactivityMonitor Worker
2025-10-29 02:31:01,589 | DEBUG | Checkpoint started. | org.apache.activemq.store.kahadb.MessageDatabase | ActiveMQ Journal Checkpoint Worker
2025-10-29 02:31:01,606 | DEBUG | Checkpoint done. | org.apache.activemq.store.kahadb.MessageDatabase | ActiveMQ Journal Checkpoint Worker
2025-10-29 02:31:06,073 | DEBUG | WriteChecker 10000 ms elapsed since last write check. | org.apache.activemq.transport.AbstractInactivityMonitor | ActiveMQ InactivityMonitor WriteCheckTimer
2025-10-29 02:31:06,074 | DEBUG | Running WriteCheck[tcp://172.18.0.1:49490] | org.apache.activemq.transport.AbstractInactivityMonitor | ActiveMQ InactivityMonitor Worker
2025-10-29 02:31:06,106 | DEBUG | WriteChecker 10000 ms elapsed since last write check. | org.apache.activemq.transport.AbstractInactivityMonitor | ActiveMQ InactivityMonitor WriteCheckTimer
2025-10-29 02:31:06,107 | DEBUG | Running WriteCheck[tcp://172.18.0.1:49496] | org.apache.activemq.transport.AbstractInactivityMonitor | ActiveMQ InactivityMonitor Worker
2025-10-29 02:31:06,609 | DEBUG | Checkpoint started. | org.apache.activemq.store.kahadb.MessageDatabase | ActiveMQ Journal Checkpoint Worker
2025-10-29 02:31:06,625 | DEBUG | Checkpoint done. | org.apache.activemq.store.kahadb.MessageDatabase | ActiveMQ Journal Checkpoint Worker
2025-10-29 02:31:09,476 | DEBUG | queue://Consumer.A.VirtualTopic.Analysis expiring messages .. | org.apache.activemq.broker.region.Queue | ActiveMQ Broker[localhost] Scheduler
2025-10-29 02:31:09,476 | DEBUG | Consumer.A.VirtualTopic.Analysis toPageIn: 0, Inflight: 0, pagedInMessages.size 0, enqueueCount: 0, dequeueCount: 0 | org.apache.activemq.broker.region.Queue | ActiveMQ Broker[localhost] Scheduler
2025-10-29 02:31:09,477 | DEBUG | queue://Consumer.A.VirtualTopic.Analysis expiring messages done. | org.apache.activemq.broker.region.Queue | ActiveMQ Broker[localhost] Scheduler
2025-10-29 02:31:09,532 | DEBUG | queue://queue.analysis expiring messages .. | org.apache.activemq.broker.region.Queue | ActiveMQ Broker[localhost] Scheduler
2025-10-29 02:31:09,532 | DEBUG | queue.analysis toPageIn: 0, Inflight: 0, pagedInMessages.size 0, enqueueCount: 0, dequeueCount: 0 | org.apache.activemq.broker.region.Queue | ActiveMQ Broker[localhost] Scheduler
2025-10-29 02:31:09,533 | DEBUG | queue://queue.analysis expiring messages done. | org.apache.activemq.broker.region.Queue | ActiveMQ Broker[localhost] Scheduler
2025-10-29 02:31:09,885 | DEBUG | WriteChecker 10000 ms elapsed since last write check. | org.apache.activemq.transport.AbstractInactivityMonitor | ActiveMQ InactivityMonitor WriteCheckTimer
2025-10-29 02:31:09,885 | DEBUG | Running WriteCheck[tcp://172.18.0.1:40982] | org.apache.activemq.transport.AbstractInactivityMonitor | ActiveMQ InactivityMonitor Worker
2025-10-29 02:31:11,627 | DEBUG | Checkpoint started. | org.apache.activemq.store.kahadb.MessageDatabase | ActiveMQ Journal Checkpoint Worker
2025-10-29 02:31:11,644 | DEBUG | Checkpoint done. | org.apache.activemq.store.kahadb.MessageDatabase | ActiveMQ Journal Checkpoint Worker
2025-10-29 02:31:16,074 | DEBUG | WriteChecker 10001 ms elapsed since last write check. | org.apache.activemq.transport.AbstractInactivityMonitor | ActiveMQ InactivityMonitor WriteCheckTimer
2025-10-29 02:31:16,075 | DEBUG | Running WriteCheck[tcp://172.18.0.1:49490] | org.apache.activemq.transport.AbstractInactivityMonitor | ActiveMQ InactivityMonitor Worker
2025-10-29 02:31:16,107 | DEBUG | WriteChecker 10001 ms elapsed since last write check. | org.apache.activemq.transport.AbstractInactivityMonitor | ActiveMQ InactivityMonitor WriteCheckTimer
2025-10-29 02:31:16,107 | DEBUG | Running WriteCheck[tcp://172.18.0.1:49496] | org.apache.activemq.transport.AbstractInactivityMonitor | ActiveMQ InactivityMonitor Worker
2025-10-29 02:31:16,646 | DEBUG | Checkpoint started. | org.apache.activemq.store.kahadb.MessageDatabase | ActiveMQ Journal Checkpoint Worker
2025-10-29 02:31:16,661 | DEBUG | Checkpoint done. | org.apache.activemq.store.kahadb.MessageDatabase | ActiveMQ Journal Checkpoint Worker
2025-10-29 02:31:19,885 | DEBUG | WriteChecker 10000 ms elapsed since last write check. | org.apache.activemq.transport.AbstractInactivityMonitor | ActiveMQ InactivityMonitor WriteCheckTimer
2025-10-29 02:31:19,886 | DEBUG | Running WriteCheck[tcp://172.18.0.1:40982] | org.apache.activemq.transport.AbstractInactivityMonitor | ActiveMQ InactivityMonitor Worker
2025-10-29 02:31:20,069 | DEBUG | queue://analysis.queue expiring messages .. | org.apache.activemq.broker.region.Queue | ActiveMQ Broker[localhost] Scheduler
2025-10-29 02:31:20,069 | DEBUG | analysis.queue toPageIn: 0, Inflight: 0, pagedInMessages.size 1, enqueueCount: 1, dequeueCount: 0 | org.apache.activemq.broker.region.Queue | ActiveMQ Broker[localhost] Scheduler
2025-10-29 02:31:20,069 | DEBUG | queue://analysis.queue expiring messages done. | org.apache.activemq.broker.region.Queue | ActiveMQ Broker[localhost] Scheduler
2025-10-29 02:31:20,069 | DEBUG | analysis.queue toPageIn: 0, Inflight: 0, pagedInMessages.size 1, enqueueCount: 1, dequeueCount: 0 | org.apache.activemq.broker.region.Queue | ActiveMQ BrokerService[localhost] Task-17
2025-10-29 02:31:21,664 | DEBUG | Checkpoint started. | org.apache.activemq.store.kahadb.MessageDatabase | ActiveMQ Journal Checkpoint Worker
2025-10-29 02:31:21,678 | DEBUG | Checkpoint done. | org.apache.activemq.store.kahadb.MessageDatabase | ActiveMQ Journal Checkpoint Worker
2025-10-29 02:31:26,071 | DEBUG | 30000 ms elapsed since last read check. | org.apache.activemq.transport.AbstractInactivityMonitor | ActiveMQ InactivityMonitor ReadCheckTimer
2025-10-29 02:31:26,074 | DEBUG | WriteChecker 10000 ms elapsed since last write check. | org.apache.activemq.transport.AbstractInactivityMonitor | ActiveMQ InactivityMonitor WriteCheckTimer
2025-10-29 02:31:26,075 | DEBUG | Running WriteCheck[tcp://172.18.0.1:49490] | org.apache.activemq.transport.AbstractInactivityMonitor | ActiveMQ InactivityMonitor Worker
2025-10-29 02:31:26,105 | DEBUG | 30000 ms elapsed since last read check. | org.apache.activemq.transport.AbstractInactivityMonitor | ActiveMQ InactivityMonitor ReadCheckTimer
2025-10-29 02:31:26,107 | DEBUG | WriteChecker 10000 ms elapsed since last write check. | org.apache.activemq.transport.AbstractInactivityMonitor | ActiveMQ InactivityMonitor WriteCheckTimer
2025-10-29 02:31:26,107 | DEBUG | Running WriteCheck[tcp://172.18.0.1:49496] | org.apache.activemq.transport.AbstractInactivityMonitor | ActiveMQ InactivityMonitor Worker
2025-10-29 02:31:26,679 | DEBUG | Checkpoint started. | org.apache.activemq.store.kahadb.MessageDatabase | ActiveMQ Journal Checkpoint Worker
2025-10-29 02:31:26,695 | DEBUG | Checkpoint done. | org.apache.activemq.store.kahadb.MessageDatabase | ActiveMQ Journal Checkpoint Worker
2025-10-29 02:31:29,008 | DEBUG | temp-queue://ID:351d5895b329-37485-1761699249168-2:3:1 expiring messages .. | org.apache.activemq.broker.region.Queue | ActiveMQ Broker[localhost] Scheduler
2025-10-29 02:31:29,009 | DEBUG | ID:351d5895b329-37485-1761699249168-2:3:1 toPageIn: 0, Inflight: 0, pagedInMessages.size 0, enqueueCount: 0, dequeueCount: 0 | org.apache.activemq.broker.region.Queue | ActiveMQ Broker[localhost] Scheduler
2025-10-29 02:31:29,009 | DEBUG | temp-queue://ID:351d5895b329-37485-1761699249168-2:3:1 expiring messages done. | org.apache.activemq.broker.region.Queue | ActiveMQ Broker[localhost] Scheduler
2025-10-29 02:31:29,838 | DEBUG | 30000 ms elapsed since last read check. | org.apache.activemq.transport.AbstractInactivityMonitor | ActiveMQ InactivityMonitor ReadCheckTimer
2025-10-29 02:31:29,885 | DEBUG | WriteChecker 10000 ms elapsed since last write check. | org.apache.activemq.transport.AbstractInactivityMonitor | ActiveMQ InactivityMonitor WriteCheckTimer
2025-10-29 02:31:29,886 | DEBUG | Running WriteCheck[tcp://172.18.0.1:40982] | org.apache.activemq.transport.AbstractInactivityMonitor | ActiveMQ InactivityMonitor Worker
2025-10-29 02:31:31,698 | DEBUG | Checkpoint started. | org.apache.activemq.store.kahadb.MessageDatabase | ActiveMQ Journal Checkpoint Worker
2025-10-29 02:31:31,714 | DEBUG | Checkpoint done. | org.apache.activemq.store.kahadb.MessageDatabase | ActiveMQ Journal Checkpoint Worker
2025-10-29 02:31:36,074 | DEBUG | WriteChecker 10000 ms elapsed since last write check. | org.apache.activemq.transport.AbstractInactivityMonitor | ActiveMQ InactivityMonitor WriteCheckTimer
2025-10-29 02:31:36,075 | DEBUG | Running WriteCheck[tcp://172.18.0.1:49490] | org.apache.activemq.transport.AbstractInactivityMonitor | ActiveMQ InactivityMonitor Worker
2025-10-29 02:31:36,107 | DEBUG | WriteChecker 10000 ms elapsed since last write check. | org.apache.activemq.transport.AbstractInactivityMonitor | ActiveMQ InactivityMonitor WriteCheckTimer
2025-10-29 02:31:36,107 | DEBUG | Running WriteCheck[tcp://172.18.0.1:49496] | org.apache.activemq.transport.AbstractInactivityMonitor | ActiveMQ InactivityMonitor Worker
2025-10-29 02:31:36,716 | DEBUG | Checkpoint started. | org.apache.activemq.store.kahadb.MessageDatabase | ActiveMQ Journal Checkpoint Worker
2025-10-29 02:31:36,729 | DEBUG | Checkpoint done. | org.apache.activemq.store.kahadb.MessageDatabase | ActiveMQ Journal Checkpoint Worker
2025-10-29 02:31:39,476 | DEBUG | queue://Consumer.A.VirtualTopic.Analysis expiring messages .. | org.apache.activemq.broker.region.Queue | ActiveMQ Broker[localhost] Scheduler
2025-10-29 02:31:39,476 | DEBUG | Consumer.A.VirtualTopic.Analysis toPageIn: 0, Inflight: 0, pagedInMessages.size 0, enqueueCount: 0, dequeueCount: 0 | org.apache.activemq.broker.region.Queue | ActiveMQ Broker[localhost] Scheduler
2025-10-29 02:31:39,476 | DEBUG | queue://Consumer.A.VirtualTopic.Analysis expiring messages done. | org.apache.activemq.broker.region.Queue | ActiveMQ Broker[localhost] Scheduler
2025-10-29 02:31:39,533 | DEBUG | queue://queue.analysis expiring messages .. | org.apache.activemq.broker.region.Queue | ActiveMQ Broker[localhost] Scheduler
2025-10-29 02:31:39,533 | DEBUG | queue.analysis toPageIn: 0, Inflight: 0, pagedInMessages.size 0, enqueueCount: 0, dequeueCount: 0 | org.apache.activemq.broker.region.Queue | ActiveMQ Broker[localhost] Scheduler
2025-10-29 02:31:39,533 | DEBUG | queue://queue.analysis expiring messages done. | org.apache.activemq.broker.region.Queue | ActiveMQ Broker[localhost] Scheduler
2025-10-29 02:31:39,885 | DEBUG | WriteChecker 10000 ms elapsed since last write check. | org.apache.activemq.transport.AbstractInactivityMonitor | ActiveMQ InactivityMonitor WriteCheckTimer
2025-10-29 02:31:39,886 | DEBUG | Running WriteCheck[tcp://172.18.0.1:40982] | org.apache.activemq.transport.AbstractInactivityMonitor | ActiveMQ InactivityMonitor Worker
2025-10-29 02:31:41,731 | DEBUG | Checkpoint started. | org.apache.activemq.store.kahadb.MessageDatabase | ActiveMQ Journal Checkpoint Worker
2025-10-29 02:31:41,748 | DEBUG | Checkpoint done. | org.apache.activemq.store.kahadb.MessageDatabase | ActiveMQ Journal Checkpoint Worker
2025-10-29 02:31:46,075 | DEBUG | WriteChecker 10001 ms elapsed since last write check. | org.apache.activemq.transport.AbstractInactivityMonitor | ActiveMQ InactivityMonitor WriteCheckTimer
2025-10-29 02:31:46,076 | DEBUG | Running WriteCheck[tcp://172.18.0.1:49490] | org.apache.activemq.transport.AbstractInactivityMonitor | ActiveMQ InactivityMonitor Worker
2025-10-29 02:31:46,107 | DEBUG | WriteChecker 10000 ms elapsed since last write check. | org.apache.activemq.transport.AbstractInactivityMonitor | ActiveMQ InactivityMonitor WriteCheckTimer
2025-10-29 02:31:46,108 | DEBUG | Running WriteCheck[tcp://172.18.0.1:49496] | org.apache.activemq.transport.AbstractInactivityMonitor | ActiveMQ InactivityMonitor Worker
2025-10-29 02:31:46,750 | DEBUG | Checkpoint started. | org.apache.activemq.store.kahadb.MessageDatabase | ActiveMQ Journal Checkpoint Worker
2025-10-29 02:31:46,766 | DEBUG | Checkpoint done. | org.apache.activemq.store.kahadb.MessageDatabase | ActiveMQ Journal Checkpoint Worker
2025-10-29 02:31:49,886 | DEBUG | WriteChecker 10001 ms elapsed since last write check. | org.apache.activemq.transport.AbstractInactivityMonitor | ActiveMQ InactivityMonitor WriteCheckTimer
2025-10-29 02:31:49,886 | DEBUG | Running WriteCheck[tcp://172.18.0.1:40982] | org.apache.activemq.transport.AbstractInactivityMonitor | ActiveMQ InactivityMonitor Worker
2025-10-29 02:31:50,070 | DEBUG | queue://analysis.queue expiring messages .. | org.apache.activemq.broker.region.Queue | ActiveMQ Broker[localhost] Scheduler
2025-10-29 02:31:50,070 | DEBUG | analysis.queue toPageIn: 0, Inflight: 0, pagedInMessages.size 1, enqueueCount: 1, dequeueCount: 0 | org.apache.activemq.broker.region.Queue | ActiveMQ Broker[localhost] Scheduler
2025-10-29 02:31:50,070 | DEBUG | queue://analysis.queue expiring messages done. | org.apache.activemq.broker.region.Queue | ActiveMQ Broker[localhost] Scheduler
2025-10-29 02:31:50,070 | DEBUG | analysis.queue toPageIn: 0, Inflight: 0, pagedInMessages.size 1, enqueueCount: 1, dequeueCount: 0 | org.apache.activemq.broker.region.Queue | ActiveMQ BrokerService[localhost] Task-17
2025-10-29 02:31:51,769 | DEBUG | Checkpoint started. | org.apache.activemq.store.kahadb.MessageDatabase | ActiveMQ Journal Checkpoint Worker
2025-10-29 02:31:51,784 | DEBUG | Checkpoint done. | org.apache.activemq.store.kahadb.MessageDatabase | ActiveMQ Journal Checkpoint Worker
2025-10-29 02:31:56,072 | DEBUG | 30001 ms elapsed since last read check. | org.apache.activemq.transport.AbstractInactivityMonitor | ActiveMQ InactivityMonitor ReadCheckTimer
2025-10-29 02:31:56,075 | DEBUG | WriteChecker 10000 ms elapsed since last write check. | org.apache.activemq.transport.AbstractInactivityMonitor | ActiveMQ InactivityMonitor WriteCheckTimer
2025-10-29 02:31:56,076 | DEBUG | Running WriteCheck[tcp://172.18.0.1:49490] | org.apache.activemq.transport.AbstractInactivityMonitor | ActiveMQ InactivityMonitor Worker
2025-10-29 02:31:56,105 | DEBUG | 30000 ms elapsed since last read check. | org.apache.activemq.transport.AbstractInactivityMonitor | ActiveMQ InactivityMonitor ReadCheckTimer
2025-10-29 02:31:56,107 | DEBUG | WriteChecker 10000 ms elapsed since last write check. | org.apache.activemq.transport.AbstractInactivityMonitor | ActiveMQ InactivityMonitor WriteCheckTimer
2025-10-29 02:31:56,107 | DEBUG | Running WriteCheck[tcp://172.18.0.1:49496] | org.apache.activemq.transport.AbstractInactivityMonitor | ActiveMQ InactivityMonitor Worker
2025-10-29 02:31:56,785 | DEBUG | Checkpoint started. | org.apache.activemq.store.kahadb.MessageDatabase | ActiveMQ Journal Checkpoint Worker
2025-10-29 02:31:56,802 | DEBUG | Checkpoint done. | org.apache.activemq.store.kahadb.MessageDatabase | ActiveMQ Journal Checkpoint Worker
2025-10-29 02:31:59,008 | DEBUG | temp-queue://ID:351d5895b329-37485-1761699249168-2:3:1 expiring messages .. | org.apache.activemq.broker.region.Queue | ActiveMQ Broker[localhost] Scheduler
2025-10-29 02:31:59,009 | DEBUG | ID:351d5895b329-37485-1761699249168-2:3:1 toPageIn: 0, Inflight: 0, pagedInMessages.size 0, enqueueCount: 0, dequeueCount: 0 | org.apache.activemq.broker.region.Queue | ActiveMQ Broker[localhost] Scheduler
2025-10-29 02:31:59,009 | DEBUG | temp-queue://ID:351d5895b329-37485-1761699249168-2:3:1 expiring messages done. | org.apache.activemq.broker.region.Queue | ActiveMQ Broker[localhost] Scheduler
2025-10-29 02:31:59,839 | DEBUG | 30001 ms elapsed since last read check. | org.apache.activemq.transport.AbstractInactivityMonitor | ActiveMQ InactivityMonitor ReadCheckTimer
2025-10-29 02:31:59,887 | DEBUG | WriteChecker 10001 ms elapsed since last write check. | org.apache.activemq.transport.AbstractInactivityMonitor | ActiveMQ InactivityMonitor WriteCheckTimer
2025-10-29 02:31:59,887 | DEBUG | Running WriteCheck[tcp://172.18.0.1:40982] | org.apache.activemq.transport.AbstractInactivityMonitor | ActiveMQ InactivityMonitor Worker
2025-10-29 02:32:01,805 | DEBUG | Checkpoint started. | org.apache.activemq.store.kahadb.MessageDatabase | ActiveMQ Journal Checkpoint Worker
2025-10-29 02:32:01,818 | DEBUG | Checkpoint done. | org.apache.activemq.store.kahadb.MessageDatabase | ActiveMQ Journal Checkpoint Worker
2025-10-29 02:32:06,075 | DEBUG | WriteChecker 10000 ms elapsed since last write check. | org.apache.activemq.transport.AbstractInactivityMonitor | ActiveMQ InactivityMonitor WriteCheckTimer
2025-10-29 02:32:06,076 | DEBUG | Running WriteCheck[tcp://172.18.0.1:49490] | org.apache.activemq.transport.AbstractInactivityMonitor | ActiveMQ InactivityMonitor Worker
2025-10-29 02:32:06,107 | DEBUG | WriteChecker 10000 ms elapsed since last write check. | org.apache.activemq.transport.AbstractInactivityMonitor | ActiveMQ InactivityMonitor WriteCheckTimer
2025-10-29 02:32:06,107 | DEBUG | Running WriteCheck[tcp://172.18.0.1:49496] | org.apache.activemq.transport.AbstractInactivityMonitor | ActiveMQ InactivityMonitor Worker
2025-10-29 02:32:06,820 | DEBUG | Checkpoint started. | org.apache.activemq.store.kahadb.MessageDatabase | ActiveMQ Journal Checkpoint Worker
2025-10-29 02:32:06,834 | DEBUG | Checkpoint done. | org.apache.activemq.store.kahadb.MessageDatabase | ActiveMQ Journal Checkpoint Worker
2025-10-29 02:32:09,476 | DEBUG | queue://Consumer.A.VirtualTopic.Analysis expiring messages .. | org.apache.activemq.broker.region.Queue | ActiveMQ Broker[localhost] Scheduler
2025-10-29 02:32:09,477 | DEBUG | Consumer.A.VirtualTopic.Analysis toPageIn: 0, Inflight: 0, pagedInMessages.size 0, enqueueCount: 0, dequeueCount: 0 | org.apache.activemq.broker.region.Queue | ActiveMQ Broker[localhost] Scheduler
2025-10-29 02:32:09,477 | DEBUG | queue://Consumer.A.VirtualTopic.Analysis expiring messages done. | org.apache.activemq.broker.region.Queue | ActiveMQ Broker[localhost] Scheduler
2025-10-29 02:32:09,533 | DEBUG | queue://queue.analysis expiring messages .. | org.apache.activemq.broker.region.Queue | ActiveMQ Broker[localhost] Scheduler
2025-10-29 02:32:09,534 | DEBUG | queue.analysis toPageIn: 0, Inflight: 0, pagedInMessages.size 0, enqueueCount: 0, dequeueCount: 0 | org.apache.activemq.broker.region.Queue | ActiveMQ Broker[localhost] Scheduler
2025-10-29 02:32:09,534 | DEBUG | queue://queue.analysis expiring messages done. | org.apache.activemq.broker.region.Queue | ActiveMQ Broker[localhost] Scheduler
2025-10-29 02:32:09,888 | DEBUG | WriteChecker 10001 ms elapsed since last write check. | org.apache.activemq.transport.AbstractInactivityMonitor | ActiveMQ InactivityMonitor WriteCheckTimer
2025-10-29 02:32:09,888 | DEBUG | Running WriteCheck[tcp://172.18.0.1:40982] | org.apache.activemq.transport.AbstractInactivityMonitor | ActiveMQ InactivityMonitor Worker
2025-10-29 02:32:11,836 | DEBUG | Checkpoint started. | org.apache.activemq.store.kahadb.MessageDatabase | ActiveMQ Journal Checkpoint Worker
2025-10-29 02:32:11,850 | DEBUG | Checkpoint done. | org.apache.activemq.store.kahadb.MessageDatabase | ActiveMQ Journal Checkpoint Worker
2025-10-29 02:32:16,075 | DEBUG | WriteChecker 10000 ms elapsed since last write check. | org.apache.activemq.transport.AbstractInactivityMonitor | ActiveMQ InactivityMonitor WriteCheckTimer
2025-10-29 02:32:16,076 | DEBUG | Running WriteCheck[tcp://172.18.0.1:49490] | org.apache.activemq.transport.AbstractInactivityMonitor | ActiveMQ InactivityMonitor Worker
2025-10-29 02:32:16,107 | DEBUG | WriteChecker 10000 ms elapsed since last write check. | org.apache.activemq.transport.AbstractInactivityMonitor | ActiveMQ InactivityMonitor WriteCheckTimer
2025-10-29 02:32:16,108 | DEBUG | Running WriteCheck[tcp://172.18.0.1:49496] | org.apache.activemq.transport.AbstractInactivityMonitor | ActiveMQ InactivityMonitor Worker
2025-10-29 02:32:16,852 | DEBUG | Checkpoint started. | org.apache.activemq.store.kahadb.MessageDatabase | ActiveMQ Journal Checkpoint Worker
2025-10-29 02:32:16,866 | DEBUG | Checkpoint done. | org.apache.activemq.store.kahadb.MessageDatabase | ActiveMQ Journal Checkpoint Worker
2025-10-29 02:32:19,888 | DEBUG | WriteChecker 10000 ms elapsed since last write check. | org.apache.activemq.transport.AbstractInactivityMonitor | ActiveMQ InactivityMonitor WriteCheckTimer
2025-10-29 02:32:19,889 | DEBUG | Running WriteCheck[tcp://172.18.0.1:40982] | org.apache.activemq.transport.AbstractInactivityMonitor | ActiveMQ InactivityMonitor Worker
2025-10-29 02:32:20,070 | DEBUG | queue://analysis.queue expiring messages .. | org.apache.activemq.broker.region.Queue | ActiveMQ Broker[localhost] Scheduler
2025-10-29 02:32:20,071 | DEBUG | analysis.queue toPageIn: 0, Inflight: 0, pagedInMessages.size 1, enqueueCount: 1, dequeueCount: 0 | org.apache.activemq.broker.region.Queue | ActiveMQ Broker[localhost] Scheduler
2025-10-29 02:32:20,071 | DEBUG | queue://analysis.queue expiring messages done. | org.apache.activemq.broker.region.Queue | ActiveMQ Broker[localhost] Scheduler
2025-10-29 02:32:20,071 | DEBUG | analysis.queue toPageIn: 0, Inflight: 0, pagedInMessages.size 1, enqueueCount: 1, dequeueCount: 0 | org.apache.activemq.broker.region.Queue | ActiveMQ BrokerService[localhost] Task-17
2025-10-29 02:32:21,868 | DEBUG | Checkpoint started. | org.apache.activemq.store.kahadb.MessageDatabase | ActiveMQ Journal Checkpoint Worker
2025-10-29 02:32:21,883 | DEBUG | Checkpoint done. | org.apache.activemq.store.kahadb.MessageDatabase | ActiveMQ Journal Checkpoint Worker
2025-10-29 02:32:26,072 | DEBUG | 30000 ms elapsed since last read check. | org.apache.activemq.transport.AbstractInactivityMonitor | ActiveMQ InactivityMonitor ReadCheckTimer
2025-10-29 02:32:26,076 | DEBUG | WriteChecker 10000 ms elapsed since last write check. | org.apache.activemq.transport.AbstractInactivityMonitor | ActiveMQ InactivityMonitor WriteCheckTimer
2025-10-29 02:32:26,079 | DEBUG | Running WriteCheck[tcp://172.18.0.1:49490] | org.apache.activemq.transport.AbstractInactivityMonitor | ActiveMQ InactivityMonitor Worker
2025-10-29 02:32:26,105 | DEBUG | 30000 ms elapsed since last read check. | org.apache.activemq.transport.AbstractInactivityMonitor | ActiveMQ InactivityMonitor ReadCheckTimer
2025-10-29 02:32:26,107 | DEBUG | WriteChecker 10000 ms elapsed since last write check. | org.apache.activemq.transport.AbstractInactivityMonitor | ActiveMQ InactivityMonitor WriteCheckTimer
2025-10-29 02:32:26,108 | DEBUG | Running WriteCheck[tcp://172.18.0.1:49496] | org.apache.activemq.transport.AbstractInactivityMonitor | ActiveMQ InactivityMonitor Worker
2025-10-29 02:32:26,884 | DEBUG | Checkpoint started. | org.apache.activemq.store.kahadb.MessageDatabase | ActiveMQ Journal Checkpoint Worker
2025-10-29 02:32:26,900 | DEBUG | Checkpoint done. | org.apache.activemq.store.kahadb.MessageDatabase | ActiveMQ Journal Checkpoint Worker
2025-10-29 02:32:29,008 | DEBUG | temp-queue://ID:351d5895b329-37485-1761699249168-2:3:1 expiring messages .. | org.apache.activemq.broker.region.Queue | ActiveMQ Broker[localhost] Scheduler
2025-10-29 02:32:29,008 | DEBUG | ID:351d5895b329-37485-1761699249168-2:3:1 toPageIn: 0, Inflight: 0, pagedInMessages.size 0, enqueueCount: 0, dequeueCount: 0 | org.apache.activemq.broker.region.Queue | ActiveMQ Broker[localhost] Scheduler
2025-10-29 02:32:29,009 | DEBUG | temp-queue://ID:351d5895b329-37485-1761699249168-2:3:1 expiring messages done. | org.apache.activemq.broker.region.Queue | ActiveMQ Broker[localhost] Scheduler
2025-10-29 02:32:29,840 | DEBUG | 30001 ms elapsed since last read check. | org.apache.activemq.transport.AbstractInactivityMonitor | ActiveMQ InactivityMonitor ReadCheckTimer
2025-10-29 02:32:29,888 | DEBUG | WriteChecker 10000 ms elapsed since last write check. | org.apache.activemq.transport.AbstractInactivityMonitor | ActiveMQ InactivityMonitor WriteCheckTimer
2025-10-29 02:32:29,889 | DEBUG | Running WriteCheck[tcp://172.18.0.1:40982] | org.apache.activemq.transport.AbstractInactivityMonitor | ActiveMQ InactivityMonitor Worker
2025-10-29 02:32:31,902 | DEBUG | Checkpoint started. | org.apache.activemq.store.kahadb.MessageDatabase | ActiveMQ Journal Checkpoint Worker
2025-10-29 02:32:31,915 | DEBUG | Checkpoint done. | org.apache.activemq.store.kahadb.MessageDatabase | ActiveMQ Journal Checkpoint Worker
2025-10-29 02:32:36,075 | DEBUG | WriteChecker 10000 ms elapsed since last write check. | org.apache.activemq.transport.AbstractInactivityMonitor | ActiveMQ InactivityMonitor WriteCheckTimer
2025-10-29 02:32:36,075 | DEBUG | Running WriteCheck[tcp://172.18.0.1:49490] | org.apache.activemq.transport.AbstractInactivityMonitor | ActiveMQ InactivityMonitor Worker
2025-10-29 02:32:36,108 | DEBUG | WriteChecker 10000 ms elapsed since last write check. | org.apache.activemq.transport.AbstractInactivityMonitor | ActiveMQ InactivityMonitor WriteCheckTimer
2025-10-29 02:32:36,108 | DEBUG | Running WriteCheck[tcp://172.18.0.1:49496] | org.apache.activemq.transport.AbstractInactivityMonitor | ActiveMQ InactivityMonitor Worker
2025-10-29 02:32:36,917 | DEBUG | Checkpoint started. | org.apache.activemq.store.kahadb.MessageDatabase | ActiveMQ Journal Checkpoint Worker
2025-10-29 02:32:36,931 | DEBUG | Checkpoint done. | org.apache.activemq.store.kahadb.MessageDatabase | ActiveMQ Journal Checkpoint Worker
2025-10-29 02:32:39,476 | DEBUG | queue://Consumer.A.VirtualTopic.Analysis expiring messages .. | org.apache.activemq.broker.region.Queue | ActiveMQ Broker[localhost] Scheduler
2025-10-29 02:32:39,477 | DEBUG | Consumer.A.VirtualTopic.Analysis toPageIn: 0, Inflight: 0, pagedInMessages.size 0, enqueueCount: 0, dequeueCount: 0 | org.apache.activemq.broker.region.Queue | ActiveMQ Broker[localhost] Scheduler
2025-10-29 02:32:39,477 | DEBUG | queue://Consumer.A.VirtualTopic.Analysis expiring messages done. | org.apache.activemq.broker.region.Queue | ActiveMQ Broker[localhost] Scheduler
2025-10-29 02:32:39,534 | DEBUG | queue://queue.analysis expiring messages .. | org.apache.activemq.broker.region.Queue | ActiveMQ Broker[localhost] Scheduler
2025-10-29 02:32:39,534 | DEBUG | queue.analysis toPageIn: 0, Inflight: 0, pagedInMessages.size 0, enqueueCount: 0, dequeueCount: 0 | org.apache.activemq.broker.region.Queue | ActiveMQ Broker[localhost] Scheduler
2025-10-29 02:32:39,534 | DEBUG | queue://queue.analysis expiring messages done. | org.apache.activemq.broker.region.Queue | ActiveMQ Broker[localhost] Scheduler
2025-10-29 02:32:39,888 | DEBUG | WriteChecker 10000 ms elapsed since last write check. | org.apache.activemq.transport.AbstractInactivityMonitor | ActiveMQ InactivityMonitor WriteCheckTimer
2025-10-29 02:32:39,889 | DEBUG | Running WriteCheck[tcp://172.18.0.1:40982] | org.apache.activemq.transport.AbstractInactivityMonitor | ActiveMQ InactivityMonitor Worker
2025-10-29 02:32:41,934 | DEBUG | Checkpoint started. | org.apache.activemq.store.kahadb.MessageDatabase | ActiveMQ Journal Checkpoint Worker
2025-10-29 02:32:41,948 | DEBUG | Checkpoint done. | org.apache.activemq.store.kahadb.MessageDatabase | ActiveMQ Journal Checkpoint Worker
2025-10-29 02:32:46,075 | DEBUG | WriteChecker 10000 ms elapsed since last write check. | org.apache.activemq.transport.AbstractInactivityMonitor | ActiveMQ InactivityMonitor WriteCheckTimer
2025-10-29 02:32:46,076 | DEBUG | Running WriteCheck[tcp://172.18.0.1:49490] | org.apache.activemq.transport.AbstractInactivityMonitor | ActiveMQ InactivityMonitor Worker
2025-10-29 02:32:46,107 | DEBUG | WriteChecker 10000 ms elapsed since last write check. | org.apache.activemq.transport.AbstractInactivityMonitor | ActiveMQ InactivityMonitor WriteCheckTimer
2025-10-29 02:32:46,107 | DEBUG | Running WriteCheck[tcp://172.18.0.1:49496] | org.apache.activemq.transport.AbstractInactivityMonitor | ActiveMQ InactivityMonitor Worker
2025-10-29 02:32:46,951 | DEBUG | Checkpoint started. | org.apache.activemq.store.kahadb.MessageDatabase | ActiveMQ Journal Checkpoint Worker
2025-10-29 02:32:46,966 | DEBUG | Checkpoint done. | org.apache.activemq.store.kahadb.MessageDatabase | ActiveMQ Journal Checkpoint Worker
2025-10-29 02:32:49,889 | DEBUG | WriteChecker 10001 ms elapsed since last write check. | org.apache.activemq.transport.AbstractInactivityMonitor | ActiveMQ InactivityMonitor WriteCheckTimer
2025-10-29 02:32:49,890 | DEBUG | Running WriteCheck[tcp://172.18.0.1:40982] | org.apache.activemq.transport.AbstractInactivityMonitor | ActiveMQ InactivityMonitor Worker
2025-10-29 02:32:50,070 | DEBUG | queue://analysis.queue expiring messages .. | org.apache.activemq.broker.region.Queue | ActiveMQ Broker[localhost] Scheduler
2025-10-29 02:32:50,071 | DEBUG | analysis.queue toPageIn: 0, Inflight: 0, pagedInMessages.size 1, enqueueCount: 1, dequeueCount: 0 | org.apache.activemq.broker.region.Queue | ActiveMQ Broker[localhost] Scheduler
2025-10-29 02:32:50,071 | DEBUG | queue://analysis.queue expiring messages done. | org.apache.activemq.broker.region.Queue | ActiveMQ Broker[localhost] Scheduler
2025-10-29 02:32:50,071 | DEBUG | analysis.queue toPageIn: 0, Inflight: 0, pagedInMessages.size 1, enqueueCount: 1, dequeueCount: 0 | org.apache.activemq.broker.region.Queue | ActiveMQ BrokerService[localhost] Task-17
2025-10-29 02:32:51,969 | DEBUG | Checkpoint started. | org.apache.activemq.store.kahadb.MessageDatabase | ActiveMQ Journal Checkpoint Worker
2025-10-29 02:32:51,983 | DEBUG | Checkpoint done. | org.apache.activemq.store.kahadb.MessageDatabase | ActiveMQ Journal Checkpoint Worker
2025-10-29 02:32:56,072 | DEBUG | 30000 ms elapsed since last read check. | org.apache.activemq.transport.AbstractInactivityMonitor | ActiveMQ InactivityMonitor ReadCheckTimer
2025-10-29 02:32:56,075 | DEBUG | WriteChecker 10000 ms elapsed since last write check. | org.apache.activemq.transport.AbstractInactivityMonitor | ActiveMQ InactivityMonitor WriteCheckTimer
2025-10-29 02:32:56,076 | DEBUG | Running WriteCheck[tcp://172.18.0.1:49490] | org.apache.activemq.transport.AbstractInactivityMonitor | ActiveMQ InactivityMonitor Worker
2025-10-29 02:32:56,106 | DEBUG | 30001 ms elapsed since last read check. | org.apache.activemq.transport.AbstractInactivityMonitor | ActiveMQ InactivityMonitor ReadCheckTimer
2025-10-29 02:32:56,107 | DEBUG | WriteChecker 10000 ms elapsed since last write check. | org.apache.activemq.transport.AbstractInactivityMonitor | ActiveMQ InactivityMonitor WriteCheckTimer
2025-10-29 02:32:56,107 | DEBUG | Running WriteCheck[tcp://172.18.0.1:49496] | org.apache.activemq.transport.AbstractInactivityMonitor | ActiveMQ InactivityMonitor Worker
2025-10-29 02:32:56,983 | DEBUG | Checkpoint started. | org.apache.activemq.store.kahadb.MessageDatabase | ActiveMQ Journal Checkpoint Worker
2025-10-29 02:32:57,004 | DEBUG | Checkpoint done. | org.apache.activemq.store.kahadb.MessageDatabase | ActiveMQ Journal Checkpoint Worker
2025-10-29 02:32:59,008 | DEBUG | temp-queue://ID:351d5895b329-37485-1761699249168-2:3:1 expiring messages .. | org.apache.activemq.broker.region.Queue | ActiveMQ Broker[localhost] Scheduler
2025-10-29 02:32:59,009 | DEBUG | ID:351d5895b329-37485-1761699249168-2:3:1 toPageIn: 0, Inflight: 0, pagedInMessages.size 0, enqueueCount: 0, dequeueCount: 0 | org.apache.activemq.broker.region.Queue | ActiveMQ Broker[localhost] Scheduler
2025-10-29 02:32:59,010 | DEBUG | temp-queue://ID:351d5895b329-37485-1761699249168-2:3:1 expiring messages done. | org.apache.activemq.broker.region.Queue | ActiveMQ Broker[localhost] Scheduler
2025-10-29 02:32:59,840 | DEBUG | 30000 ms elapsed since last read check. | org.apache.activemq.transport.AbstractInactivityMonitor | ActiveMQ InactivityMonitor ReadCheckTimer
2025-10-29 02:32:59,890 | DEBUG | WriteChecker 10001 ms elapsed since last write check. | org.apache.activemq.transport.AbstractInactivityMonitor | ActiveMQ InactivityMonitor WriteCheckTimer
2025-10-29 02:32:59,891 | DEBUG | Running WriteCheck[tcp://172.18.0.1:40982] | org.apache.activemq.transport.AbstractInactivityMonitor | ActiveMQ InactivityMonitor Worker
2025-10-29 02:33:02,009 | DEBUG | Checkpoint started. | org.apache.activemq.store.kahadb.MessageDatabase | ActiveMQ Journal Checkpoint Worker
2025-10-29 02:33:02,026 | DEBUG | Checkpoint done. | org.apache.activemq.store.kahadb.MessageDatabase | ActiveMQ Journal Checkpoint Worker
2025-10-29 02:33:06,075 | DEBUG | WriteChecker 10000 ms elapsed since last write check. | org.apache.activemq.transport.AbstractInactivityMonitor | ActiveMQ InactivityMonitor WriteCheckTimer
2025-10-29 02:33:06,075 | DEBUG | Running WriteCheck[tcp://172.18.0.1:49490] | org.apache.activemq.transport.AbstractInactivityMonitor | ActiveMQ InactivityMonitor Worker
2025-10-29 02:33:06,107 | DEBUG | WriteChecker 10000 ms elapsed since last write check. | org.apache.activemq.transport.AbstractInactivityMonitor | ActiveMQ InactivityMonitor WriteCheckTimer
2025-10-29 02:33:06,108 | DEBUG | Running WriteCheck[tcp://172.18.0.1:49496] | org.apache.activemq.transport.AbstractInactivityMonitor | ActiveMQ InactivityMonitor Worker
2025-10-29 02:33:07,027 | DEBUG | Checkpoint started. | org.apache.activemq.store.kahadb.MessageDatabase | ActiveMQ Journal Checkpoint Worker
2025-10-29 02:33:07,043 | DEBUG | Checkpoint done. | org.apache.activemq.store.kahadb.MessageDatabase | ActiveMQ Journal Checkpoint Worker
2025-10-29 02:33:09,476 | DEBUG | queue://Consumer.A.VirtualTopic.Analysis expiring messages .. | org.apache.activemq.broker.region.Queue | ActiveMQ Broker[localhost] Scheduler
2025-10-29 02:33:09,477 | DEBUG | Consumer.A.VirtualTopic.Analysis toPageIn: 0, Inflight: 0, pagedInMessages.size 0, enqueueCount: 0, dequeueCount: 0 | org.apache.activemq.broker.region.Queue | ActiveMQ Broker[localhost] Scheduler
2025-10-29 02:33:09,477 | DEBUG | queue://Consumer.A.VirtualTopic.Analysis expiring messages done. | org.apache.activemq.broker.region.Queue | ActiveMQ Broker[localhost] Scheduler
2025-10-29 02:33:09,534 | DEBUG | queue://queue.analysis expiring messages .. | org.apache.activemq.broker.region.Queue | ActiveMQ Broker[localhost] Scheduler
2025-10-29 02:33:09,535 | DEBUG | queue.analysis toPageIn: 0, Inflight: 0, pagedInMessages.size 0, enqueueCount: 0, dequeueCount: 0 | org.apache.activemq.broker.region.Queue | ActiveMQ Broker[localhost] Scheduler
2025-10-29 02:33:09,535 | DEBUG | queue://queue.analysis expiring messages done. | org.apache.activemq.broker.region.Queue | ActiveMQ Broker[localhost] Scheduler
2025-10-29 02:33:09,890 | DEBUG | WriteChecker 10000 ms elapsed since last write check. | org.apache.activemq.transport.AbstractInactivityMonitor | ActiveMQ InactivityMonitor WriteCheckTimer
2025-10-29 02:33:09,891 | DEBUG | Running WriteCheck[tcp://172.18.0.1:40982] | org.apache.activemq.transport.AbstractInactivityMonitor | ActiveMQ InactivityMonitor Worker
2025-10-29 02:33:12,045 | DEBUG | Checkpoint started. | org.apache.activemq.store.kahadb.MessageDatabase | ActiveMQ Journal Checkpoint Worker
2025-10-29 02:33:12,061 | DEBUG | Checkpoint done. | org.apache.activemq.store.kahadb.MessageDatabase | ActiveMQ Journal Checkpoint Worker
2025-10-29 02:33:16,075 | DEBUG | WriteChecker 10000 ms elapsed since last write check. | org.apache.activemq.transport.AbstractInactivityMonitor | ActiveMQ InactivityMonitor WriteCheckTimer
2025-10-29 02:33:16,075 | DEBUG | Running WriteCheck[tcp://172.18.0.1:49490] | org.apache.activemq.transport.AbstractInactivityMonitor | ActiveMQ InactivityMonitor Worker
2025-10-29 02:33:16,107 | DEBUG | WriteChecker 10000 ms elapsed since last write check. | org.apache.activemq.transport.AbstractInactivityMonitor | ActiveMQ InactivityMonitor WriteCheckTimer
2025-10-29 02:33:16,108 | DEBUG | Running WriteCheck[tcp://172.18.0.1:49496] | org.apache.activemq.transport.AbstractInactivityMonitor | ActiveMQ InactivityMonitor Worker
2025-10-29 02:33:17,063 | DEBUG | Checkpoint started. | org.apache.activemq.store.kahadb.MessageDatabase | ActiveMQ Journal Checkpoint Worker
2025-10-29 02:33:17,076 | DEBUG | Checkpoint done. | org.apache.activemq.store.kahadb.MessageDatabase | ActiveMQ Journal Checkpoint Worker
2025-10-29 02:33:19,890 | DEBUG | WriteChecker 10000 ms elapsed since last write check. | org.apache.activemq.transport.AbstractInactivityMonitor | ActiveMQ InactivityMonitor WriteCheckTimer
2025-10-29 02:33:19,891 | DEBUG | Running WriteCheck[tcp://172.18.0.1:40982] | org.apache.activemq.transport.AbstractInactivityMonitor | ActiveMQ InactivityMonitor Worker
2025-10-29 02:33:20,070 | DEBUG | queue://analysis.queue expiring messages .. | org.apache.activemq.broker.region.Queue | ActiveMQ Broker[localhost] Scheduler
2025-10-29 02:33:20,071 | DEBUG | analysis.queue toPageIn: 0, Inflight: 0, pagedInMessages.size 1, enqueueCount: 1, dequeueCount: 0 | org.apache.activemq.broker.region.Queue | ActiveMQ Broker[localhost] Scheduler
2025-10-29 02:33:20,072 | DEBUG | queue://analysis.queue expiring messages done. | org.apache.activemq.broker.region.Queue | ActiveMQ Broker[localhost] Scheduler
2025-10-29 02:33:20,072 | DEBUG | analysis.queue toPageIn: 0, Inflight: 0, pagedInMessages.size 1, enqueueCount: 1, dequeueCount: 0 | org.apache.activemq.broker.region.Queue | ActiveMQ BrokerService[localhost] Task-17
2025-10-29 02:33:22,079 | DEBUG | Checkpoint started. | org.apache.activemq.store.kahadb.MessageDatabase | ActiveMQ Journal Checkpoint Worker
2025-10-29 02:33:22,095 | DEBUG | Checkpoint done. | org.apache.activemq.store.kahadb.MessageDatabase | ActiveMQ Journal Checkpoint Worker
2025-10-29 02:33:26,072 | DEBUG | 30000 ms elapsed since last read check. | org.apache.activemq.transport.AbstractInactivityMonitor | ActiveMQ InactivityMonitor ReadCheckTimer
2025-10-29 02:33:26,076 | DEBUG | WriteChecker 10001 ms elapsed since last write check. | org.apache.activemq.transport.AbstractInactivityMonitor | ActiveMQ InactivityMonitor WriteCheckTimer
2025-10-29 02:33:26,076 | DEBUG | Running WriteCheck[tcp://172.18.0.1:49490] | org.apache.activemq.transport.AbstractInactivityMonitor | ActiveMQ InactivityMonitor Worker
2025-10-29 02:33:26,106 | DEBUG | 30000 ms elapsed since last read check. | org.apache.activemq.transport.AbstractInactivityMonitor | ActiveMQ InactivityMonitor ReadCheckTimer
2025-10-29 02:33:26,107 | DEBUG | WriteChecker 10000 ms elapsed since last write check. | org.apache.activemq.transport.AbstractInactivityMonitor | ActiveMQ InactivityMonitor WriteCheckTimer
2025-10-29 02:33:26,108 | DEBUG | Running WriteCheck[tcp://172.18.0.1:49496] | org.apache.activemq.transport.AbstractInactivityMonitor | ActiveMQ InactivityMonitor Worker
2025-10-29 02:33:27,096 | DEBUG | Checkpoint started. | org.apache.activemq.store.kahadb.MessageDatabase | ActiveMQ Journal Checkpoint Worker
2025-10-29 02:33:27,110 | DEBUG | Checkpoint done. | org.apache.activemq.store.kahadb.MessageDatabase | ActiveMQ Journal Checkpoint Worker
2025-10-29 02:33:29,008 | DEBUG | temp-queue://ID:351d5895b329-37485-1761699249168-2:3:1 expiring messages .. | org.apache.activemq.broker.region.Queue | ActiveMQ Broker[localhost] Scheduler
2025-10-29 02:33:29,009 | DEBUG | ID:351d5895b329-37485-1761699249168-2:3:1 toPageIn: 0, Inflight: 0, pagedInMessages.size 0, enqueueCount: 0, dequeueCount: 0 | org.apache.activemq.broker.region.Queue | ActiveMQ Broker[localhost] Scheduler
2025-10-29 02:33:29,009 | DEBUG | temp-queue://ID:351d5895b329-37485-1761699249168-2:3:1 expiring messages done. | org.apache.activemq.broker.region.Queue | ActiveMQ Broker[localhost] Scheduler
2025-10-29 02:33:29,840 | DEBUG | 30000 ms elapsed since last read check. | org.apache.activemq.transport.AbstractInactivityMonitor | ActiveMQ InactivityMonitor ReadCheckTimer
2025-10-29 02:33:29,890 | DEBUG | WriteChecker 10000 ms elapsed since last write check. | org.apache.activemq.transport.AbstractInactivityMonitor | ActiveMQ InactivityMonitor WriteCheckTimer
2025-10-29 02:33:29,890 | DEBUG | Running WriteCheck[tcp://172.18.0.1:40982] | org.apache.activemq.transport.AbstractInactivityMonitor | ActiveMQ InactivityMonitor Worker
2025-10-29 02:33:32,113 | DEBUG | Checkpoint started. | org.apache.activemq.store.kahadb.MessageDatabase | ActiveMQ Journal Checkpoint Worker
2025-10-29 02:33:32,127 | DEBUG | Checkpoint done. | org.apache.activemq.store.kahadb.MessageDatabase | ActiveMQ Journal Checkpoint Worker
2025-10-29 02:33:36,077 | DEBUG | WriteChecker 10001 ms elapsed since last write check. | org.apache.activemq.transport.AbstractInactivityMonitor | ActiveMQ InactivityMonitor WriteCheckTimer
2025-10-29 02:33:36,077 | DEBUG | Running WriteCheck[tcp://172.18.0.1:49490] | org.apache.activemq.transport.AbstractInactivityMonitor | ActiveMQ InactivityMonitor Worker
2025-10-29 02:33:36,107 | DEBUG | WriteChecker 10000 ms elapsed since last write check. | org.apache.activemq.transport.AbstractInactivityMonitor | ActiveMQ InactivityMonitor WriteCheckTimer
2025-10-29 02:33:36,108 | DEBUG | Running WriteCheck[tcp://172.18.0.1:49496] | org.apache.activemq.transport.AbstractInactivityMonitor | ActiveMQ InactivityMonitor Worker
2025-10-29 02:33:37,129 | DEBUG | Checkpoint started. | org.apache.activemq.store.kahadb.MessageDatabase | ActiveMQ Journal Checkpoint Worker
2025-10-29 02:33:37,146 | DEBUG | Checkpoint done. | org.apache.activemq.store.kahadb.MessageDatabase | ActiveMQ Journal Checkpoint Worker
2025-10-29 02:33:39,476 | DEBUG | queue://Consumer.A.VirtualTopic.Analysis expiring messages .. | org.apache.activemq.broker.region.Queue | ActiveMQ Broker[localhost] Scheduler
2025-10-29 02:33:39,477 | DEBUG | Consumer.A.VirtualTopic.Analysis toPageIn: 0, Inflight: 0, pagedInMessages.size 0, enqueueCount: 0, dequeueCount: 0 | org.apache.activemq.broker.region.Queue | ActiveMQ Broker[localhost] Scheduler
2025-10-29 02:33:39,477 | DEBUG | queue://Consumer.A.VirtualTopic.Analysis expiring messages done. | org.apache.activemq.broker.region.Queue | ActiveMQ Broker[localhost] Scheduler
2025-10-29 02:33:39,535 | DEBUG | queue://queue.analysis expiring messages .. | org.apache.activemq.broker.region.Queue | ActiveMQ Broker[localhost] Scheduler
2025-10-29 02:33:39,535 | DEBUG | queue.analysis toPageIn: 0, Inflight: 0, pagedInMessages.size 0, enqueueCount: 0, dequeueCount: 0 | org.apache.activemq.broker.region.Queue | ActiveMQ Broker[localhost] Scheduler
2025-10-29 02:33:39,535 | DEBUG | queue://queue.analysis expiring messages done. | org.apache.activemq.broker.region.Queue | ActiveMQ Broker[localhost] Scheduler
2025-10-29 02:33:39,891 | DEBUG | WriteChecker 10001 ms elapsed since last write check. | org.apache.activemq.transport.AbstractInactivityMonitor | ActiveMQ InactivityMonitor WriteCheckTimer
2025-10-29 02:33:39,891 | DEBUG | Running WriteCheck[tcp://172.18.0.1:40982] | org.apache.activemq.transport.AbstractInactivityMonitor | ActiveMQ InactivityMonitor Worker
2025-10-29 02:33:42,149 | DEBUG | Checkpoint started. | org.apache.activemq.store.kahadb.MessageDatabase | ActiveMQ Journal Checkpoint Worker
2025-10-29 02:33:42,164 | DEBUG | Checkpoint done. | org.apache.activemq.store.kahadb.MessageDatabase | ActiveMQ Journal Checkpoint Worker
2025-10-29 02:33:46,077 | DEBUG | WriteChecker 10000 ms elapsed since last write check. | org.apache.activemq.transport.AbstractInactivityMonitor | ActiveMQ InactivityMonitor WriteCheckTimer
2025-10-29 02:33:46,078 | DEBUG | Running WriteCheck[tcp://172.18.0.1:49490] | org.apache.activemq.transport.AbstractInactivityMonitor | ActiveMQ InactivityMonitor Worker
2025-10-29 02:33:46,107 | DEBUG | WriteChecker 10000 ms elapsed since last write check. | org.apache.activemq.transport.AbstractInactivityMonitor | ActiveMQ InactivityMonitor WriteCheckTimer
2025-10-29 02:33:46,107 | DEBUG | Running WriteCheck[tcp://172.18.0.1:49496] | org.apache.activemq.transport.AbstractInactivityMonitor | ActiveMQ InactivityMonitor Worker
2025-10-29 02:33:47,167 | DEBUG | Checkpoint started. | org.apache.activemq.store.kahadb.MessageDatabase | ActiveMQ Journal Checkpoint Worker
2025-10-29 02:33:47,179 | DEBUG | Checkpoint done. | org.apache.activemq.store.kahadb.MessageDatabase | ActiveMQ Journal Checkpoint Worker
2025-10-29 02:33:49,891 | DEBUG | WriteChecker 10000 ms elapsed since last write check. | org.apache.activemq.transport.AbstractInactivityMonitor | ActiveMQ InactivityMonitor WriteCheckTimer
2025-10-29 02:33:49,892 | DEBUG | Running WriteCheck[tcp://172.18.0.1:40982] | org.apache.activemq.transport.AbstractInactivityMonitor | ActiveMQ InactivityMonitor Worker
2025-10-29 02:33:50,070 | DEBUG | queue://analysis.queue expiring messages .. | org.apache.activemq.broker.region.Queue | ActiveMQ Broker[localhost] Scheduler
2025-10-29 02:33:50,071 | DEBUG | analysis.queue toPageIn: 0, Inflight: 0, pagedInMessages.size 1, enqueueCount: 1, dequeueCount: 0 | org.apache.activemq.broker.region.Queue | ActiveMQ Broker[localhost] Scheduler
2025-10-29 02:33:50,071 | DEBUG | queue://analysis.queue expiring messages done. | org.apache.activemq.broker.region.Queue | ActiveMQ Broker[localhost] Scheduler
2025-10-29 02:33:50,071 | DEBUG | analysis.queue toPageIn: 0, Inflight: 0, pagedInMessages.size 1, enqueueCount: 1, dequeueCount: 0 | org.apache.activemq.broker.region.Queue | ActiveMQ BrokerService[localhost] Task-17
2025-10-29 02:33:52,181 | DEBUG | Checkpoint started. | org.apache.activemq.store.kahadb.MessageDatabase | ActiveMQ Journal Checkpoint Worker
2025-10-29 02:33:52,200 | DEBUG | Checkpoint done. | org.apache.activemq.store.kahadb.MessageDatabase | ActiveMQ Journal Checkpoint Worker
2025-10-29 02:33:56,072 | DEBUG | 30000 ms elapsed since last read check. | org.apache.activemq.transport.AbstractInactivityMonitor | ActiveMQ InactivityMonitor ReadCheckTimer
2025-10-29 02:33:56,077 | DEBUG | WriteChecker 10000 ms elapsed since last write check. | org.apache.activemq.transport.AbstractInactivityMonitor | ActiveMQ InactivityMonitor WriteCheckTimer
2025-10-29 02:33:56,077 | DEBUG | Running WriteCheck[tcp://172.18.0.1:49490] | org.apache.activemq.transport.AbstractInactivityMonitor | ActiveMQ InactivityMonitor Worker
2025-10-29 02:33:56,106 | DEBUG | 30000 ms elapsed since last read check. | org.apache.activemq.transport.AbstractInactivityMonitor | ActiveMQ InactivityMonitor ReadCheckTimer
2025-10-29 02:33:56,107 | DEBUG | WriteChecker 10000 ms elapsed since last write check. | org.apache.activemq.transport.AbstractInactivityMonitor | ActiveMQ InactivityMonitor WriteCheckTimer
2025-10-29 02:33:56,108 | DEBUG | Running WriteCheck[tcp://172.18.0.1:49496] | org.apache.activemq.transport.AbstractInactivityMonitor | ActiveMQ InactivityMonitor Worker
2025-10-29 02:33:57,201 | DEBUG | Checkpoint started. | org.apache.activemq.store.kahadb.MessageDatabase | ActiveMQ Journal Checkpoint Worker
2025-10-29 02:33:57,216 | DEBUG | Checkpoint done. | org.apache.activemq.store.kahadb.MessageDatabase | ActiveMQ Journal Checkpoint Worker
2025-10-29 02:33:59,008 | DEBUG | temp-queue://ID:351d5895b329-37485-1761699249168-2:3:1 expiring messages .. | org.apache.activemq.broker.region.Queue | ActiveMQ Broker[localhost] Scheduler
2025-10-29 02:33:59,011 | DEBUG | ID:351d5895b329-37485-1761699249168-2:3:1 toPageIn: 0, Inflight: 0, pagedInMessages.size 0, enqueueCount: 0, dequeueCount: 0 | org.apache.activemq.broker.region.Queue | ActiveMQ Broker[localhost] Scheduler
2025-10-29 02:33:59,012 | DEBUG | temp-queue://ID:351d5895b329-37485-1761699249168-2:3:1 expiring messages done. | org.apache.activemq.broker.region.Queue | ActiveMQ Broker[localhost] Scheduler
2025-10-29 02:33:59,840 | DEBUG | 30000 ms elapsed since last read check. | org.apache.activemq.transport.AbstractInactivityMonitor | ActiveMQ InactivityMonitor ReadCheckTimer
2025-10-29 02:33:59,891 | DEBUG | WriteChecker 10000 ms elapsed since last write check. | org.apache.activemq.transport.AbstractInactivityMonitor | ActiveMQ InactivityMonitor WriteCheckTimer
2025-10-29 02:33:59,894 | DEBUG | Running WriteCheck[tcp://172.18.0.1:40982] | org.apache.activemq.transport.AbstractInactivityMonitor | ActiveMQ InactivityMonitor Worker
2025-10-29 02:34:02,219 | DEBUG | Checkpoint started. | org.apache.activemq.store.kahadb.MessageDatabase | ActiveMQ Journal Checkpoint Worker
2025-10-29 02:34:02,233 | DEBUG | Checkpoint done. | org.apache.activemq.store.kahadb.MessageDatabase | ActiveMQ Journal Checkpoint Worker
2025-10-29 02:34:06,077 | DEBUG | WriteChecker 10000 ms elapsed since last write check. | org.apache.activemq.transport.AbstractInactivityMonitor | ActiveMQ InactivityMonitor WriteCheckTimer
2025-10-29 02:34:06,078 | DEBUG | Running WriteCheck[tcp://172.18.0.1:49490] | org.apache.activemq.transport.AbstractInactivityMonitor | ActiveMQ InactivityMonitor Worker
2025-10-29 02:34:06,107 | DEBUG | WriteChecker 10000 ms elapsed since last write check. | org.apache.activemq.transport.AbstractInactivityMonitor | ActiveMQ InactivityMonitor WriteCheckTimer
2025-10-29 02:34:06,108 | DEBUG | Running WriteCheck[tcp://172.18.0.1:49496] | org.apache.activemq.transport.AbstractInactivityMonitor | ActiveMQ InactivityMonitor Worker
2025-10-29 02:34:07,236 | DEBUG | Checkpoint started. | org.apache.activemq.store.kahadb.MessageDatabase | ActiveMQ Journal Checkpoint Worker
2025-10-29 02:34:07,247 | DEBUG | Checkpoint done. | org.apache.activemq.store.kahadb.MessageDatabase | ActiveMQ Journal Checkpoint Worker
2025-10-29 02:34:09,476 | DEBUG | queue://Consumer.A.VirtualTopic.Analysis expiring messages .. | org.apache.activemq.broker.region.Queue | ActiveMQ Broker[localhost] Scheduler
2025-10-29 02:34:09,477 | DEBUG | Consumer.A.VirtualTopic.Analysis toPageIn: 0, Inflight: 0, pagedInMessages.size 0, enqueueCount: 0, dequeueCount: 0 | org.apache.activemq.broker.region.Queue | ActiveMQ Broker[localhost] Scheduler
2025-10-29 02:34:09,478 | DEBUG | queue://Consumer.A.VirtualTopic.Analysis expiring messages done. | org.apache.activemq.broker.region.Queue | ActiveMQ Broker[localhost] Scheduler
2025-10-29 02:34:09,536 | DEBUG | queue://queue.analysis expiring messages .. | org.apache.activemq.broker.region.Queue | ActiveMQ Broker[localhost] Scheduler
2025-10-29 02:34:09,537 | DEBUG | queue.analysis toPageIn: 0, Inflight: 0, pagedInMessages.size 0, enqueueCount: 0, dequeueCount: 0 | org.apache.activemq.broker.region.Queue | ActiveMQ Broker[localhost] Scheduler
2025-10-29 02:34:09,537 | DEBUG | queue://queue.analysis expiring messages done. | org.apache.activemq.broker.region.Queue | ActiveMQ Broker[localhost] Scheduler
2025-10-29 02:34:09,891 | DEBUG | WriteChecker 10000 ms elapsed since last write check. | org.apache.activemq.transport.AbstractInactivityMonitor | ActiveMQ InactivityMonitor WriteCheckTimer
2025-10-29 02:34:09,892 | DEBUG | Running WriteCheck[tcp://172.18.0.1:40982] | org.apache.activemq.transport.AbstractInactivityMonitor | ActiveMQ InactivityMonitor Worker
2025-10-29 02:34:12,250 | DEBUG | Checkpoint started. | org.apache.activemq.store.kahadb.MessageDatabase | ActiveMQ Journal Checkpoint Worker
2025-10-29 02:34:12,265 | DEBUG | Checkpoint done. | org.apache.activemq.store.kahadb.MessageDatabase | ActiveMQ Journal Checkpoint Worker
2025-10-29 02:34:16,080 | DEBUG | WriteChecker 10000 ms elapsed since last write check. | org.apache.activemq.transport.AbstractInactivityMonitor | ActiveMQ InactivityMonitor WriteCheckTimer
2025-10-29 02:34:16,080 | DEBUG | Running WriteCheck[tcp://172.18.0.1:49490] | org.apache.activemq.transport.AbstractInactivityMonitor | ActiveMQ InactivityMonitor Worker
2025-10-29 02:34:16,107 | DEBUG | WriteChecker 10000 ms elapsed since last write check. | org.apache.activemq.transport.AbstractInactivityMonitor | ActiveMQ InactivityMonitor WriteCheckTimer
2025-10-29 02:34:16,108 | DEBUG | Running WriteCheck[tcp://172.18.0.1:49496] | org.apache.activemq.transport.AbstractInactivityMonitor | ActiveMQ InactivityMonitor Worker
2025-10-29 02:34:17,267 | DEBUG | Checkpoint started. | org.apache.activemq.store.kahadb.MessageDatabase | ActiveMQ Journal Checkpoint Worker
2025-10-29 02:34:17,284 | DEBUG | Checkpoint done. | org.apache.activemq.store.kahadb.MessageDatabase | ActiveMQ Journal Checkpoint Worker
2025-10-29 02:34:19,891 | DEBUG | WriteChecker 10000 ms elapsed since last write check. | org.apache.activemq.transport.AbstractInactivityMonitor | ActiveMQ InactivityMonitor WriteCheckTimer
2025-10-29 02:34:19,892 | DEBUG | Running WriteCheck[tcp://172.18.0.1:40982] | org.apache.activemq.transport.AbstractInactivityMonitor | ActiveMQ InactivityMonitor Worker
2025-10-29 02:34:20,070 | DEBUG | queue://analysis.queue expiring messages .. | org.apache.activemq.broker.region.Queue | ActiveMQ Broker[localhost] Scheduler
2025-10-29 02:34:20,071 | DEBUG | analysis.queue toPageIn: 0, Inflight: 0, pagedInMessages.size 1, enqueueCount: 1, dequeueCount: 0 | org.apache.activemq.broker.region.Queue | ActiveMQ Broker[localhost] Scheduler
2025-10-29 02:34:20,072 | DEBUG | queue://analysis.queue expiring messages done. | org.apache.activemq.broker.region.Queue | ActiveMQ Broker[localhost] Scheduler
2025-10-29 02:34:20,072 | DEBUG | analysis.queue toPageIn: 0, Inflight: 0, pagedInMessages.size 1, enqueueCount: 1, dequeueCount: 0 | org.apache.activemq.broker.region.Queue | ActiveMQ BrokerService[localhost] Task-17
2025-10-29 02:34:22,286 | DEBUG | Checkpoint started. | org.apache.activemq.store.kahadb.MessageDatabase | ActiveMQ Journal Checkpoint Worker
2025-10-29 02:34:22,299 | DEBUG | Checkpoint done. | org.apache.activemq.store.kahadb.MessageDatabase | ActiveMQ Journal Checkpoint Worker
2025-10-29 02:34:26,072 | DEBUG | 30000 ms elapsed since last read check. | org.apache.activemq.transport.AbstractInactivityMonitor | ActiveMQ InactivityMonitor ReadCheckTimer
2025-10-29 02:34:26,077 | DEBUG | WriteChecker 10000 ms elapsed since last write check. | org.apache.activemq.transport.AbstractInactivityMonitor | ActiveMQ InactivityMonitor WriteCheckTimer
2025-10-29 02:34:26,078 | DEBUG | Running WriteCheck[tcp://172.18.0.1:49490] | org.apache.activemq.transport.AbstractInactivityMonitor | ActiveMQ InactivityMonitor Worker
2025-10-29 02:34:26,106 | DEBUG | 30000 ms elapsed since last read check. | org.apache.activemq.transport.AbstractInactivityMonitor | ActiveMQ InactivityMonitor ReadCheckTimer
2025-10-29 02:34:26,107 | DEBUG | WriteChecker 10000 ms elapsed since last write check. | org.apache.activemq.transport.AbstractInactivityMonitor | ActiveMQ InactivityMonitor WriteCheckTimer
2025-10-29 02:34:26,107 | DEBUG | Running WriteCheck[tcp://172.18.0.1:49496] | org.apache.activemq.transport.AbstractInactivityMonitor | ActiveMQ InactivityMonitor Worker
2025-10-29 02:34:27,299 | DEBUG | Checkpoint started. | org.apache.activemq.store.kahadb.MessageDatabase | ActiveMQ Journal Checkpoint Worker
2025-10-29 02:34:27,316 | DEBUG | Checkpoint done. | org.apache.activemq.store.kahadb.MessageDatabase | ActiveMQ Journal Checkpoint Worker
2025-10-29 02:34:29,009 | DEBUG | temp-queue://ID:351d5895b329-37485-1761699249168-2:3:1 expiring messages .. | org.apache.activemq.broker.region.Queue | ActiveMQ Broker[localhost] Scheduler
2025-10-29 02:34:29,009 | DEBUG | ID:351d5895b329-37485-1761699249168-2:3:1 toPageIn: 0, Inflight: 0, pagedInMessages.size 0, enqueueCount: 0, dequeueCount: 0 | org.apache.activemq.broker.region.Queue | ActiveMQ Broker[localhost] Scheduler
2025-10-29 02:34:29,010 | DEBUG | temp-queue://ID:351d5895b329-37485-1761699249168-2:3:1 expiring messages done. | org.apache.activemq.broker.region.Queue | ActiveMQ Broker[localhost] Scheduler
2025-10-29 02:34:29,841 | DEBUG | 30001 ms elapsed since last read check. | org.apache.activemq.transport.AbstractInactivityMonitor | ActiveMQ InactivityMonitor ReadCheckTimer
2025-10-29 02:34:29,891 | DEBUG | WriteChecker 10000 ms elapsed since last write check. | org.apache.activemq.transport.AbstractInactivityMonitor | ActiveMQ InactivityMonitor WriteCheckTimer
2025-10-29 02:34:29,892 | DEBUG | Running WriteCheck[tcp://172.18.0.1:40982] | org.apache.activemq.transport.AbstractInactivityMonitor | ActiveMQ InactivityMonitor Worker
2025-10-29 02:34:32,319 | DEBUG | Checkpoint started. | org.apache.activemq.store.kahadb.MessageDatabase | ActiveMQ Journal Checkpoint Worker
2025-10-29 02:34:32,334 | DEBUG | Checkpoint done. | org.apache.activemq.store.kahadb.MessageDatabase | ActiveMQ Journal Checkpoint Worker
2025-10-29 02:34:36,077 | DEBUG | WriteChecker 10000 ms elapsed since last write check. | org.apache.activemq.transport.AbstractInactivityMonitor | ActiveMQ InactivityMonitor WriteCheckTimer
2025-10-29 02:34:36,078 | DEBUG | Running WriteCheck[tcp://172.18.0.1:49490] | org.apache.activemq.transport.AbstractInactivityMonitor | ActiveMQ InactivityMonitor Worker
2025-10-29 02:34:36,107 | DEBUG | WriteChecker 10000 ms elapsed since last write check. | org.apache.activemq.transport.AbstractInactivityMonitor | ActiveMQ InactivityMonitor WriteCheckTimer
2025-10-29 02:34:36,107 | DEBUG | Running WriteCheck[tcp://172.18.0.1:49496] | org.apache.activemq.transport.AbstractInactivityMonitor | ActiveMQ InactivityMonitor Worker
2025-10-29 02:34:37,337 | DEBUG | Checkpoint started. | org.apache.activemq.store.kahadb.MessageDatabase | ActiveMQ Journal Checkpoint Worker
2025-10-29 02:34:37,350 | DEBUG | Checkpoint done. | org.apache.activemq.store.kahadb.MessageDatabase | ActiveMQ Journal Checkpoint Worker
2025-10-29 02:34:39,476 | DEBUG | queue://Consumer.A.VirtualTopic.Analysis expiring messages .. | org.apache.activemq.broker.region.Queue | ActiveMQ Broker[localhost] Scheduler
2025-10-29 02:34:39,476 | DEBUG | Consumer.A.VirtualTopic.Analysis toPageIn: 0, Inflight: 0, pagedInMessages.size 0, enqueueCount: 0, dequeueCount: 0 | org.apache.activemq.broker.region.Queue | ActiveMQ Broker[localhost] Scheduler
2025-10-29 02:34:39,476 | DEBUG | queue://Consumer.A.VirtualTopic.Analysis expiring messages done. | org.apache.activemq.broker.region.Queue | ActiveMQ Broker[localhost] Scheduler
2025-10-29 02:34:39,536 | DEBUG | queue://queue.analysis expiring messages .. | org.apache.activemq.broker.region.Queue | ActiveMQ Broker[localhost] Scheduler
2025-10-29 02:34:39,536 | DEBUG | queue.analysis toPageIn: 0, Inflight: 0, pagedInMessages.size 0, enqueueCount: 0, dequeueCount: 0 | org.apache.activemq.broker.region.Queue | ActiveMQ Broker[localhost] Scheduler
2025-10-29 02:34:39,537 | DEBUG | queue://queue.analysis expiring messages done. | org.apache.activemq.broker.region.Queue | ActiveMQ Broker[localhost] Scheduler
2025-10-29 02:34:39,892 | DEBUG | WriteChecker 10001 ms elapsed since last write check. | org.apache.activemq.transport.AbstractInactivityMonitor | ActiveMQ InactivityMonitor WriteCheckTimer
2025-10-29 02:34:39,892 | DEBUG | Running WriteCheck[tcp://172.18.0.1:40982] | org.apache.activemq.transport.AbstractInactivityMonitor | ActiveMQ InactivityMonitor Worker
2025-10-29 02:34:42,353 | DEBUG | Checkpoint started. | org.apache.activemq.store.kahadb.MessageDatabase | ActiveMQ Journal Checkpoint Worker
2025-10-29 02:34:42,367 | DEBUG | Checkpoint done. | org.apache.activemq.store.kahadb.MessageDatabase | ActiveMQ Journal Checkpoint Worker
2025-10-29 02:34:46,077 | DEBUG | WriteChecker 10000 ms elapsed since last write check. | org.apache.activemq.transport.AbstractInactivityMonitor | ActiveMQ InactivityMonitor WriteCheckTimer
2025-10-29 02:34:46,078 | DEBUG | Running WriteCheck[tcp://172.18.0.1:49490] | org.apache.activemq.transport.AbstractInactivityMonitor | ActiveMQ InactivityMonitor Worker
2025-10-29 02:34:46,107 | DEBUG | WriteChecker 10000 ms elapsed since last write check. | org.apache.activemq.transport.AbstractInactivityMonitor | ActiveMQ InactivityMonitor WriteCheckTimer
2025-10-29 02:34:46,107 | DEBUG | Running WriteCheck[tcp://172.18.0.1:49496] | org.apache.activemq.transport.AbstractInactivityMonitor | ActiveMQ InactivityMonitor Worker
2025-10-29 02:34:47,370 | DEBUG | Checkpoint started. | org.apache.activemq.store.kahadb.MessageDatabase | ActiveMQ Journal Checkpoint Worker
2025-10-29 02:34:47,382 | DEBUG | Checkpoint done. | org.apache.activemq.store.kahadb.MessageDatabase | ActiveMQ Journal Checkpoint Worker
2025-10-29 02:34:49,892 | DEBUG | WriteChecker 10000 ms elapsed since last write check. | org.apache.activemq.transport.AbstractInactivityMonitor | ActiveMQ InactivityMonitor WriteCheckTimer
2025-10-29 02:34:49,893 | DEBUG | Running WriteCheck[tcp://172.18.0.1:40982] | org.apache.activemq.transport.AbstractInactivityMonitor | ActiveMQ InactivityMonitor Worker
2025-10-29 02:34:50,070 | DEBUG | queue://analysis.queue expiring messages .. | org.apache.activemq.broker.region.Queue | ActiveMQ Broker[localhost] Scheduler
2025-10-29 02:34:50,071 | DEBUG | analysis.queue toPageIn: 0, Inflight: 0, pagedInMessages.size 1, enqueueCount: 1, dequeueCount: 0 | org.apache.activemq.broker.region.Queue | ActiveMQ Broker[localhost] Scheduler
2025-10-29 02:34:50,072 | DEBUG | queue://analysis.queue expiring messages done. | org.apache.activemq.broker.region.Queue | ActiveMQ Broker[localhost] Scheduler
2025-10-29 02:34:50,072 | DEBUG | analysis.queue toPageIn: 0, Inflight: 0, pagedInMessages.size 1, enqueueCount: 1, dequeueCount: 0 | org.apache.activemq.broker.region.Queue | ActiveMQ BrokerService[localhost] Task-17
2025-10-29 02:34:52,384 | DEBUG | Checkpoint started. | org.apache.activemq.store.kahadb.MessageDatabase | ActiveMQ Journal Checkpoint Worker
2025-10-29 02:34:52,400 | DEBUG | Checkpoint done. | org.apache.activemq.store.kahadb.MessageDatabase | ActiveMQ Journal Checkpoint Worker
2025-10-29 02:34:56,072 | DEBUG | 30000 ms elapsed since last read check. | org.apache.activemq.transport.AbstractInactivityMonitor | ActiveMQ InactivityMonitor ReadCheckTimer
2025-10-29 02:34:56,077 | DEBUG | WriteChecker 10000 ms elapsed since last write check. | org.apache.activemq.transport.AbstractInactivityMonitor | ActiveMQ InactivityMonitor WriteCheckTimer
2025-10-29 02:34:56,078 | DEBUG | Running WriteCheck[tcp://172.18.0.1:49490] | org.apache.activemq.transport.AbstractInactivityMonitor | ActiveMQ InactivityMonitor Worker
2025-10-29 02:34:56,107 | DEBUG | 30001 ms elapsed since last read check. | org.apache.activemq.transport.AbstractInactivityMonitor | ActiveMQ InactivityMonitor ReadCheckTimer
2025-10-29 02:34:56,107 | DEBUG | WriteChecker 10000 ms elapsed since last write check. | org.apache.activemq.transport.AbstractInactivityMonitor | ActiveMQ InactivityMonitor WriteCheckTimer
2025-10-29 02:34:56,107 | DEBUG | Running WriteCheck[tcp://172.18.0.1:49496] | org.apache.activemq.transport.AbstractInactivityMonitor | ActiveMQ InactivityMonitor Worker
2025-10-29 02:34:57,401 | DEBUG | Checkpoint started. | org.apache.activemq.store.kahadb.MessageDatabase | ActiveMQ Journal Checkpoint Worker
2025-10-29 02:34:57,416 | DEBUG | Checkpoint done. | org.apache.activemq.store.kahadb.MessageDatabase | ActiveMQ Journal Checkpoint Worker
2025-10-29 02:34:59,008 | DEBUG | temp-queue://ID:351d5895b329-37485-1761699249168-2:3:1 expiring messages .. | org.apache.activemq.broker.region.Queue | ActiveMQ Broker[localhost] Scheduler
2025-10-29 02:34:59,008 | DEBUG | ID:351d5895b329-37485-1761699249168-2:3:1 toPageIn: 0, Inflight: 0, pagedInMessages.size 0, enqueueCount: 0, dequeueCount: 0 | org.apache.activemq.broker.region.Queue | ActiveMQ Broker[localhost] Scheduler
2025-10-29 02:34:59,009 | DEBUG | temp-queue://ID:351d5895b329-37485-1761699249168-2:3:1 expiring messages done. | org.apache.activemq.broker.region.Queue | ActiveMQ Broker[localhost] Scheduler
2025-10-29 02:34:59,841 | DEBUG | 30000 ms elapsed since last read check. | org.apache.activemq.transport.AbstractInactivityMonitor | ActiveMQ InactivityMonitor ReadCheckTimer
2025-10-29 02:34:59,893 | DEBUG | WriteChecker 10001 ms elapsed since last write check. | org.apache.activemq.transport.AbstractInactivityMonitor | ActiveMQ InactivityMonitor WriteCheckTimer
2025-10-29 02:34:59,894 | DEBUG | Running WriteCheck[tcp://172.18.0.1:40982] | org.apache.activemq.transport.AbstractInactivityMonitor | ActiveMQ InactivityMonitor Worker
2025-10-29 02:35:02,419 | DEBUG | Checkpoint started. | org.apache.activemq.store.kahadb.MessageDatabase | ActiveMQ Journal Checkpoint Worker
2025-10-29 02:35:02,433 | DEBUG | Checkpoint done. | org.apache.activemq.store.kahadb.MessageDatabase | ActiveMQ Journal Checkpoint Worker
2025-10-29 02:35:06,077 | DEBUG | WriteChecker 10000 ms elapsed since last write check. | org.apache.activemq.transport.AbstractInactivityMonitor | ActiveMQ InactivityMonitor WriteCheckTimer
2025-10-29 02:35:06,078 | DEBUG | Running WriteCheck[tcp://172.18.0.1:49490] | org.apache.activemq.transport.AbstractInactivityMonitor | ActiveMQ InactivityMonitor Worker
2025-10-29 02:35:06,107 | DEBUG | WriteChecker 10000 ms elapsed since last write check. | org.apache.activemq.transport.AbstractInactivityMonitor | ActiveMQ InactivityMonitor WriteCheckTimer
2025-10-29 02:35:06,108 | DEBUG | Running WriteCheck[tcp://172.18.0.1:49496] | org.apache.activemq.transport.AbstractInactivityMonitor | ActiveMQ InactivityMonitor Worker
2025-10-29 02:35:07,435 | DEBUG | Checkpoint started. | org.apache.activemq.store.kahadb.MessageDatabase | ActiveMQ Journal Checkpoint Worker
2025-10-29 02:35:07,448 | DEBUG | Checkpoint done. | org.apache.activemq.store.kahadb.MessageDatabase | ActiveMQ Journal Checkpoint Worker
2025-10-29 02:35:09,476 | DEBUG | queue://Consumer.A.VirtualTopic.Analysis expiring messages .. | org.apache.activemq.broker.region.Queue | ActiveMQ Broker[localhost] Scheduler
2025-10-29 02:35:09,477 | DEBUG | Consumer.A.VirtualTopic.Analysis toPageIn: 0, Inflight: 0, pagedInMessages.size 0, enqueueCount: 0, dequeueCount: 0 | org.apache.activemq.broker.region.Queue | ActiveMQ Broker[localhost] Scheduler
2025-10-29 02:35:09,478 | DEBUG | queue://Consumer.A.VirtualTopic.Analysis expiring messages done. | org.apache.activemq.broker.region.Queue | ActiveMQ Broker[localhost] Scheduler
2025-10-29 02:35:09,537 | DEBUG | queue://queue.analysis expiring messages .. | org.apache.activemq.broker.region.Queue | ActiveMQ Broker[localhost] Scheduler
2025-10-29 02:35:09,537 | DEBUG | queue.analysis toPageIn: 0, Inflight: 0, pagedInMessages.size 0, enqueueCount: 0, dequeueCount: 0 | org.apache.activemq.broker.region.Queue | ActiveMQ Broker[localhost] Scheduler
2025-10-29 02:35:09,538 | DEBUG | queue://queue.analysis expiring messages done. | org.apache.activemq.broker.region.Queue | ActiveMQ Broker[localhost] Scheduler
2025-10-29 02:35:09,894 | DEBUG | WriteChecker 10001 ms elapsed since last write check. | org.apache.activemq.transport.AbstractInactivityMonitor | ActiveMQ InactivityMonitor WriteCheckTimer
2025-10-29 02:35:09,895 | DEBUG | Running WriteCheck[tcp://172.18.0.1:40982] | org.apache.activemq.transport.AbstractInactivityMonitor | ActiveMQ InactivityMonitor Worker
2025-10-29 02:35:12,451 | DEBUG | Checkpoint started. | org.apache.activemq.store.kahadb.MessageDatabase | ActiveMQ Journal Checkpoint Worker
2025-10-29 02:35:12,468 | DEBUG | Checkpoint done. | org.apache.activemq.store.kahadb.MessageDatabase | ActiveMQ Journal Checkpoint Worker
2025-10-29 02:35:16,077 | DEBUG | WriteChecker 10000 ms elapsed since last write check. | org.apache.activemq.transport.AbstractInactivityMonitor | ActiveMQ InactivityMonitor WriteCheckTimer
2025-10-29 02:35:16,078 | DEBUG | Running WriteCheck[tcp://172.18.0.1:49490] | org.apache.activemq.transport.AbstractInactivityMonitor | ActiveMQ InactivityMonitor Worker
2025-10-29 02:35:16,107 | DEBUG | WriteChecker 10000 ms elapsed since last write check. | org.apache.activemq.transport.AbstractInactivityMonitor | ActiveMQ InactivityMonitor WriteCheckTimer
2025-10-29 02:35:16,107 | DEBUG | Running WriteCheck[tcp://172.18.0.1:49496] | org.apache.activemq.transport.AbstractInactivityMonitor | ActiveMQ InactivityMonitor Worker
2025-10-29 02:35:17,470 | DEBUG | Checkpoint started. | org.apache.activemq.store.kahadb.MessageDatabase | ActiveMQ Journal Checkpoint Worker
2025-10-29 02:35:17,484 | DEBUG | Checkpoint done. | org.apache.activemq.store.kahadb.MessageDatabase | ActiveMQ Journal Checkpoint Worker
2025-10-29 02:35:19,894 | DEBUG | WriteChecker 10000 ms elapsed since last write check. | org.apache.activemq.transport.AbstractInactivityMonitor | ActiveMQ InactivityMonitor WriteCheckTimer
2025-10-29 02:35:19,895 | DEBUG | Running WriteCheck[tcp://172.18.0.1:40982] | org.apache.activemq.transport.AbstractInactivityMonitor | ActiveMQ InactivityMonitor Worker
2025-10-29 02:35:20,070 | DEBUG | queue://analysis.queue expiring messages .. | org.apache.activemq.broker.region.Queue | ActiveMQ Broker[localhost] Scheduler
2025-10-29 02:35:20,070 | DEBUG | analysis.queue toPageIn: 0, Inflight: 0, pagedInMessages.size 1, enqueueCount: 1, dequeueCount: 0 | org.apache.activemq.broker.region.Queue | ActiveMQ Broker[localhost] Scheduler
2025-10-29 02:35:20,071 | DEBUG | queue://analysis.queue expiring messages done. | org.apache.activemq.broker.region.Queue | ActiveMQ Broker[localhost] Scheduler
2025-10-29 02:35:20,071 | DEBUG | analysis.queue toPageIn: 0, Inflight: 0, pagedInMessages.size 1, enqueueCount: 1, dequeueCount: 0 | org.apache.activemq.broker.region.Queue | ActiveMQ BrokerService[localhost] Task-17
2025-10-29 02:35:22,486 | DEBUG | Checkpoint started. | org.apache.activemq.store.kahadb.MessageDatabase | ActiveMQ Journal Checkpoint Worker
2025-10-29 02:35:22,500 | DEBUG | Checkpoint done. | org.apache.activemq.store.kahadb.MessageDatabase | ActiveMQ Journal Checkpoint Worker
2025-10-29 02:35:26,072 | DEBUG | 30000 ms elapsed since last read check. | org.apache.activemq.transport.AbstractInactivityMonitor | ActiveMQ InactivityMonitor ReadCheckTimer
2025-10-29 02:35:26,077 | DEBUG | WriteChecker 10000 ms elapsed since last write check. | org.apache.activemq.transport.AbstractInactivityMonitor | ActiveMQ InactivityMonitor WriteCheckTimer
2025-10-29 02:35:26,080 | DEBUG | Running WriteCheck[tcp://172.18.0.1:49490] | org.apache.activemq.transport.AbstractInactivityMonitor | ActiveMQ InactivityMonitor Worker
2025-10-29 02:35:26,107 | DEBUG | WriteChecker 10000 ms elapsed since last write check. | org.apache.activemq.transport.AbstractInactivityMonitor | ActiveMQ InactivityMonitor WriteCheckTimer
2025-10-29 02:35:26,107 | DEBUG | Running WriteCheck[tcp://172.18.0.1:49496] | org.apache.activemq.transport.AbstractInactivityMonitor | ActiveMQ InactivityMonitor Worker
2025-10-29 02:35:26,108 | DEBUG | 30001 ms elapsed since last read check. | org.apache.activemq.transport.AbstractInactivityMonitor | ActiveMQ InactivityMonitor ReadCheckTimer
2025-10-29 02:35:27,501 | DEBUG | Checkpoint started. | org.apache.activemq.store.kahadb.MessageDatabase | ActiveMQ Journal Checkpoint Worker
2025-10-29 02:35:27,514 | DEBUG | Checkpoint done. | org.apache.activemq.store.kahadb.MessageDatabase | ActiveMQ Journal Checkpoint Worker
2025-10-29 02:35:29,008 | DEBUG | temp-queue://ID:351d5895b329-37485-1761699249168-2:3:1 expiring messages .. | org.apache.activemq.broker.region.Queue | ActiveMQ Broker[localhost] Scheduler
2025-10-29 02:35:29,009 | DEBUG | ID:351d5895b329-37485-1761699249168-2:3:1 toPageIn: 0, Inflight: 0, pagedInMessages.size 0, enqueueCount: 0, dequeueCount: 0 | org.apache.activemq.broker.region.Queue | ActiveMQ Broker[localhost] Scheduler
2025-10-29 02:35:29,009 | DEBUG | temp-queue://ID:351d5895b329-37485-1761699249168-2:3:1 expiring messages done. | org.apache.activemq.broker.region.Queue | ActiveMQ Broker[localhost] Scheduler
2025-10-29 02:35:29,841 | DEBUG | 30000 ms elapsed since last read check. | org.apache.activemq.transport.AbstractInactivityMonitor | ActiveMQ InactivityMonitor ReadCheckTimer
2025-10-29 02:35:29,894 | DEBUG | WriteChecker 10000 ms elapsed since last write check. | org.apache.activemq.transport.AbstractInactivityMonitor | ActiveMQ InactivityMonitor WriteCheckTimer
2025-10-29 02:35:29,895 | DEBUG | Running WriteCheck[tcp://172.18.0.1:40982] | org.apache.activemq.transport.AbstractInactivityMonitor | ActiveMQ InactivityMonitor Worker
2025-10-29 02:35:32,516 | DEBUG | Checkpoint started. | org.apache.activemq.store.kahadb.MessageDatabase | ActiveMQ Journal Checkpoint Worker
2025-10-29 02:35:32,531 | DEBUG | Checkpoint done. | org.apache.activemq.store.kahadb.MessageDatabase | ActiveMQ Journal Checkpoint Worker
2025-10-29 02:35:36,077 | DEBUG | WriteChecker 10000 ms elapsed since last write check. | org.apache.activemq.transport.AbstractInactivityMonitor | ActiveMQ InactivityMonitor WriteCheckTimer
2025-10-29 02:35:36,077 | DEBUG | Running WriteCheck[tcp://172.18.0.1:49490] | org.apache.activemq.transport.AbstractInactivityMonitor | ActiveMQ InactivityMonitor Worker
2025-10-29 02:35:36,107 | DEBUG | WriteChecker 10000 ms elapsed since last write check. | org.apache.activemq.transport.AbstractInactivityMonitor | ActiveMQ InactivityMonitor WriteCheckTimer
2025-10-29 02:35:36,108 | DEBUG | Running WriteCheck[tcp://172.18.0.1:49496] | org.apache.activemq.transport.AbstractInactivityMonitor | ActiveMQ InactivityMonitor Worker
2025-10-29 02:35:37,533 | DEBUG | Checkpoint started. | org.apache.activemq.store.kahadb.MessageDatabase | ActiveMQ Journal Checkpoint Worker
2025-10-29 02:35:37,548 | DEBUG | Checkpoint done. | org.apache.activemq.store.kahadb.MessageDatabase | ActiveMQ Journal Checkpoint Worker
2025-10-29 02:35:39,477 | DEBUG | queue://Consumer.A.VirtualTopic.Analysis expiring messages .. | org.apache.activemq.broker.region.Queue | ActiveMQ Broker[localhost] Scheduler
2025-10-29 02:35:39,477 | DEBUG | Consumer.A.VirtualTopic.Analysis toPageIn: 0, Inflight: 0, pagedInMessages.size 0, enqueueCount: 0, dequeueCount: 0 | org.apache.activemq.broker.region.Queue | ActiveMQ Broker[localhost] Scheduler
2025-10-29 02:35:39,478 | DEBUG | queue://Consumer.A.VirtualTopic.Analysis expiring messages done. | org.apache.activemq.broker.region.Queue | ActiveMQ Broker[localhost] Scheduler
2025-10-29 02:35:39,537 | DEBUG | queue://queue.analysis expiring messages .. | org.apache.activemq.broker.region.Queue | ActiveMQ Broker[localhost] Scheduler
2025-10-29 02:35:39,537 | DEBUG | queue.analysis toPageIn: 0, Inflight: 0, pagedInMessages.size 0, enqueueCount: 0, dequeueCount: 0 | org.apache.activemq.broker.region.Queue | ActiveMQ Broker[localhost] Scheduler
2025-10-29 02:35:39,538 | DEBUG | queue://queue.analysis expiring messages done. | org.apache.activemq.broker.region.Queue | ActiveMQ Broker[localhost] Scheduler
2025-10-29 02:35:39,894 | DEBUG | WriteChecker 10000 ms elapsed since last write check. | org.apache.activemq.transport.AbstractInactivityMonitor | ActiveMQ InactivityMonitor WriteCheckTimer
2025-10-29 02:35:39,894 | DEBUG | Running WriteCheck[tcp://172.18.0.1:40982] | org.apache.activemq.transport.AbstractInactivityMonitor | ActiveMQ InactivityMonitor Worker
2025-10-29 02:35:42,550 | DEBUG | Checkpoint started. | org.apache.activemq.store.kahadb.MessageDatabase | ActiveMQ Journal Checkpoint Worker
2025-10-29 02:35:42,566 | DEBUG | Checkpoint done. | org.apache.activemq.store.kahadb.MessageDatabase | ActiveMQ Journal Checkpoint Worker
2025-10-29 02:35:46,078 | DEBUG | WriteChecker 10001 ms elapsed since last write check. | org.apache.activemq.transport.AbstractInactivityMonitor | ActiveMQ InactivityMonitor WriteCheckTimer
2025-10-29 02:35:46,078 | DEBUG | Running WriteCheck[tcp://172.18.0.1:49490] | org.apache.activemq.transport.AbstractInactivityMonitor | ActiveMQ InactivityMonitor Worker
2025-10-29 02:35:46,107 | DEBUG | WriteChecker 10000 ms elapsed since last write check. | org.apache.activemq.transport.AbstractInactivityMonitor | ActiveMQ InactivityMonitor WriteCheckTimer
2025-10-29 02:35:46,108 | DEBUG | Running WriteCheck[tcp://172.18.0.1:49496] | org.apache.activemq.transport.AbstractInactivityMonitor | ActiveMQ InactivityMonitor Worker
2025-10-29 02:35:47,569 | DEBUG | Checkpoint started. | org.apache.activemq.store.kahadb.MessageDatabase | ActiveMQ Journal Checkpoint Worker
2025-10-29 02:35:47,583 | DEBUG | Checkpoint done. | org.apache.activemq.store.kahadb.MessageDatabase | ActiveMQ Journal Checkpoint Worker
2025-10-29 02:35:49,894 | DEBUG | WriteChecker 10000 ms elapsed since last write check. | org.apache.activemq.transport.AbstractInactivityMonitor | ActiveMQ InactivityMonitor WriteCheckTimer
2025-10-29 02:35:49,895 | DEBUG | Running WriteCheck[tcp://172.18.0.1:40982] | org.apache.activemq.transport.AbstractInactivityMonitor | ActiveMQ InactivityMonitor Worker
2025-10-29 02:35:50,071 | DEBUG | queue://analysis.queue expiring messages .. | org.apache.activemq.broker.region.Queue | ActiveMQ Broker[localhost] Scheduler
2025-10-29 02:35:50,071 | DEBUG | analysis.queue toPageIn: 0, Inflight: 0, pagedInMessages.size 1, enqueueCount: 1, dequeueCount: 0 | org.apache.activemq.broker.region.Queue | ActiveMQ Broker[localhost] Scheduler
2025-10-29 02:35:50,072 | DEBUG | queue://analysis.queue expiring messages done. | org.apache.activemq.broker.region.Queue | ActiveMQ Broker[localhost] Scheduler
2025-10-29 02:35:50,072 | DEBUG | analysis.queue toPageIn: 0, Inflight: 0, pagedInMessages.size 1, enqueueCount: 1, dequeueCount: 0 | org.apache.activemq.broker.region.Queue | ActiveMQ BrokerService[localhost] Task-17
2025-10-29 02:35:52,585 | DEBUG | Checkpoint started. | org.apache.activemq.store.kahadb.MessageDatabase | ActiveMQ Journal Checkpoint Worker
2025-10-29 02:35:52,606 | DEBUG | Checkpoint done. | org.apache.activemq.store.kahadb.MessageDatabase | ActiveMQ Journal Checkpoint Worker
2025-10-29 02:35:56,072 | DEBUG | 30000 ms elapsed since last read check. | org.apache.activemq.transport.AbstractInactivityMonitor | ActiveMQ InactivityMonitor ReadCheckTimer
2025-10-29 02:35:56,078 | DEBUG | WriteChecker 10000 ms elapsed since last write check. | org.apache.activemq.transport.AbstractInactivityMonitor | ActiveMQ InactivityMonitor WriteCheckTimer
2025-10-29 02:35:56,079 | DEBUG | Running WriteCheck[tcp://172.18.0.1:49490] | org.apache.activemq.transport.AbstractInactivityMonitor | ActiveMQ InactivityMonitor Worker
2025-10-29 02:35:56,108 | DEBUG | WriteChecker 10001 ms elapsed since last write check. | org.apache.activemq.transport.AbstractInactivityMonitor | ActiveMQ InactivityMonitor WriteCheckTimer
2025-10-29 02:35:56,108 | DEBUG | Running WriteCheck[tcp://172.18.0.1:49496] | org.apache.activemq.transport.AbstractInactivityMonitor | ActiveMQ InactivityMonitor Worker
2025-10-29 02:35:56,109 | DEBUG | 30000 ms elapsed since last read check. | org.apache.activemq.transport.AbstractInactivityMonitor | ActiveMQ InactivityMonitor ReadCheckTimer
2025-10-29 02:35:57,606 | DEBUG | Checkpoint started. | org.apache.activemq.store.kahadb.MessageDatabase | ActiveMQ Journal Checkpoint Worker
2025-10-29 02:35:57,620 | DEBUG | Checkpoint done. | org.apache.activemq.store.kahadb.MessageDatabase | ActiveMQ Journal Checkpoint Worker
2025-10-29 02:35:59,008 | DEBUG | temp-queue://ID:351d5895b329-37485-1761699249168-2:3:1 expiring messages .. | org.apache.activemq.broker.region.Queue | ActiveMQ Broker[localhost] Scheduler
2025-10-29 02:35:59,008 | DEBUG | ID:351d5895b329-37485-1761699249168-2:3:1 toPageIn: 0, Inflight: 0, pagedInMessages.size 0, enqueueCount: 0, dequeueCount: 0 | org.apache.activemq.broker.region.Queue | ActiveMQ Broker[localhost] Scheduler
2025-10-29 02:35:59,008 | DEBUG | temp-queue://ID:351d5895b329-37485-1761699249168-2:3:1 expiring messages done. | org.apache.activemq.broker.region.Queue | ActiveMQ Broker[localhost] Scheduler
2025-10-29 02:35:59,841 | DEBUG | 30000 ms elapsed since last read check. | org.apache.activemq.transport.AbstractInactivityMonitor | ActiveMQ InactivityMonitor ReadCheckTimer
2025-10-29 02:35:59,894 | DEBUG | WriteChecker 10000 ms elapsed since last write check. | org.apache.activemq.transport.AbstractInactivityMonitor | ActiveMQ InactivityMonitor WriteCheckTimer
2025-10-29 02:35:59,895 | DEBUG | Running WriteCheck[tcp://172.18.0.1:40982] | org.apache.activemq.transport.AbstractInactivityMonitor | ActiveMQ InactivityMonitor Worker
2025-10-29 02:36:02,623 | DEBUG | Checkpoint started. | org.apache.activemq.store.kahadb.MessageDatabase | ActiveMQ Journal Checkpoint Worker
2025-10-29 02:36:02,638 | DEBUG | Checkpoint done. | org.apache.activemq.store.kahadb.MessageDatabase | ActiveMQ Journal Checkpoint Worker
2025-10-29 02:36:06,079 | DEBUG | WriteChecker 10001 ms elapsed since last write check. | org.apache.activemq.transport.AbstractInactivityMonitor | ActiveMQ InactivityMonitor WriteCheckTimer
2025-10-29 02:36:06,080 | DEBUG | Running WriteCheck[tcp://172.18.0.1:49490] | org.apache.activemq.transport.AbstractInactivityMonitor | ActiveMQ InactivityMonitor Worker
2025-10-29 02:36:06,108 | DEBUG | WriteChecker 10000 ms elapsed since last write check. | org.apache.activemq.transport.AbstractInactivityMonitor | ActiveMQ InactivityMonitor WriteCheckTimer
2025-10-29 02:36:06,109 | DEBUG | Running WriteCheck[tcp://172.18.0.1:49496] | org.apache.activemq.transport.AbstractInactivityMonitor | ActiveMQ InactivityMonitor Worker
2025-10-29 02:36:07,640 | DEBUG | Checkpoint started. | org.apache.activemq.store.kahadb.MessageDatabase | ActiveMQ Journal Checkpoint Worker
2025-10-29 02:36:07,658 | DEBUG | Checkpoint done. | org.apache.activemq.store.kahadb.MessageDatabase | ActiveMQ Journal Checkpoint Worker
2025-10-29 02:36:09,477 | DEBUG | queue://Consumer.A.VirtualTopic.Analysis expiring messages .. | org.apache.activemq.broker.region.Queue | ActiveMQ Broker[localhost] Scheduler
2025-10-29 02:36:09,477 | DEBUG | Consumer.A.VirtualTopic.Analysis toPageIn: 0, Inflight: 0, pagedInMessages.size 0, enqueueCount: 0, dequeueCount: 0 | org.apache.activemq.broker.region.Queue | ActiveMQ Broker[localhost] Scheduler
2025-10-29 02:36:09,478 | DEBUG | queue://Consumer.A.VirtualTopic.Analysis expiring messages done. | org.apache.activemq.broker.region.Queue | ActiveMQ Broker[localhost] Scheduler
2025-10-29 02:36:09,537 | DEBUG | queue://queue.analysis expiring messages .. | org.apache.activemq.broker.region.Queue | ActiveMQ Broker[localhost] Scheduler
2025-10-29 02:36:09,538 | DEBUG | queue.analysis toPageIn: 0, Inflight: 0, pagedInMessages.size 0, enqueueCount: 0, dequeueCount: 0 | org.apache.activemq.broker.region.Queue | ActiveMQ Broker[localhost] Scheduler
2025-10-29 02:36:09,538 | DEBUG | queue://queue.analysis expiring messages done. | org.apache.activemq.broker.region.Queue | ActiveMQ Broker[localhost] Scheduler
2025-10-29 02:36:09,894 | DEBUG | WriteChecker 10000 ms elapsed since last write check. | org.apache.activemq.transport.AbstractInactivityMonitor | ActiveMQ InactivityMonitor WriteCheckTimer
2025-10-29 02:36:09,895 | DEBUG | Running WriteCheck[tcp://172.18.0.1:40982] | org.apache.activemq.transport.AbstractInactivityMonitor | ActiveMQ InactivityMonitor Worker
2025-10-29 02:36:12,661 | DEBUG | Checkpoint started. | org.apache.activemq.store.kahadb.MessageDatabase | ActiveMQ Journal Checkpoint Worker
2025-10-29 02:36:12,673 | DEBUG | Checkpoint done. | org.apache.activemq.store.kahadb.MessageDatabase | ActiveMQ Journal Checkpoint Worker
2025-10-29 02:36:16,080 | DEBUG | WriteChecker 10001 ms elapsed since last write check. | org.apache.activemq.transport.AbstractInactivityMonitor | ActiveMQ InactivityMonitor WriteCheckTimer
2025-10-29 02:36:16,081 | DEBUG | Running WriteCheck[tcp://172.18.0.1:49490] | org.apache.activemq.transport.AbstractInactivityMonitor | ActiveMQ InactivityMonitor Worker
2025-10-29 02:36:16,111 | DEBUG | WriteChecker 10001 ms elapsed since last write check. | org.apache.activemq.transport.AbstractInactivityMonitor | ActiveMQ InactivityMonitor WriteCheckTimer
2025-10-29 02:36:16,112 | DEBUG | Running WriteCheck[tcp://172.18.0.1:49496] | org.apache.activemq.transport.AbstractInactivityMonitor | ActiveMQ InactivityMonitor Worker
2025-10-29 02:36:17,675 | DEBUG | Checkpoint started. | org.apache.activemq.store.kahadb.MessageDatabase | ActiveMQ Journal Checkpoint Worker
2025-10-29 02:36:17,687 | DEBUG | Checkpoint done. | org.apache.activemq.store.kahadb.MessageDatabase | ActiveMQ Journal Checkpoint Worker
2025-10-29 02:36:19,894 | DEBUG | WriteChecker 10000 ms elapsed since last write check. | org.apache.activemq.transport.AbstractInactivityMonitor | ActiveMQ InactivityMonitor WriteCheckTimer
2025-10-29 02:36:19,895 | DEBUG | Running WriteCheck[tcp://172.18.0.1:40982] | org.apache.activemq.transport.AbstractInactivityMonitor | ActiveMQ InactivityMonitor Worker
2025-10-29 02:36:20,070 | DEBUG | queue://analysis.queue expiring messages .. | org.apache.activemq.broker.region.Queue | ActiveMQ Broker[localhost] Scheduler
2025-10-29 02:36:20,071 | DEBUG | analysis.queue toPageIn: 0, Inflight: 0, pagedInMessages.size 1, enqueueCount: 1, dequeueCount: 0 | org.apache.activemq.broker.region.Queue | ActiveMQ Broker[localhost] Scheduler
2025-10-29 02:36:20,072 | DEBUG | queue://analysis.queue expiring messages done. | org.apache.activemq.broker.region.Queue | ActiveMQ Broker[localhost] Scheduler
2025-10-29 02:36:20,072 | DEBUG | analysis.queue toPageIn: 0, Inflight: 0, pagedInMessages.size 1, enqueueCount: 1, dequeueCount: 0 | org.apache.activemq.broker.region.Queue | ActiveMQ BrokerService[localhost] Task-17
2025-10-29 02:36:22,689 | DEBUG | Checkpoint started. | org.apache.activemq.store.kahadb.MessageDatabase | ActiveMQ Journal Checkpoint Worker
2025-10-29 02:36:22,704 | DEBUG | Checkpoint done. | org.apache.activemq.store.kahadb.MessageDatabase | ActiveMQ Journal Checkpoint Worker
2025-10-29 02:36:26,072 | DEBUG | 30000 ms elapsed since last read check. | org.apache.activemq.transport.AbstractInactivityMonitor | ActiveMQ InactivityMonitor ReadCheckTimer
2025-10-29 02:36:26,080 | DEBUG | WriteChecker 10000 ms elapsed since last write check. | org.apache.activemq.transport.AbstractInactivityMonitor | ActiveMQ InactivityMonitor WriteCheckTimer
2025-10-29 02:36:26,081 | DEBUG | Running WriteCheck[tcp://172.18.0.1:49490] | org.apache.activemq.transport.AbstractInactivityMonitor | ActiveMQ InactivityMonitor Worker
2025-10-29 02:36:26,108 | DEBUG | 30000 ms elapsed since last read check. | org.apache.activemq.transport.AbstractInactivityMonitor | ActiveMQ InactivityMonitor ReadCheckTimer
2025-10-29 02:36:26,110 | DEBUG | WriteChecker 10001 ms elapsed since last write check. | org.apache.activemq.transport.AbstractInactivityMonitor | ActiveMQ InactivityMonitor WriteCheckTimer
2025-10-29 02:36:26,110 | DEBUG | Running WriteCheck[tcp://172.18.0.1:49496] | org.apache.activemq.transport.AbstractInactivityMonitor | ActiveMQ InactivityMonitor Worker
2025-10-29 02:36:27,705 | DEBUG | Checkpoint started. | org.apache.activemq.store.kahadb.MessageDatabase | ActiveMQ Journal Checkpoint Worker
2025-10-29 02:36:27,719 | DEBUG | Checkpoint done. | org.apache.activemq.store.kahadb.MessageDatabase | ActiveMQ Journal Checkpoint Worker
2025-10-29 02:36:29,008 | DEBUG | temp-queue://ID:351d5895b329-37485-1761699249168-2:3:1 expiring messages .. | org.apache.activemq.broker.region.Queue | ActiveMQ Broker[localhost] Scheduler
2025-10-29 02:36:29,009 | DEBUG | ID:351d5895b329-37485-1761699249168-2:3:1 toPageIn: 0, Inflight: 0, pagedInMessages.size 0, enqueueCount: 0, dequeueCount: 0 | org.apache.activemq.broker.region.Queue | ActiveMQ Broker[localhost] Scheduler
2025-10-29 02:36:29,009 | DEBUG | temp-queue://ID:351d5895b329-37485-1761699249168-2:3:1 expiring messages done. | org.apache.activemq.broker.region.Queue | ActiveMQ Broker[localhost] Scheduler
2025-10-29 02:36:29,842 | DEBUG | 30001 ms elapsed since last read check. | org.apache.activemq.transport.AbstractInactivityMonitor | ActiveMQ InactivityMonitor ReadCheckTimer
2025-10-29 02:36:29,894 | DEBUG | WriteChecker 10000 ms elapsed since last write check. | org.apache.activemq.transport.AbstractInactivityMonitor | ActiveMQ InactivityMonitor WriteCheckTimer
2025-10-29 02:36:29,895 | DEBUG | Running WriteCheck[tcp://172.18.0.1:40982] | org.apache.activemq.transport.AbstractInactivityMonitor | ActiveMQ InactivityMonitor Worker
2025-10-29 02:36:32,721 | DEBUG | Checkpoint started. | org.apache.activemq.store.kahadb.MessageDatabase | ActiveMQ Journal Checkpoint Worker
2025-10-29 02:36:32,738 | DEBUG | Checkpoint done. | org.apache.activemq.store.kahadb.MessageDatabase | ActiveMQ Journal Checkpoint Worker
2025-10-29 02:36:36,080 | DEBUG | WriteChecker 10000 ms elapsed since last write check. | org.apache.activemq.transport.AbstractInactivityMonitor | ActiveMQ InactivityMonitor WriteCheckTimer
2025-10-29 02:36:36,081 | DEBUG | Running WriteCheck[tcp://172.18.0.1:49490] | org.apache.activemq.transport.AbstractInactivityMonitor | ActiveMQ InactivityMonitor Worker
2025-10-29 02:36:36,110 | DEBUG | WriteChecker 10000 ms elapsed since last write check. | org.apache.activemq.transport.AbstractInactivityMonitor | ActiveMQ InactivityMonitor WriteCheckTimer
2025-10-29 02:36:36,110 | DEBUG | Running WriteCheck[tcp://172.18.0.1:49496] | org.apache.activemq.transport.AbstractInactivityMonitor | ActiveMQ InactivityMonitor Worker
2025-10-29 02:36:37,740 | DEBUG | Checkpoint started. | org.apache.activemq.store.kahadb.MessageDatabase | ActiveMQ Journal Checkpoint Worker
2025-10-29 02:36:37,754 | DEBUG | Checkpoint done. | org.apache.activemq.store.kahadb.MessageDatabase | ActiveMQ Journal Checkpoint Worker
2025-10-29 02:36:39,478 | DEBUG | queue://Consumer.A.VirtualTopic.Analysis expiring messages .. | org.apache.activemq.broker.region.Queue | ActiveMQ Broker[localhost] Scheduler
2025-10-29 02:36:39,478 | DEBUG | Consumer.A.VirtualTopic.Analysis toPageIn: 0, Inflight: 0, pagedInMessages.size 0, enqueueCount: 0, dequeueCount: 0 | org.apache.activemq.broker.region.Queue | ActiveMQ Broker[localhost] Scheduler
2025-10-29 02:36:39,479 | DEBUG | queue://Consumer.A.VirtualTopic.Analysis expiring messages done. | org.apache.activemq.broker.region.Queue | ActiveMQ Broker[localhost] Scheduler
2025-10-29 02:36:39,537 | DEBUG | queue://queue.analysis expiring messages .. | org.apache.activemq.broker.region.Queue | ActiveMQ Broker[localhost] Scheduler
2025-10-29 02:36:39,538 | DEBUG | queue.analysis toPageIn: 0, Inflight: 0, pagedInMessages.size 0, enqueueCount: 0, dequeueCount: 0 | org.apache.activemq.broker.region.Queue | ActiveMQ Broker[localhost] Scheduler
2025-10-29 02:36:39,538 | DEBUG | queue://queue.analysis expiring messages done. | org.apache.activemq.broker.region.Queue | ActiveMQ Broker[localhost] Scheduler
2025-10-29 02:36:39,894 | DEBUG | WriteChecker 10000 ms elapsed since last write check. | org.apache.activemq.transport.AbstractInactivityMonitor | ActiveMQ InactivityMonitor WriteCheckTimer
2025-10-29 02:36:39,895 | DEBUG | Running WriteCheck[tcp://172.18.0.1:40982] | org.apache.activemq.transport.AbstractInactivityMonitor | ActiveMQ InactivityMonitor Worker
2025-10-29 02:36:42,756 | DEBUG | Checkpoint started. | org.apache.activemq.store.kahadb.MessageDatabase | ActiveMQ Journal Checkpoint Worker
2025-10-29 02:36:42,771 | DEBUG | Checkpoint done. | org.apache.activemq.store.kahadb.MessageDatabase | ActiveMQ Journal Checkpoint Worker
2025-10-29 02:36:46,080 | DEBUG | WriteChecker 10000 ms elapsed since last write check. | org.apache.activemq.transport.AbstractInactivityMonitor | ActiveMQ InactivityMonitor WriteCheckTimer
2025-10-29 02:36:46,081 | DEBUG | Running WriteCheck[tcp://172.18.0.1:49490] | org.apache.activemq.transport.AbstractInactivityMonitor | ActiveMQ InactivityMonitor Worker
2025-10-29 02:36:46,110 | DEBUG | WriteChecker 10000 ms elapsed since last write check. | org.apache.activemq.transport.AbstractInactivityMonitor | ActiveMQ InactivityMonitor WriteCheckTimer
2025-10-29 02:36:46,111 | DEBUG | Running WriteCheck[tcp://172.18.0.1:49496] | org.apache.activemq.transport.AbstractInactivityMonitor | ActiveMQ InactivityMonitor Worker
2025-10-29 02:36:47,773 | DEBUG | Checkpoint started. | org.apache.activemq.store.kahadb.MessageDatabase | ActiveMQ Journal Checkpoint Worker
2025-10-29 02:36:47,787 | DEBUG | Checkpoint done. | org.apache.activemq.store.kahadb.MessageDatabase | ActiveMQ Journal Checkpoint Worker
2025-10-29 02:36:49,894 | DEBUG | WriteChecker 10000 ms elapsed since last write check. | org.apache.activemq.transport.AbstractInactivityMonitor | ActiveMQ InactivityMonitor WriteCheckTimer
2025-10-29 02:36:49,894 | DEBUG | Running WriteCheck[tcp://172.18.0.1:40982] | org.apache.activemq.transport.AbstractInactivityMonitor | ActiveMQ InactivityMonitor Worker
2025-10-29 02:36:50,070 | DEBUG | queue://analysis.queue expiring messages .. | org.apache.activemq.broker.region.Queue | ActiveMQ Broker[localhost] Scheduler
2025-10-29 02:36:50,070 | DEBUG | analysis.queue toPageIn: 0, Inflight: 0, pagedInMessages.size 1, enqueueCount: 1, dequeueCount: 0 | org.apache.activemq.broker.region.Queue | ActiveMQ Broker[localhost] Scheduler
2025-10-29 02:36:50,071 | DEBUG | queue://analysis.queue expiring messages done. | org.apache.activemq.broker.region.Queue | ActiveMQ Broker[localhost] Scheduler
2025-10-29 02:36:50,071 | DEBUG | analysis.queue toPageIn: 0, Inflight: 0, pagedInMessages.size 1, enqueueCount: 1, dequeueCount: 0 | org.apache.activemq.broker.region.Queue | ActiveMQ BrokerService[localhost] Task-17
2025-10-29 02:36:52,789 | DEBUG | Checkpoint started. | org.apache.activemq.store.kahadb.MessageDatabase | ActiveMQ Journal Checkpoint Worker
2025-10-29 02:36:52,803 | DEBUG | Checkpoint done. | org.apache.activemq.store.kahadb.MessageDatabase | ActiveMQ Journal Checkpoint Worker
2025-10-29 02:36:56,072 | DEBUG | 30000 ms elapsed since last read check. | org.apache.activemq.transport.AbstractInactivityMonitor | ActiveMQ InactivityMonitor ReadCheckTimer
2025-10-29 02:36:56,080 | DEBUG | WriteChecker 10000 ms elapsed since last write check. | org.apache.activemq.transport.AbstractInactivityMonitor | ActiveMQ InactivityMonitor WriteCheckTimer
2025-10-29 02:36:56,080 | DEBUG | Running WriteCheck[tcp://172.18.0.1:49490] | org.apache.activemq.transport.AbstractInactivityMonitor | ActiveMQ InactivityMonitor Worker
2025-10-29 02:36:56,108 | DEBUG | 30000 ms elapsed since last read check. | org.apache.activemq.transport.AbstractInactivityMonitor | ActiveMQ InactivityMonitor ReadCheckTimer
2025-10-29 02:36:56,110 | DEBUG | WriteChecker 10000 ms elapsed since last write check. | org.apache.activemq.transport.AbstractInactivityMonitor | ActiveMQ InactivityMonitor WriteCheckTimer
2025-10-29 02:36:56,111 | DEBUG | Running WriteCheck[tcp://172.18.0.1:49496] | org.apache.activemq.transport.AbstractInactivityMonitor | ActiveMQ InactivityMonitor Worker
2025-10-29 02:36:57,803 | DEBUG | Checkpoint started. | org.apache.activemq.store.kahadb.MessageDatabase | ActiveMQ Journal Checkpoint Worker
2025-10-29 02:36:57,816 | DEBUG | Checkpoint done. | org.apache.activemq.store.kahadb.MessageDatabase | ActiveMQ Journal Checkpoint Worker
2025-10-29 02:36:59,008 | DEBUG | temp-queue://ID:351d5895b329-37485-1761699249168-2:3:1 expiring messages .. | org.apache.activemq.broker.region.Queue | ActiveMQ Broker[localhost] Scheduler
2025-10-29 02:36:59,009 | DEBUG | ID:351d5895b329-37485-1761699249168-2:3:1 toPageIn: 0, Inflight: 0, pagedInMessages.size 0, enqueueCount: 0, dequeueCount: 0 | org.apache.activemq.broker.region.Queue | ActiveMQ Broker[localhost] Scheduler
2025-10-29 02:36:59,009 | DEBUG | temp-queue://ID:351d5895b329-37485-1761699249168-2:3:1 expiring messages done. | org.apache.activemq.broker.region.Queue | ActiveMQ Broker[localhost] Scheduler
2025-10-29 02:36:59,843 | DEBUG | 30001 ms elapsed since last read check. | org.apache.activemq.transport.AbstractInactivityMonitor | ActiveMQ InactivityMonitor ReadCheckTimer
2025-10-29 02:36:59,894 | DEBUG | WriteChecker 10000 ms elapsed since last write check. | org.apache.activemq.transport.AbstractInactivityMonitor | ActiveMQ InactivityMonitor WriteCheckTimer
2025-10-29 02:36:59,894 | DEBUG | Running WriteCheck[tcp://172.18.0.1:40982] | org.apache.activemq.transport.AbstractInactivityMonitor | ActiveMQ InactivityMonitor Worker
2025-10-29 02:37:02,819 | DEBUG | Checkpoint started. | org.apache.activemq.store.kahadb.MessageDatabase | ActiveMQ Journal Checkpoint Worker
2025-10-29 02:37:02,833 | DEBUG | Checkpoint done. | org.apache.activemq.store.kahadb.MessageDatabase | ActiveMQ Journal Checkpoint Worker
2025-10-29 02:37:06,080 | DEBUG | WriteChecker 10000 ms elapsed since last write check. | org.apache.activemq.transport.AbstractInactivityMonitor | ActiveMQ InactivityMonitor WriteCheckTimer
2025-10-29 02:37:06,081 | DEBUG | Running WriteCheck[tcp://172.18.0.1:49490] | org.apache.activemq.transport.AbstractInactivityMonitor | ActiveMQ InactivityMonitor Worker
2025-10-29 02:37:06,110 | DEBUG | WriteChecker 10000 ms elapsed since last write check. | org.apache.activemq.transport.AbstractInactivityMonitor | ActiveMQ InactivityMonitor WriteCheckTimer
2025-10-29 02:37:06,111 | DEBUG | Running WriteCheck[tcp://172.18.0.1:49496] | org.apache.activemq.transport.AbstractInactivityMonitor | ActiveMQ InactivityMonitor Worker
2025-10-29 02:37:07,834 | DEBUG | Checkpoint started. | org.apache.activemq.store.kahadb.MessageDatabase | ActiveMQ Journal Checkpoint Worker
2025-10-29 02:37:07,849 | DEBUG | Checkpoint done. | org.apache.activemq.store.kahadb.MessageDatabase | ActiveMQ Journal Checkpoint Worker
2025-10-29 02:37:09,478 | DEBUG | queue://Consumer.A.VirtualTopic.Analysis expiring messages .. | org.apache.activemq.broker.region.Queue | ActiveMQ Broker[localhost] Scheduler
2025-10-29 02:37:09,478 | DEBUG | Consumer.A.VirtualTopic.Analysis toPageIn: 0, Inflight: 0, pagedInMessages.size 0, enqueueCount: 0, dequeueCount: 0 | org.apache.activemq.broker.region.Queue | ActiveMQ Broker[localhost] Scheduler
2025-10-29 02:37:09,479 | DEBUG | queue://Consumer.A.VirtualTopic.Analysis expiring messages done. | org.apache.activemq.broker.region.Queue | ActiveMQ Broker[localhost] Scheduler
2025-10-29 02:37:09,537 | DEBUG | queue://queue.analysis expiring messages .. | org.apache.activemq.broker.region.Queue | ActiveMQ Broker[localhost] Scheduler
2025-10-29 02:37:09,537 | DEBUG | queue.analysis toPageIn: 0, Inflight: 0, pagedInMessages.size 0, enqueueCount: 0, dequeueCount: 0 | org.apache.activemq.broker.region.Queue | ActiveMQ Broker[localhost] Scheduler
2025-10-29 02:37:09,538 | DEBUG | queue://queue.analysis expiring messages done. | org.apache.activemq.broker.region.Queue | ActiveMQ Broker[localhost] Scheduler
2025-10-29 02:37:09,894 | DEBUG | WriteChecker 10000 ms elapsed since last write check. | org.apache.activemq.transport.AbstractInactivityMonitor | ActiveMQ InactivityMonitor WriteCheckTimer
2025-10-29 02:37:09,895 | DEBUG | Running WriteCheck[tcp://172.18.0.1:40982] | org.apache.activemq.transport.AbstractInactivityMonitor | ActiveMQ InactivityMonitor Worker
2025-10-29 02:37:12,851 | DEBUG | Checkpoint started. | org.apache.activemq.store.kahadb.MessageDatabase | ActiveMQ Journal Checkpoint Worker
2025-10-29 02:37:12,866 | DEBUG | Checkpoint done. | org.apache.activemq.store.kahadb.MessageDatabase | ActiveMQ Journal Checkpoint Worker
2025-10-29 02:37:16,080 | DEBUG | WriteChecker 10000 ms elapsed since last write check. | org.apache.activemq.transport.AbstractInactivityMonitor | ActiveMQ InactivityMonitor WriteCheckTimer
2025-10-29 02:37:16,080 | DEBUG | Running WriteCheck[tcp://172.18.0.1:49490] | org.apache.activemq.transport.AbstractInactivityMonitor | ActiveMQ InactivityMonitor Worker
2025-10-29 02:37:16,110 | DEBUG | WriteChecker 10000 ms elapsed since last write check. | org.apache.activemq.transport.AbstractInactivityMonitor | ActiveMQ InactivityMonitor WriteCheckTimer
2025-10-29 02:37:16,111 | DEBUG | Running WriteCheck[tcp://172.18.0.1:49496] | org.apache.activemq.transport.AbstractInactivityMonitor | ActiveMQ InactivityMonitor Worker
2025-10-29 02:37:17,869 | DEBUG | Checkpoint started. | org.apache.activemq.store.kahadb.MessageDatabase | ActiveMQ Journal Checkpoint Worker
2025-10-29 02:37:17,884 | DEBUG | Checkpoint done. | org.apache.activemq.store.kahadb.MessageDatabase | ActiveMQ Journal Checkpoint Worker
2025-10-29 02:37:19,894 | DEBUG | WriteChecker 10000 ms elapsed since last write check. | org.apache.activemq.transport.AbstractInactivityMonitor | ActiveMQ InactivityMonitor WriteCheckTimer
2025-10-29 02:37:19,894 | DEBUG | Running WriteCheck[tcp://172.18.0.1:40982] | org.apache.activemq.transport.AbstractInactivityMonitor | ActiveMQ InactivityMonitor Worker
2025-10-29 02:37:20,071 | DEBUG | queue://analysis.queue expiring messages .. | org.apache.activemq.broker.region.Queue | ActiveMQ Broker[localhost] Scheduler
2025-10-29 02:37:20,072 | DEBUG | analysis.queue toPageIn: 0, Inflight: 0, pagedInMessages.size 1, enqueueCount: 1, dequeueCount: 0 | org.apache.activemq.broker.region.Queue | ActiveMQ Broker[localhost] Scheduler
2025-10-29 02:37:20,072 | DEBUG | queue://analysis.queue expiring messages done. | org.apache.activemq.broker.region.Queue | ActiveMQ Broker[localhost] Scheduler
2025-10-29 02:37:20,072 | DEBUG | analysis.queue toPageIn: 0, Inflight: 0, pagedInMessages.size 1, enqueueCount: 1, dequeueCount: 0 | org.apache.activemq.broker.region.Queue | ActiveMQ BrokerService[localhost] Task-17
2025-10-29 02:37:22,889 | DEBUG | Checkpoint started. | org.apache.activemq.store.kahadb.MessageDatabase | ActiveMQ Journal Checkpoint Worker
2025-10-29 02:37:22,904 | DEBUG | Checkpoint done. | org.apache.activemq.store.kahadb.MessageDatabase | ActiveMQ Journal Checkpoint Worker
2025-10-29 02:37:26,072 | DEBUG | 30000 ms elapsed since last read check. | org.apache.activemq.transport.AbstractInactivityMonitor | ActiveMQ InactivityMonitor ReadCheckTimer
2025-10-29 02:37:26,081 | DEBUG | WriteChecker 10001 ms elapsed since last write check. | org.apache.activemq.transport.AbstractInactivityMonitor | ActiveMQ InactivityMonitor WriteCheckTimer
2025-10-29 02:37:26,081 | DEBUG | Running WriteCheck[tcp://172.18.0.1:49490] | org.apache.activemq.transport.AbstractInactivityMonitor | ActiveMQ InactivityMonitor Worker
2025-10-29 02:37:26,108 | DEBUG | 30000 ms elapsed since last read check. | org.apache.activemq.transport.AbstractInactivityMonitor | ActiveMQ InactivityMonitor ReadCheckTimer
2025-10-29 02:37:26,110 | DEBUG | WriteChecker 10000 ms elapsed since last write check. | org.apache.activemq.transport.AbstractInactivityMonitor | ActiveMQ InactivityMonitor WriteCheckTimer
2025-10-29 02:37:26,111 | DEBUG | Running WriteCheck[tcp://172.18.0.1:49496] | org.apache.activemq.transport.AbstractInactivityMonitor | ActiveMQ InactivityMonitor Worker
2025-10-29 02:37:27,905 | DEBUG | Checkpoint started. | org.apache.activemq.store.kahadb.MessageDatabase | ActiveMQ Journal Checkpoint Worker
2025-10-29 02:37:27,921 | DEBUG | Checkpoint done. | org.apache.activemq.store.kahadb.MessageDatabase | ActiveMQ Journal Checkpoint Worker
2025-10-29 02:37:29,008 | DEBUG | temp-queue://ID:351d5895b329-37485-1761699249168-2:3:1 expiring messages .. | org.apache.activemq.broker.region.Queue | ActiveMQ Broker[localhost] Scheduler
2025-10-29 02:37:29,008 | DEBUG | ID:351d5895b329-37485-1761699249168-2:3:1 toPageIn: 0, Inflight: 0, pagedInMessages.size 0, enqueueCount: 0, dequeueCount: 0 | org.apache.activemq.broker.region.Queue | ActiveMQ Broker[localhost] Scheduler
2025-10-29 02:37:29,009 | DEBUG | temp-queue://ID:351d5895b329-37485-1761699249168-2:3:1 expiring messages done. | org.apache.activemq.broker.region.Queue | ActiveMQ Broker[localhost] Scheduler
2025-10-29 02:37:29,843 | DEBUG | 30000 ms elapsed since last read check. | org.apache.activemq.transport.AbstractInactivityMonitor | ActiveMQ InactivityMonitor ReadCheckTimer
2025-10-29 02:37:29,895 | DEBUG | WriteChecker 10001 ms elapsed since last write check. | org.apache.activemq.transport.AbstractInactivityMonitor | ActiveMQ InactivityMonitor WriteCheckTimer
2025-10-29 02:37:29,895 | DEBUG | Running WriteCheck[tcp://172.18.0.1:40982] | org.apache.activemq.transport.AbstractInactivityMonitor | ActiveMQ InactivityMonitor Worker
2025-10-29 02:37:32,923 | DEBUG | Checkpoint started. | org.apache.activemq.store.kahadb.MessageDatabase | ActiveMQ Journal Checkpoint Worker
2025-10-29 02:37:32,945 | DEBUG | Checkpoint done. | org.apache.activemq.store.kahadb.MessageDatabase | ActiveMQ Journal Checkpoint Worker
2025-10-29 02:37:36,081 | DEBUG | WriteChecker 10000 ms elapsed since last write check. | org.apache.activemq.transport.AbstractInactivityMonitor | ActiveMQ InactivityMonitor WriteCheckTimer
2025-10-29 02:37:36,082 | DEBUG | Running WriteCheck[tcp://172.18.0.1:49490] | org.apache.activemq.transport.AbstractInactivityMonitor | ActiveMQ InactivityMonitor Worker
2025-10-29 02:37:36,110 | DEBUG | WriteChecker 10000 ms elapsed since last write check. | org.apache.activemq.transport.AbstractInactivityMonitor | ActiveMQ InactivityMonitor WriteCheckTimer
2025-10-29 02:37:36,111 | DEBUG | Running WriteCheck[tcp://172.18.0.1:49496] | org.apache.activemq.transport.AbstractInactivityMonitor | ActiveMQ InactivityMonitor Worker
2025-10-29 02:37:37,947 | DEBUG | Checkpoint started. | org.apache.activemq.store.kahadb.MessageDatabase | ActiveMQ Journal Checkpoint Worker
2025-10-29 02:37:37,962 | DEBUG | Checkpoint done. | org.apache.activemq.store.kahadb.MessageDatabase | ActiveMQ Journal Checkpoint Worker
2025-10-29 02:37:39,479 | DEBUG | queue://Consumer.A.VirtualTopic.Analysis expiring messages .. | org.apache.activemq.broker.region.Queue | ActiveMQ Broker[localhost] Scheduler
2025-10-29 02:37:39,480 | DEBUG | Consumer.A.VirtualTopic.Analysis toPageIn: 0, Inflight: 0, pagedInMessages.size 0, enqueueCount: 0, dequeueCount: 0 | org.apache.activemq.broker.region.Queue | ActiveMQ Broker[localhost] Scheduler
2025-10-29 02:37:39,480 | DEBUG | queue://Consumer.A.VirtualTopic.Analysis expiring messages done. | org.apache.activemq.broker.region.Queue | ActiveMQ Broker[localhost] Scheduler
2025-10-29 02:37:39,538 | DEBUG | queue://queue.analysis expiring messages .. | org.apache.activemq.broker.region.Queue | ActiveMQ Broker[localhost] Scheduler
2025-10-29 02:37:39,539 | DEBUG | queue.analysis toPageIn: 0, Inflight: 0, pagedInMessages.size 0, enqueueCount: 0, dequeueCount: 0 | org.apache.activemq.broker.region.Queue | ActiveMQ Broker[localhost] Scheduler
2025-10-29 02:37:39,539 | DEBUG | queue://queue.analysis expiring messages done. | org.apache.activemq.broker.region.Queue | ActiveMQ Broker[localhost] Scheduler
2025-10-29 02:37:39,895 | DEBUG | WriteChecker 10000 ms elapsed since last write check. | org.apache.activemq.transport.AbstractInactivityMonitor | ActiveMQ InactivityMonitor WriteCheckTimer
2025-10-29 02:37:39,896 | DEBUG | Running WriteCheck[tcp://172.18.0.1:40982] | org.apache.activemq.transport.AbstractInactivityMonitor | ActiveMQ InactivityMonitor Worker
2025-10-29 02:37:42,964 | DEBUG | Checkpoint started. | org.apache.activemq.store.kahadb.MessageDatabase | ActiveMQ Journal Checkpoint Worker
2025-10-29 02:37:42,976 | DEBUG | Checkpoint done. | org.apache.activemq.store.kahadb.MessageDatabase | ActiveMQ Journal Checkpoint Worker
2025-10-29 02:37:46,081 | DEBUG | WriteChecker 10000 ms elapsed since last write check. | org.apache.activemq.transport.AbstractInactivityMonitor | ActiveMQ InactivityMonitor WriteCheckTimer
2025-10-29 02:37:46,081 | DEBUG | Running WriteCheck[tcp://172.18.0.1:49490] | org.apache.activemq.transport.AbstractInactivityMonitor | ActiveMQ InactivityMonitor Worker
2025-10-29 02:37:46,110 | DEBUG | WriteChecker 10000 ms elapsed since last write check. | org.apache.activemq.transport.AbstractInactivityMonitor | ActiveMQ InactivityMonitor WriteCheckTimer
2025-10-29 02:37:46,111 | DEBUG | Running WriteCheck[tcp://172.18.0.1:49496] | org.apache.activemq.transport.AbstractInactivityMonitor | ActiveMQ InactivityMonitor Worker
2025-10-29 02:37:47,977 | DEBUG | Checkpoint started. | org.apache.activemq.store.kahadb.MessageDatabase | ActiveMQ Journal Checkpoint Worker
2025-10-29 02:37:47,988 | DEBUG | Checkpoint done. | org.apache.activemq.store.kahadb.MessageDatabase | ActiveMQ Journal Checkpoint Worker
2025-10-29 02:37:49,895 | DEBUG | WriteChecker 10000 ms elapsed since last write check. | org.apache.activemq.transport.AbstractInactivityMonitor | ActiveMQ InactivityMonitor WriteCheckTimer
2025-10-29 02:37:49,896 | DEBUG | Running WriteCheck[tcp://172.18.0.1:40982] | org.apache.activemq.transport.AbstractInactivityMonitor | ActiveMQ InactivityMonitor Worker
2025-10-29 02:37:50,071 | DEBUG | queue://analysis.queue expiring messages .. | org.apache.activemq.broker.region.Queue | ActiveMQ Broker[localhost] Scheduler
2025-10-29 02:37:50,071 | DEBUG | analysis.queue toPageIn: 0, Inflight: 0, pagedInMessages.size 1, enqueueCount: 1, dequeueCount: 0 | org.apache.activemq.broker.region.Queue | ActiveMQ Broker[localhost] Scheduler
2025-10-29 02:37:50,072 | DEBUG | queue://analysis.queue expiring messages done. | org.apache.activemq.broker.region.Queue | ActiveMQ Broker[localhost] Scheduler
2025-10-29 02:37:50,072 | DEBUG | analysis.queue toPageIn: 0, Inflight: 0, pagedInMessages.size 1, enqueueCount: 1, dequeueCount: 0 | org.apache.activemq.broker.region.Queue | ActiveMQ BrokerService[localhost] Task-17
2025-10-29 02:37:52,990 | DEBUG | Checkpoint started. | org.apache.activemq.store.kahadb.MessageDatabase | ActiveMQ Journal Checkpoint Worker
2025-10-29 02:37:53,003 | DEBUG | Checkpoint done. | org.apache.activemq.store.kahadb.MessageDatabase | ActiveMQ Journal Checkpoint Worker
2025-10-29 02:37:56,073 | DEBUG | 30001 ms elapsed since last read check. | org.apache.activemq.transport.AbstractInactivityMonitor | ActiveMQ InactivityMonitor ReadCheckTimer
2025-10-29 02:37:56,081 | DEBUG | WriteChecker 10000 ms elapsed since last write check. | org.apache.activemq.transport.AbstractInactivityMonitor | ActiveMQ InactivityMonitor WriteCheckTimer
2025-10-29 02:37:56,082 | DEBUG | Running WriteCheck[tcp://172.18.0.1:49490] | org.apache.activemq.transport.AbstractInactivityMonitor | ActiveMQ InactivityMonitor Worker
2025-10-29 02:37:56,108 | DEBUG | 30000 ms elapsed since last read check. | org.apache.activemq.transport.AbstractInactivityMonitor | ActiveMQ InactivityMonitor ReadCheckTimer
2025-10-29 02:37:56,111 | DEBUG | WriteChecker 10001 ms elapsed since last write check. | org.apache.activemq.transport.AbstractInactivityMonitor | ActiveMQ InactivityMonitor WriteCheckTimer
2025-10-29 02:37:56,111 | DEBUG | Running WriteCheck[tcp://172.18.0.1:49496] | org.apache.activemq.transport.AbstractInactivityMonitor | ActiveMQ InactivityMonitor Worker
2025-10-29 02:37:58,003 | DEBUG | Checkpoint started. | org.apache.activemq.store.kahadb.MessageDatabase | ActiveMQ Journal Checkpoint Worker
2025-10-29 02:37:58,016 | DEBUG | Checkpoint done. | org.apache.activemq.store.kahadb.MessageDatabase | ActiveMQ Journal Checkpoint Worker
2025-10-29 02:37:59,009 | DEBUG | temp-queue://ID:351d5895b329-37485-1761699249168-2:3:1 expiring messages .. | org.apache.activemq.broker.region.Queue | ActiveMQ Broker[localhost] Scheduler
2025-10-29 02:37:59,009 | DEBUG | ID:351d5895b329-37485-1761699249168-2:3:1 toPageIn: 0, Inflight: 0, pagedInMessages.size 0, enqueueCount: 0, dequeueCount: 0 | org.apache.activemq.broker.region.Queue | ActiveMQ Broker[localhost] Scheduler
2025-10-29 02:37:59,010 | DEBUG | temp-queue://ID:351d5895b329-37485-1761699249168-2:3:1 expiring messages done. | org.apache.activemq.broker.region.Queue | ActiveMQ Broker[localhost] Scheduler
2025-10-29 02:37:59,843 | DEBUG | 30000 ms elapsed since last read check. | org.apache.activemq.transport.AbstractInactivityMonitor | ActiveMQ InactivityMonitor ReadCheckTimer
2025-10-29 02:37:59,896 | DEBUG | WriteChecker 10000 ms elapsed since last write check. | org.apache.activemq.transport.AbstractInactivityMonitor | ActiveMQ InactivityMonitor WriteCheckTimer
2025-10-29 02:37:59,896 | DEBUG | Running WriteCheck[tcp://172.18.0.1:40982] | org.apache.activemq.transport.AbstractInactivityMonitor | ActiveMQ InactivityMonitor Worker
2025-10-29 02:38:03,018 | DEBUG | Checkpoint started. | org.apache.activemq.store.kahadb.MessageDatabase | ActiveMQ Journal Checkpoint Worker
2025-10-29 02:38:03,031 | DEBUG | Checkpoint done. | org.apache.activemq.store.kahadb.MessageDatabase | ActiveMQ Journal Checkpoint Worker
2025-10-29 02:38:06,081 | DEBUG | WriteChecker 10000 ms elapsed since last write check. | org.apache.activemq.transport.AbstractInactivityMonitor | ActiveMQ InactivityMonitor WriteCheckTimer
2025-10-29 02:38:06,082 | DEBUG | Running WriteCheck[tcp://172.18.0.1:49490] | org.apache.activemq.transport.AbstractInactivityMonitor | ActiveMQ InactivityMonitor Worker
2025-10-29 02:38:06,112 | DEBUG | WriteChecker 10001 ms elapsed since last write check. | org.apache.activemq.transport.AbstractInactivityMonitor | ActiveMQ InactivityMonitor WriteCheckTimer
2025-10-29 02:38:06,113 | DEBUG | Running WriteCheck[tcp://172.18.0.1:49496] | org.apache.activemq.transport.AbstractInactivityMonitor | ActiveMQ InactivityMonitor Worker
2025-10-29 02:38:08,035 | DEBUG | Checkpoint started. | org.apache.activemq.store.kahadb.MessageDatabase | ActiveMQ Journal Checkpoint Worker
2025-10-29 02:38:08,049 | DEBUG | Checkpoint done. | org.apache.activemq.store.kahadb.MessageDatabase | ActiveMQ Journal Checkpoint Worker
2025-10-29 02:38:09,479 | DEBUG | queue://Consumer.A.VirtualTopic.Analysis expiring messages .. | org.apache.activemq.broker.region.Queue | ActiveMQ Broker[localhost] Scheduler
2025-10-29 02:38:09,480 | DEBUG | Consumer.A.VirtualTopic.Analysis toPageIn: 0, Inflight: 0, pagedInMessages.size 0, enqueueCount: 0, dequeueCount: 0 | org.apache.activemq.broker.region.Queue | ActiveMQ Broker[localhost] Scheduler
2025-10-29 02:38:09,480 | DEBUG | queue://Consumer.A.VirtualTopic.Analysis expiring messages done. | org.apache.activemq.broker.region.Queue | ActiveMQ Broker[localhost] Scheduler
2025-10-29 02:38:09,538 | DEBUG | queue://queue.analysis expiring messages .. | org.apache.activemq.broker.region.Queue | ActiveMQ Broker[localhost] Scheduler
2025-10-29 02:38:09,538 | DEBUG | queue.analysis toPageIn: 0, Inflight: 0, pagedInMessages.size 0, enqueueCount: 0, dequeueCount: 0 | org.apache.activemq.broker.region.Queue | ActiveMQ Broker[localhost] Scheduler
2025-10-29 02:38:09,539 | DEBUG | queue://queue.analysis expiring messages done. | org.apache.activemq.broker.region.Queue | ActiveMQ Broker[localhost] Scheduler
2025-10-29 02:38:09,895 | DEBUG | WriteChecker 10000 ms elapsed since last write check. | org.apache.activemq.transport.AbstractInactivityMonitor | ActiveMQ InactivityMonitor WriteCheckTimer
2025-10-29 02:38:09,895 | DEBUG | Running WriteCheck[tcp://172.18.0.1:40982] | org.apache.activemq.transport.AbstractInactivityMonitor | ActiveMQ InactivityMonitor Worker
2025-10-29 02:38:13,051 | DEBUG | Checkpoint started. | org.apache.activemq.store.kahadb.MessageDatabase | ActiveMQ Journal Checkpoint Worker
2025-10-29 02:38:13,066 | DEBUG | Checkpoint done. | org.apache.activemq.store.kahadb.MessageDatabase | ActiveMQ Journal Checkpoint Worker
2025-10-29 02:38:16,081 | DEBUG | WriteChecker 10000 ms elapsed since last write check. | org.apache.activemq.transport.AbstractInactivityMonitor | ActiveMQ InactivityMonitor WriteCheckTimer
2025-10-29 02:38:16,082 | DEBUG | Running WriteCheck[tcp://172.18.0.1:49490] | org.apache.activemq.transport.AbstractInactivityMonitor | ActiveMQ InactivityMonitor Worker
2025-10-29 02:38:16,111 | DEBUG | WriteChecker 9999 ms elapsed since last write check. | org.apache.activemq.transport.AbstractInactivityMonitor | ActiveMQ InactivityMonitor WriteCheckTimer
2025-10-29 02:38:16,112 | DEBUG | Running WriteCheck[tcp://172.18.0.1:49496] | org.apache.activemq.transport.AbstractInactivityMonitor | ActiveMQ InactivityMonitor Worker
2025-10-29 02:38:18,069 | DEBUG | Checkpoint started. | org.apache.activemq.store.kahadb.MessageDatabase | ActiveMQ Journal Checkpoint Worker
2025-10-29 02:38:18,083 | DEBUG | Checkpoint done. | org.apache.activemq.store.kahadb.MessageDatabase | ActiveMQ Journal Checkpoint Worker
2025-10-29 02:38:19,895 | DEBUG | WriteChecker 10000 ms elapsed since last write check. | org.apache.activemq.transport.AbstractInactivityMonitor | ActiveMQ InactivityMonitor WriteCheckTimer
2025-10-29 02:38:19,896 | DEBUG | Running WriteCheck[tcp://172.18.0.1:40982] | org.apache.activemq.transport.AbstractInactivityMonitor | ActiveMQ InactivityMonitor Worker
2025-10-29 02:38:20,072 | DEBUG | queue://analysis.queue expiring messages .. | org.apache.activemq.broker.region.Queue | ActiveMQ Broker[localhost] Scheduler
2025-10-29 02:38:20,072 | DEBUG | analysis.queue toPageIn: 0, Inflight: 0, pagedInMessages.size 1, enqueueCount: 1, dequeueCount: 0 | org.apache.activemq.broker.region.Queue | ActiveMQ Broker[localhost] Scheduler
2025-10-29 02:38:20,072 | DEBUG | analysis.queue toPageIn: 0, Inflight: 0, pagedInMessages.size 1, enqueueCount: 1, dequeueCount: 0 | org.apache.activemq.broker.region.Queue | ActiveMQ BrokerService[localhost] Task-17
2025-10-29 02:38:20,072 | DEBUG | queue://analysis.queue expiring messages done. | org.apache.activemq.broker.region.Queue | ActiveMQ Broker[localhost] Scheduler
2025-10-29 02:38:23,086 | DEBUG | Checkpoint started. | org.apache.activemq.store.kahadb.MessageDatabase | ActiveMQ Journal Checkpoint Worker
2025-10-29 02:38:23,099 | DEBUG | Checkpoint done. | org.apache.activemq.store.kahadb.MessageDatabase | ActiveMQ Journal Checkpoint Worker
2025-10-29 02:38:26,073 | DEBUG | 30000 ms elapsed since last read check. | org.apache.activemq.transport.AbstractInactivityMonitor | ActiveMQ InactivityMonitor ReadCheckTimer
2025-10-29 02:38:26,083 | DEBUG | WriteChecker 10000 ms elapsed since last write check. | org.apache.activemq.transport.AbstractInactivityMonitor | ActiveMQ InactivityMonitor WriteCheckTimer
2025-10-29 02:38:26,084 | DEBUG | Running WriteCheck[tcp://172.18.0.1:49490] | org.apache.activemq.transport.AbstractInactivityMonitor | ActiveMQ InactivityMonitor Worker
2025-10-29 02:38:26,109 | DEBUG | 30001 ms elapsed since last read check. | org.apache.activemq.transport.AbstractInactivityMonitor | ActiveMQ InactivityMonitor ReadCheckTimer
2025-10-29 02:38:26,111 | DEBUG | WriteChecker 10000 ms elapsed since last write check. | org.apache.activemq.transport.AbstractInactivityMonitor | ActiveMQ InactivityMonitor WriteCheckTimer
2025-10-29 02:38:26,111 | DEBUG | Running WriteCheck[tcp://172.18.0.1:49496] | org.apache.activemq.transport.AbstractInactivityMonitor | ActiveMQ InactivityMonitor Worker
2025-10-29 02:38:28,101 | DEBUG | Checkpoint started. | org.apache.activemq.store.kahadb.MessageDatabase | ActiveMQ Journal Checkpoint Worker
2025-10-29 02:38:28,115 | DEBUG | Checkpoint done. | org.apache.activemq.store.kahadb.MessageDatabase | ActiveMQ Journal Checkpoint Worker
2025-10-29 02:38:29,009 | DEBUG | temp-queue://ID:351d5895b329-37485-1761699249168-2:3:1 expiring messages .. | org.apache.activemq.broker.region.Queue | ActiveMQ Broker[localhost] Scheduler
2025-10-29 02:38:29,009 | DEBUG | ID:351d5895b329-37485-1761699249168-2:3:1 toPageIn: 0, Inflight: 0, pagedInMessages.size 0, enqueueCount: 0, dequeueCount: 0 | org.apache.activemq.broker.region.Queue | ActiveMQ Broker[localhost] Scheduler
2025-10-29 02:38:29,009 | DEBUG | temp-queue://ID:351d5895b329-37485-1761699249168-2:3:1 expiring messages done. | org.apache.activemq.broker.region.Queue | ActiveMQ Broker[localhost] Scheduler
2025-10-29 02:38:29,844 | DEBUG | 30001 ms elapsed since last read check. | org.apache.activemq.transport.AbstractInactivityMonitor | ActiveMQ InactivityMonitor ReadCheckTimer
2025-10-29 02:38:29,895 | DEBUG | WriteChecker 10000 ms elapsed since last write check. | org.apache.activemq.transport.AbstractInactivityMonitor | ActiveMQ InactivityMonitor WriteCheckTimer
2025-10-29 02:38:29,896 | DEBUG | Running WriteCheck[tcp://172.18.0.1:40982] | org.apache.activemq.transport.AbstractInactivityMonitor | ActiveMQ InactivityMonitor Worker
2025-10-29 02:38:33,118 | DEBUG | Checkpoint started. | org.apache.activemq.store.kahadb.MessageDatabase | ActiveMQ Journal Checkpoint Worker
2025-10-29 02:38:33,133 | DEBUG | Checkpoint done. | org.apache.activemq.store.kahadb.MessageDatabase | ActiveMQ Journal Checkpoint Worker
2025-10-29 02:38:36,081 | DEBUG | WriteChecker 10000 ms elapsed since last write check. | org.apache.activemq.transport.AbstractInactivityMonitor | ActiveMQ InactivityMonitor WriteCheckTimer
2025-10-29 02:38:36,082 | DEBUG | Running WriteCheck[tcp://172.18.0.1:49490] | org.apache.activemq.transport.AbstractInactivityMonitor | ActiveMQ InactivityMonitor Worker
2025-10-29 02:38:36,112 | DEBUG | WriteChecker 10001 ms elapsed since last write check. | org.apache.activemq.transport.AbstractInactivityMonitor | ActiveMQ InactivityMonitor WriteCheckTimer
2025-10-29 02:38:36,112 | DEBUG | Running WriteCheck[tcp://172.18.0.1:49496] | org.apache.activemq.transport.AbstractInactivityMonitor | ActiveMQ InactivityMonitor Worker
2025-10-29 02:38:38,136 | DEBUG | Checkpoint started. | org.apache.activemq.store.kahadb.MessageDatabase | ActiveMQ Journal Checkpoint Worker
2025-10-29 02:38:38,150 | DEBUG | Checkpoint done. | org.apache.activemq.store.kahadb.MessageDatabase | ActiveMQ Journal Checkpoint Worker
2025-10-29 02:38:39,479 | DEBUG | queue://Consumer.A.VirtualTopic.Analysis expiring messages .. | org.apache.activemq.broker.region.Queue | ActiveMQ Broker[localhost] Scheduler
2025-10-29 02:38:39,480 | DEBUG | Consumer.A.VirtualTopic.Analysis toPageIn: 0, Inflight: 0, pagedInMessages.size 0, enqueueCount: 0, dequeueCount: 0 | org.apache.activemq.broker.region.Queue | ActiveMQ Broker[localhost] Scheduler
2025-10-29 02:38:39,480 | DEBUG | queue://Consumer.A.VirtualTopic.Analysis expiring messages done. | org.apache.activemq.broker.region.Queue | ActiveMQ Broker[localhost] Scheduler
2025-10-29 02:38:39,538 | DEBUG | queue://queue.analysis expiring messages .. | org.apache.activemq.broker.region.Queue | ActiveMQ Broker[localhost] Scheduler
2025-10-29 02:38:39,539 | DEBUG | queue.analysis toPageIn: 0, Inflight: 0, pagedInMessages.size 0, enqueueCount: 0, dequeueCount: 0 | org.apache.activemq.broker.region.Queue | ActiveMQ Broker[localhost] Scheduler
2025-10-29 02:38:39,540 | DEBUG | queue://queue.analysis expiring messages done. | org.apache.activemq.broker.region.Queue | ActiveMQ Broker[localhost] Scheduler
2025-10-29 02:38:39,896 | DEBUG | WriteChecker 10001 ms elapsed since last write check. | org.apache.activemq.transport.AbstractInactivityMonitor | ActiveMQ InactivityMonitor WriteCheckTimer
2025-10-29 02:38:39,897 | DEBUG | Running WriteCheck[tcp://172.18.0.1:40982] | org.apache.activemq.transport.AbstractInactivityMonitor | ActiveMQ InactivityMonitor Worker
2025-10-29 02:38:43,153 | DEBUG | Checkpoint started. | org.apache.activemq.store.kahadb.MessageDatabase | ActiveMQ Journal Checkpoint Worker
2025-10-29 02:38:43,165 | DEBUG | Checkpoint done. | org.apache.activemq.store.kahadb.MessageDatabase | ActiveMQ Journal Checkpoint Worker
2025-10-29 02:38:46,081 | DEBUG | WriteChecker 10000 ms elapsed since last write check. | org.apache.activemq.transport.AbstractInactivityMonitor | ActiveMQ InactivityMonitor WriteCheckTimer
2025-10-29 02:38:46,082 | DEBUG | Running WriteCheck[tcp://172.18.0.1:49490] | org.apache.activemq.transport.AbstractInactivityMonitor | ActiveMQ InactivityMonitor Worker
2025-10-29 02:38:46,112 | DEBUG | WriteChecker 10000 ms elapsed since last write check. | org.apache.activemq.transport.AbstractInactivityMonitor | ActiveMQ InactivityMonitor WriteCheckTimer
2025-10-29 02:38:46,112 | DEBUG | Running WriteCheck[tcp://172.18.0.1:49496] | org.apache.activemq.transport.AbstractInactivityMonitor | ActiveMQ InactivityMonitor Worker
2025-10-29 02:38:48,167 | DEBUG | Checkpoint started. | org.apache.activemq.store.kahadb.MessageDatabase | ActiveMQ Journal Checkpoint Worker
2025-10-29 02:38:48,182 | DEBUG | Checkpoint done. | org.apache.activemq.store.kahadb.MessageDatabase | ActiveMQ Journal Checkpoint Worker
2025-10-29 02:38:49,897 | DEBUG | WriteChecker 10001 ms elapsed since last write check. | org.apache.activemq.transport.AbstractInactivityMonitor | ActiveMQ InactivityMonitor WriteCheckTimer
2025-10-29 02:38:49,898 | DEBUG | Running WriteCheck[tcp://172.18.0.1:40982] | org.apache.activemq.transport.AbstractInactivityMonitor | ActiveMQ InactivityMonitor Worker
2025-10-29 02:38:50,071 | DEBUG | queue://analysis.queue expiring messages .. | org.apache.activemq.broker.region.Queue | ActiveMQ Broker[localhost] Scheduler
2025-10-29 02:38:50,072 | DEBUG | analysis.queue toPageIn: 0, Inflight: 0, pagedInMessages.size 1, enqueueCount: 1, dequeueCount: 0 | org.apache.activemq.broker.region.Queue | ActiveMQ Broker[localhost] Scheduler
2025-10-29 02:38:50,072 | DEBUG | queue://analysis.queue expiring messages done. | org.apache.activemq.broker.region.Queue | ActiveMQ Broker[localhost] Scheduler
2025-10-29 02:38:50,072 | DEBUG | analysis.queue toPageIn: 0, Inflight: 0, pagedInMessages.size 1, enqueueCount: 1, dequeueCount: 0 | org.apache.activemq.broker.region.Queue | ActiveMQ BrokerService[localhost] Task-17
2025-10-29 02:38:53,184 | DEBUG | Checkpoint started. | org.apache.activemq.store.kahadb.MessageDatabase | ActiveMQ Journal Checkpoint Worker
2025-10-29 02:38:53,206 | DEBUG | Checkpoint done. | org.apache.activemq.store.kahadb.MessageDatabase | ActiveMQ Journal Checkpoint Worker
2025-10-29 02:38:56,073 | DEBUG | 30000 ms elapsed since last read check. | org.apache.activemq.transport.AbstractInactivityMonitor | ActiveMQ InactivityMonitor ReadCheckTimer
2025-10-29 02:38:56,081 | DEBUG | WriteChecker 10000 ms elapsed since last write check. | org.apache.activemq.transport.AbstractInactivityMonitor | ActiveMQ InactivityMonitor WriteCheckTimer
2025-10-29 02:38:56,082 | DEBUG | Running WriteCheck[tcp://172.18.0.1:49490] | org.apache.activemq.transport.AbstractInactivityMonitor | ActiveMQ InactivityMonitor Worker
2025-10-29 02:38:56,109 | DEBUG | 30000 ms elapsed since last read check. | org.apache.activemq.transport.AbstractInactivityMonitor | ActiveMQ InactivityMonitor ReadCheckTimer
2025-10-29 02:38:56,112 | DEBUG | WriteChecker 10000 ms elapsed since last write check. | org.apache.activemq.transport.AbstractInactivityMonitor | ActiveMQ InactivityMonitor WriteCheckTimer
2025-10-29 02:38:56,112 | DEBUG | Running WriteCheck[tcp://172.18.0.1:49496] | org.apache.activemq.transport.AbstractInactivityMonitor | ActiveMQ InactivityMonitor Worker
2025-10-29 02:38:58,207 | DEBUG | Checkpoint started. | org.apache.activemq.store.kahadb.MessageDatabase | ActiveMQ Journal Checkpoint Worker
2025-10-29 02:38:58,220 | DEBUG | Checkpoint done. | org.apache.activemq.store.kahadb.MessageDatabase | ActiveMQ Journal Checkpoint Worker
2025-10-29 02:38:59,009 | DEBUG | temp-queue://ID:351d5895b329-37485-1761699249168-2:3:1 expiring messages .. | org.apache.activemq.broker.region.Queue | ActiveMQ Broker[localhost] Scheduler
2025-10-29 02:38:59,009 | DEBUG | ID:351d5895b329-37485-1761699249168-2:3:1 toPageIn: 0, Inflight: 0, pagedInMessages.size 0, enqueueCount: 0, dequeueCount: 0 | org.apache.activemq.broker.region.Queue | ActiveMQ Broker[localhost] Scheduler
2025-10-29 02:38:59,010 | DEBUG | temp-queue://ID:351d5895b329-37485-1761699249168-2:3:1 expiring messages done. | org.apache.activemq.broker.region.Queue | ActiveMQ Broker[localhost] Scheduler
2025-10-29 02:38:59,844 | DEBUG | 30000 ms elapsed since last read check. | org.apache.activemq.transport.AbstractInactivityMonitor | ActiveMQ InactivityMonitor ReadCheckTimer
2025-10-29 02:38:59,897 | DEBUG | WriteChecker 10000 ms elapsed since last write check. | org.apache.activemq.transport.AbstractInactivityMonitor | ActiveMQ InactivityMonitor WriteCheckTimer
2025-10-29 02:38:59,898 | DEBUG | Running WriteCheck[tcp://172.18.0.1:40982] | org.apache.activemq.transport.AbstractInactivityMonitor | ActiveMQ InactivityMonitor Worker
2025-10-29 02:39:03,223 | DEBUG | Checkpoint started. | org.apache.activemq.store.kahadb.MessageDatabase | ActiveMQ Journal Checkpoint Worker
2025-10-29 02:39:03,238 | DEBUG | Checkpoint done. | org.apache.activemq.store.kahadb.MessageDatabase | ActiveMQ Journal Checkpoint Worker
2025-10-29 02:39:06,081 | DEBUG | WriteChecker 10000 ms elapsed since last write check. | org.apache.activemq.transport.AbstractInactivityMonitor | ActiveMQ InactivityMonitor WriteCheckTimer
2025-10-29 02:39:06,081 | DEBUG | Running WriteCheck[tcp://172.18.0.1:49490] | org.apache.activemq.transport.AbstractInactivityMonitor | ActiveMQ InactivityMonitor Worker
2025-10-29 02:39:06,112 | DEBUG | WriteChecker 10000 ms elapsed since last write check. | org.apache.activemq.transport.AbstractInactivityMonitor | ActiveMQ InactivityMonitor WriteCheckTimer
2025-10-29 02:39:06,113 | DEBUG | Running WriteCheck[tcp://172.18.0.1:49496] | org.apache.activemq.transport.AbstractInactivityMonitor | ActiveMQ InactivityMonitor Worker
2025-10-29 02:39:08,240 | DEBUG | Checkpoint started. | org.apache.activemq.store.kahadb.MessageDatabase | ActiveMQ Journal Checkpoint Worker
2025-10-29 02:39:08,252 | DEBUG | Checkpoint done. | org.apache.activemq.store.kahadb.MessageDatabase | ActiveMQ Journal Checkpoint Worker
2025-10-29 02:39:09,479 | DEBUG | queue://Consumer.A.VirtualTopic.Analysis expiring messages .. | org.apache.activemq.broker.region.Queue | ActiveMQ Broker[localhost] Scheduler
2025-10-29 02:39:09,479 | DEBUG | Consumer.A.VirtualTopic.Analysis toPageIn: 0, Inflight: 0, pagedInMessages.size 0, enqueueCount: 0, dequeueCount: 0 | org.apache.activemq.broker.region.Queue | ActiveMQ Broker[localhost] Scheduler
2025-10-29 02:39:09,480 | DEBUG | queue://Consumer.A.VirtualTopic.Analysis expiring messages done. | org.apache.activemq.broker.region.Queue | ActiveMQ Broker[localhost] Scheduler
2025-10-29 02:39:09,538 | DEBUG | queue://queue.analysis expiring messages .. | org.apache.activemq.broker.region.Queue | ActiveMQ Broker[localhost] Scheduler
2025-10-29 02:39:09,539 | DEBUG | queue.analysis toPageIn: 0, Inflight: 0, pagedInMessages.size 0, enqueueCount: 0, dequeueCount: 0 | org.apache.activemq.broker.region.Queue | ActiveMQ Broker[localhost] Scheduler
2025-10-29 02:39:09,539 | DEBUG | queue://queue.analysis expiring messages done. | org.apache.activemq.broker.region.Queue | ActiveMQ Broker[localhost] Scheduler
2025-10-29 02:39:09,897 | DEBUG | WriteChecker 10000 ms elapsed since last write check. | org.apache.activemq.transport.AbstractInactivityMonitor | ActiveMQ InactivityMonitor WriteCheckTimer
2025-10-29 02:39:09,897 | DEBUG | Running WriteCheck[tcp://172.18.0.1:40982] | org.apache.activemq.transport.AbstractInactivityMonitor | ActiveMQ InactivityMonitor Worker
2025-10-29 02:39:13,254 | DEBUG | Checkpoint started. | org.apache.activemq.store.kahadb.MessageDatabase | ActiveMQ Journal Checkpoint Worker
2025-10-29 02:39:13,267 | DEBUG | Checkpoint done. | org.apache.activemq.store.kahadb.MessageDatabase | ActiveMQ Journal Checkpoint Worker
2025-10-29 02:39:16,081 | DEBUG | WriteChecker 10000 ms elapsed since last write check. | org.apache.activemq.transport.AbstractInactivityMonitor | ActiveMQ InactivityMonitor WriteCheckTimer
2025-10-29 02:39:16,082 | DEBUG | Running WriteCheck[tcp://172.18.0.1:49490] | org.apache.activemq.transport.AbstractInactivityMonitor | ActiveMQ InactivityMonitor Worker
2025-10-29 02:39:16,112 | DEBUG | WriteChecker 10000 ms elapsed since last write check. | org.apache.activemq.transport.AbstractInactivityMonitor | ActiveMQ InactivityMonitor WriteCheckTimer
2025-10-29 02:39:16,112 | DEBUG | Running WriteCheck[tcp://172.18.0.1:49496] | org.apache.activemq.transport.AbstractInactivityMonitor | ActiveMQ InactivityMonitor Worker
2025-10-29 02:39:18,269 | DEBUG | Checkpoint started. | org.apache.activemq.store.kahadb.MessageDatabase | ActiveMQ Journal Checkpoint Worker
2025-10-29 02:39:18,281 | DEBUG | Checkpoint done. | org.apache.activemq.store.kahadb.MessageDatabase | ActiveMQ Journal Checkpoint Worker
2025-10-29 02:39:19,898 | DEBUG | WriteChecker 10001 ms elapsed since last write check. | org.apache.activemq.transport.AbstractInactivityMonitor | ActiveMQ InactivityMonitor WriteCheckTimer
2025-10-29 02:39:19,898 | DEBUG | Running WriteCheck[tcp://172.18.0.1:40982] | org.apache.activemq.transport.AbstractInactivityMonitor | ActiveMQ InactivityMonitor Worker
2025-10-29 02:39:20,072 | DEBUG | queue://analysis.queue expiring messages .. | org.apache.activemq.broker.region.Queue | ActiveMQ Broker[localhost] Scheduler
2025-10-29 02:39:20,072 | DEBUG | analysis.queue toPageIn: 0, Inflight: 0, pagedInMessages.size 1, enqueueCount: 1, dequeueCount: 0 | org.apache.activemq.broker.region.Queue | ActiveMQ Broker[localhost] Scheduler
2025-10-29 02:39:20,072 | DEBUG | queue://analysis.queue expiring messages done. | org.apache.activemq.broker.region.Queue | ActiveMQ Broker[localhost] Scheduler
2025-10-29 02:39:20,073 | DEBUG | analysis.queue toPageIn: 0, Inflight: 0, pagedInMessages.size 1, enqueueCount: 1, dequeueCount: 0 | org.apache.activemq.broker.region.Queue | ActiveMQ BrokerService[localhost] Task-17
2025-10-29 02:39:23,283 | DEBUG | Checkpoint started. | org.apache.activemq.store.kahadb.MessageDatabase | ActiveMQ Journal Checkpoint Worker
2025-10-29 02:39:23,294 | DEBUG | Checkpoint done. | org.apache.activemq.store.kahadb.MessageDatabase | ActiveMQ Journal Checkpoint Worker
2025-10-29 02:39:26,074 | DEBUG | 30001 ms elapsed since last read check. | org.apache.activemq.transport.AbstractInactivityMonitor | ActiveMQ InactivityMonitor ReadCheckTimer
2025-10-29 02:39:26,081 | DEBUG | WriteChecker 10000 ms elapsed since last write check. | org.apache.activemq.transport.AbstractInactivityMonitor | ActiveMQ InactivityMonitor WriteCheckTimer
2025-10-29 02:39:26,082 | DEBUG | Running WriteCheck[tcp://172.18.0.1:49490] | org.apache.activemq.transport.AbstractInactivityMonitor | ActiveMQ InactivityMonitor Worker
2025-10-29 02:39:26,109 | DEBUG | 30000 ms elapsed since last read check. | org.apache.activemq.transport.AbstractInactivityMonitor | ActiveMQ InactivityMonitor ReadCheckTimer
2025-10-29 02:39:26,112 | DEBUG | WriteChecker 10000 ms elapsed since last write check. | org.apache.activemq.transport.AbstractInactivityMonitor | ActiveMQ InactivityMonitor WriteCheckTimer
2025-10-29 02:39:26,112 | DEBUG | Running WriteCheck[tcp://172.18.0.1:49496] | org.apache.activemq.transport.AbstractInactivityMonitor | ActiveMQ InactivityMonitor Worker
2025-10-29 02:39:28,294 | DEBUG | Checkpoint started. | org.apache.activemq.store.kahadb.MessageDatabase | ActiveMQ Journal Checkpoint Worker
2025-10-29 02:39:28,308 | DEBUG | Checkpoint done. | org.apache.activemq.store.kahadb.MessageDatabase | ActiveMQ Journal Checkpoint Worker
2025-10-29 02:39:29,010 | DEBUG | temp-queue://ID:351d5895b329-37485-1761699249168-2:3:1 expiring messages .. | org.apache.activemq.broker.region.Queue | ActiveMQ Broker[localhost] Scheduler
2025-10-29 02:39:29,010 | DEBUG | ID:351d5895b329-37485-1761699249168-2:3:1 toPageIn: 0, Inflight: 0, pagedInMessages.size 0, enqueueCount: 0, dequeueCount: 0 | org.apache.activemq.broker.region.Queue | ActiveMQ Broker[localhost] Scheduler
2025-10-29 02:39:29,010 | DEBUG | temp-queue://ID:351d5895b329-37485-1761699249168-2:3:1 expiring messages done. | org.apache.activemq.broker.region.Queue | ActiveMQ Broker[localhost] Scheduler
2025-10-29 02:39:29,844 | DEBUG | 30000 ms elapsed since last read check. | org.apache.activemq.transport.AbstractInactivityMonitor | ActiveMQ InactivityMonitor ReadCheckTimer
2025-10-29 02:39:29,898 | DEBUG | WriteChecker 10000 ms elapsed since last write check. | org.apache.activemq.transport.AbstractInactivityMonitor | ActiveMQ InactivityMonitor WriteCheckTimer
2025-10-29 02:39:29,899 | DEBUG | Running WriteCheck[tcp://172.18.0.1:40982] | org.apache.activemq.transport.AbstractInactivityMonitor | ActiveMQ InactivityMonitor Worker
2025-10-29 02:39:33,310 | DEBUG | Checkpoint started. | org.apache.activemq.store.kahadb.MessageDatabase | ActiveMQ Journal Checkpoint Worker
2025-10-29 02:39:33,323 | DEBUG | Checkpoint done. | org.apache.activemq.store.kahadb.MessageDatabase | ActiveMQ Journal Checkpoint Worker
2025-10-29 02:39:36,081 | DEBUG | WriteChecker 10000 ms elapsed since last write check. | org.apache.activemq.transport.AbstractInactivityMonitor | ActiveMQ InactivityMonitor WriteCheckTimer
2025-10-29 02:39:36,082 | DEBUG | Running WriteCheck[tcp://172.18.0.1:49490] | org.apache.activemq.transport.AbstractInactivityMonitor | ActiveMQ InactivityMonitor Worker
2025-10-29 02:39:36,112 | DEBUG | WriteChecker 10000 ms elapsed since last write check. | org.apache.activemq.transport.AbstractInactivityMonitor | ActiveMQ InactivityMonitor WriteCheckTimer
2025-10-29 02:39:36,113 | DEBUG | Running WriteCheck[tcp://172.18.0.1:49496] | org.apache.activemq.transport.AbstractInactivityMonitor | ActiveMQ InactivityMonitor Worker
2025-10-29 02:39:38,325 | DEBUG | Checkpoint started. | org.apache.activemq.store.kahadb.MessageDatabase | ActiveMQ Journal Checkpoint Worker
2025-10-29 02:39:38,342 | DEBUG | Checkpoint done. | org.apache.activemq.store.kahadb.MessageDatabase | ActiveMQ Journal Checkpoint Worker
2025-10-29 02:39:39,479 | DEBUG | queue://Consumer.A.VirtualTopic.Analysis expiring messages .. | org.apache.activemq.broker.region.Queue | ActiveMQ Broker[localhost] Scheduler
2025-10-29 02:39:39,479 | DEBUG | Consumer.A.VirtualTopic.Analysis toPageIn: 0, Inflight: 0, pagedInMessages.size 0, enqueueCount: 0, dequeueCount: 0 | org.apache.activemq.broker.region.Queue | ActiveMQ Broker[localhost] Scheduler
2025-10-29 02:39:39,479 | DEBUG | queue://Consumer.A.VirtualTopic.Analysis expiring messages done. | org.apache.activemq.broker.region.Queue | ActiveMQ Broker[localhost] Scheduler
2025-10-29 02:39:39,539 | DEBUG | queue://queue.analysis expiring messages .. | org.apache.activemq.broker.region.Queue | ActiveMQ Broker[localhost] Scheduler
2025-10-29 02:39:39,539 | DEBUG | queue.analysis toPageIn: 0, Inflight: 0, pagedInMessages.size 0, enqueueCount: 0, dequeueCount: 0 | org.apache.activemq.broker.region.Queue | ActiveMQ Broker[localhost] Scheduler
2025-10-29 02:39:39,539 | DEBUG | queue://queue.analysis expiring messages done. | org.apache.activemq.broker.region.Queue | ActiveMQ Broker[localhost] Scheduler
2025-10-29 02:39:39,898 | DEBUG | WriteChecker 10000 ms elapsed since last write check. | org.apache.activemq.transport.AbstractInactivityMonitor | ActiveMQ InactivityMonitor WriteCheckTimer
2025-10-29 02:39:39,898 | DEBUG | Running WriteCheck[tcp://172.18.0.1:40982] | org.apache.activemq.transport.AbstractInactivityMonitor | ActiveMQ InactivityMonitor Worker
2025-10-29 02:39:43,344 | DEBUG | Checkpoint started. | org.apache.activemq.store.kahadb.MessageDatabase | ActiveMQ Journal Checkpoint Worker
2025-10-29 02:39:43,358 | DEBUG | Checkpoint done. | org.apache.activemq.store.kahadb.MessageDatabase | ActiveMQ Journal Checkpoint Worker
2025-10-29 02:39:46,081 | DEBUG | WriteChecker 10000 ms elapsed since last write check. | org.apache.activemq.transport.AbstractInactivityMonitor | ActiveMQ InactivityMonitor WriteCheckTimer
2025-10-29 02:39:46,082 | DEBUG | Running WriteCheck[tcp://172.18.0.1:49490] | org.apache.activemq.transport.AbstractInactivityMonitor | ActiveMQ InactivityMonitor Worker
2025-10-29 02:39:46,112 | DEBUG | WriteChecker 10000 ms elapsed since last write check. | org.apache.activemq.transport.AbstractInactivityMonitor | ActiveMQ InactivityMonitor WriteCheckTimer
2025-10-29 02:39:46,112 | DEBUG | Running WriteCheck[tcp://172.18.0.1:49496] | org.apache.activemq.transport.AbstractInactivityMonitor | ActiveMQ InactivityMonitor Worker
2025-10-29 02:39:48,361 | DEBUG | Checkpoint started. | org.apache.activemq.store.kahadb.MessageDatabase | ActiveMQ Journal Checkpoint Worker
2025-10-29 02:39:48,378 | DEBUG | Checkpoint done. | org.apache.activemq.store.kahadb.MessageDatabase | ActiveMQ Journal Checkpoint Worker
2025-10-29 02:39:49,898 | DEBUG | WriteChecker 10000 ms elapsed since last write check. | org.apache.activemq.transport.AbstractInactivityMonitor | ActiveMQ InactivityMonitor WriteCheckTimer
2025-10-29 02:39:49,899 | DEBUG | Running WriteCheck[tcp://172.18.0.1:40982] | org.apache.activemq.transport.AbstractInactivityMonitor | ActiveMQ InactivityMonitor Worker
2025-10-29 02:39:50,072 | DEBUG | queue://analysis.queue expiring messages .. | org.apache.activemq.broker.region.Queue | ActiveMQ Broker[localhost] Scheduler
2025-10-29 02:39:50,073 | DEBUG | analysis.queue toPageIn: 0, Inflight: 0, pagedInMessages.size 1, enqueueCount: 1, dequeueCount: 0 | org.apache.activemq.broker.region.Queue | ActiveMQ Broker[localhost] Scheduler
2025-10-29 02:39:50,073 | DEBUG | queue://analysis.queue expiring messages done. | org.apache.activemq.broker.region.Queue | ActiveMQ Broker[localhost] Scheduler
2025-10-29 02:39:50,073 | DEBUG | analysis.queue toPageIn: 0, Inflight: 0, pagedInMessages.size 1, enqueueCount: 1, dequeueCount: 0 | org.apache.activemq.broker.region.Queue | ActiveMQ BrokerService[localhost] Task-17
2025-10-29 02:39:53,380 | DEBUG | Checkpoint started. | org.apache.activemq.store.kahadb.MessageDatabase | ActiveMQ Journal Checkpoint Worker
2025-10-29 02:39:53,393 | DEBUG | Checkpoint done. | org.apache.activemq.store.kahadb.MessageDatabase | ActiveMQ Journal Checkpoint Worker
2025-10-29 02:39:56,074 | DEBUG | 30000 ms elapsed since last read check. | org.apache.activemq.transport.AbstractInactivityMonitor | ActiveMQ InactivityMonitor ReadCheckTimer
2025-10-29 02:39:56,082 | DEBUG | WriteChecker 10001 ms elapsed since last write check. | org.apache.activemq.transport.AbstractInactivityMonitor | ActiveMQ InactivityMonitor WriteCheckTimer
2025-10-29 02:39:56,082 | DEBUG | Running WriteCheck[tcp://172.18.0.1:49490] | org.apache.activemq.transport.AbstractInactivityMonitor | ActiveMQ InactivityMonitor Worker
2025-10-29 02:39:56,109 | DEBUG | 30000 ms elapsed since last read check. | org.apache.activemq.transport.AbstractInactivityMonitor | ActiveMQ InactivityMonitor ReadCheckTimer
2025-10-29 02:39:56,112 | DEBUG | WriteChecker 10000 ms elapsed since last write check. | org.apache.activemq.transport.AbstractInactivityMonitor | ActiveMQ InactivityMonitor WriteCheckTimer
2025-10-29 02:39:56,112 | DEBUG | Running WriteCheck[tcp://172.18.0.1:49496] | org.apache.activemq.transport.AbstractInactivityMonitor | ActiveMQ InactivityMonitor Worker
2025-10-29 02:39:58,393 | DEBUG | Checkpoint started. | org.apache.activemq.store.kahadb.MessageDatabase | ActiveMQ Journal Checkpoint Worker
2025-10-29 02:39:58,409 | DEBUG | Checkpoint done. | org.apache.activemq.store.kahadb.MessageDatabase | ActiveMQ Journal Checkpoint Worker
2025-10-29 02:39:59,010 | DEBUG | temp-queue://ID:351d5895b329-37485-1761699249168-2:3:1 expiring messages .. | org.apache.activemq.broker.region.Queue | ActiveMQ Broker[localhost] Scheduler
2025-10-29 02:39:59,010 | DEBUG | ID:351d5895b329-37485-1761699249168-2:3:1 toPageIn: 0, Inflight: 0, pagedInMessages.size 0, enqueueCount: 0, dequeueCount: 0 | org.apache.activemq.broker.region.Queue | ActiveMQ Broker[localhost] Scheduler
2025-10-29 02:39:59,011 | DEBUG | temp-queue://ID:351d5895b329-37485-1761699249168-2:3:1 expiring messages done. | org.apache.activemq.broker.region.Queue | ActiveMQ Broker[localhost] Scheduler
2025-10-29 02:39:59,844 | DEBUG | 30000 ms elapsed since last read check. | org.apache.activemq.transport.AbstractInactivityMonitor | ActiveMQ InactivityMonitor ReadCheckTimer
2025-10-29 02:39:59,899 | DEBUG | WriteChecker 10001 ms elapsed since last write check. | org.apache.activemq.transport.AbstractInactivityMonitor | ActiveMQ InactivityMonitor WriteCheckTimer
2025-10-29 02:39:59,899 | DEBUG | Running WriteCheck[tcp://172.18.0.1:40982] | org.apache.activemq.transport.AbstractInactivityMonitor | ActiveMQ InactivityMonitor Worker
2025-10-29 02:40:03,411 | DEBUG | Checkpoint started. | org.apache.activemq.store.kahadb.MessageDatabase | ActiveMQ Journal Checkpoint Worker
2025-10-29 02:40:03,424 | DEBUG | Checkpoint done. | org.apache.activemq.store.kahadb.MessageDatabase | ActiveMQ Journal Checkpoint Worker
2025-10-29 02:40:06,082 | DEBUG | WriteChecker 10000 ms elapsed since last write check. | org.apache.activemq.transport.AbstractInactivityMonitor | ActiveMQ InactivityMonitor WriteCheckTimer
2025-10-29 02:40:06,083 | DEBUG | Running WriteCheck[tcp://172.18.0.1:49490] | org.apache.activemq.transport.AbstractInactivityMonitor | ActiveMQ InactivityMonitor Worker
2025-10-29 02:40:06,112 | DEBUG | WriteChecker 10000 ms elapsed since last write check. | org.apache.activemq.transport.AbstractInactivityMonitor | ActiveMQ InactivityMonitor WriteCheckTimer
2025-10-29 02:40:06,112 | DEBUG | Running WriteCheck[tcp://172.18.0.1:49496] | org.apache.activemq.transport.AbstractInactivityMonitor | ActiveMQ InactivityMonitor Worker
2025-10-29 02:40:08,426 | DEBUG | Checkpoint started. | org.apache.activemq.store.kahadb.MessageDatabase | ActiveMQ Journal Checkpoint Worker
2025-10-29 02:40:08,440 | DEBUG | Checkpoint done. | org.apache.activemq.store.kahadb.MessageDatabase | ActiveMQ Journal Checkpoint Worker
2025-10-29 02:40:09,479 | DEBUG | queue://Consumer.A.VirtualTopic.Analysis expiring messages .. | org.apache.activemq.broker.region.Queue | ActiveMQ Broker[localhost] Scheduler
2025-10-29 02:40:09,480 | DEBUG | Consumer.A.VirtualTopic.Analysis toPageIn: 0, Inflight: 0, pagedInMessages.size 0, enqueueCount: 0, dequeueCount: 0 | org.apache.activemq.broker.region.Queue | ActiveMQ Broker[localhost] Scheduler
2025-10-29 02:40:09,481 | DEBUG | queue://Consumer.A.VirtualTopic.Analysis expiring messages done. | org.apache.activemq.broker.region.Queue | ActiveMQ Broker[localhost] Scheduler
2025-10-29 02:40:09,539 | DEBUG | queue://queue.analysis expiring messages .. | org.apache.activemq.broker.region.Queue | ActiveMQ Broker[localhost] Scheduler
2025-10-29 02:40:09,540 | DEBUG | queue.analysis toPageIn: 0, Inflight: 0, pagedInMessages.size 0, enqueueCount: 0, dequeueCount: 0 | org.apache.activemq.broker.region.Queue | ActiveMQ Broker[localhost] Scheduler
2025-10-29 02:40:09,541 | DEBUG | queue://queue.analysis expiring messages done. | org.apache.activemq.broker.region.Queue | ActiveMQ Broker[localhost] Scheduler
2025-10-29 02:40:09,900 | DEBUG | WriteChecker 10001 ms elapsed since last write check. | org.apache.activemq.transport.AbstractInactivityMonitor | ActiveMQ InactivityMonitor WriteCheckTimer
2025-10-29 02:40:09,900 | DEBUG | Running WriteCheck[tcp://172.18.0.1:40982] | org.apache.activemq.transport.AbstractInactivityMonitor | ActiveMQ InactivityMonitor Worker
2025-10-29 02:40:13,443 | DEBUG | Checkpoint started. | org.apache.activemq.store.kahadb.MessageDatabase | ActiveMQ Journal Checkpoint Worker
2025-10-29 02:40:13,458 | DEBUG | Checkpoint done. | org.apache.activemq.store.kahadb.MessageDatabase | ActiveMQ Journal Checkpoint Worker
2025-10-29 02:40:16,083 | DEBUG | WriteChecker 10001 ms elapsed since last write check. | org.apache.activemq.transport.AbstractInactivityMonitor | ActiveMQ InactivityMonitor WriteCheckTimer
2025-10-29 02:40:16,083 | DEBUG | Running WriteCheck[tcp://172.18.0.1:49490] | org.apache.activemq.transport.AbstractInactivityMonitor | ActiveMQ InactivityMonitor Worker
2025-10-29 02:40:16,113 | DEBUG | WriteChecker 10001 ms elapsed since last write check. | org.apache.activemq.transport.AbstractInactivityMonitor | ActiveMQ InactivityMonitor WriteCheckTimer
2025-10-29 02:40:16,113 | DEBUG | Running WriteCheck[tcp://172.18.0.1:49496] | org.apache.activemq.transport.AbstractInactivityMonitor | ActiveMQ InactivityMonitor Worker
2025-10-29 02:40:18,459 | DEBUG | Checkpoint started. | org.apache.activemq.store.kahadb.MessageDatabase | ActiveMQ Journal Checkpoint Worker
2025-10-29 02:40:18,475 | DEBUG | Checkpoint done. | org.apache.activemq.store.kahadb.MessageDatabase | ActiveMQ Journal Checkpoint Worker
2025-10-29 02:40:19,900 | DEBUG | WriteChecker 10000 ms elapsed since last write check. | org.apache.activemq.transport.AbstractInactivityMonitor | ActiveMQ InactivityMonitor WriteCheckTimer
2025-10-29 02:40:19,901 | DEBUG | Running WriteCheck[tcp://172.18.0.1:40982] | org.apache.activemq.transport.AbstractInactivityMonitor | ActiveMQ InactivityMonitor Worker
2025-10-29 02:40:20,072 | DEBUG | queue://analysis.queue expiring messages .. | org.apache.activemq.broker.region.Queue | ActiveMQ Broker[localhost] Scheduler
2025-10-29 02:40:20,072 | DEBUG | analysis.queue toPageIn: 0, Inflight: 0, pagedInMessages.size 1, enqueueCount: 1, dequeueCount: 0 | org.apache.activemq.broker.region.Queue | ActiveMQ Broker[localhost] Scheduler
2025-10-29 02:40:20,073 | DEBUG | queue://analysis.queue expiring messages done. | org.apache.activemq.broker.region.Queue | ActiveMQ Broker[localhost] Scheduler
2025-10-29 02:40:20,073 | DEBUG | analysis.queue toPageIn: 0, Inflight: 0, pagedInMessages.size 1, enqueueCount: 1, dequeueCount: 0 | org.apache.activemq.broker.region.Queue | ActiveMQ BrokerService[localhost] Task-17
2025-10-29 02:40:23,477 | DEBUG | Checkpoint started. | org.apache.activemq.store.kahadb.MessageDatabase | ActiveMQ Journal Checkpoint Worker
2025-10-29 02:40:23,492 | DEBUG | Checkpoint done. | org.apache.activemq.store.kahadb.MessageDatabase | ActiveMQ Journal Checkpoint Worker
2025-10-29 02:40:26,074 | DEBUG | 30000 ms elapsed since last read check. | org.apache.activemq.transport.AbstractInactivityMonitor | ActiveMQ InactivityMonitor ReadCheckTimer
2025-10-29 02:40:26,083 | DEBUG | WriteChecker 10000 ms elapsed since last write check. | org.apache.activemq.transport.AbstractInactivityMonitor | ActiveMQ InactivityMonitor WriteCheckTimer
2025-10-29 02:40:26,083 | DEBUG | Running WriteCheck[tcp://172.18.0.1:49490] | org.apache.activemq.transport.AbstractInactivityMonitor | ActiveMQ InactivityMonitor Worker
2025-10-29 02:40:26,109 | DEBUG | 30000 ms elapsed since last read check. | org.apache.activemq.transport.AbstractInactivityMonitor | ActiveMQ InactivityMonitor ReadCheckTimer
2025-10-29 02:40:26,113 | DEBUG | WriteChecker 10000 ms elapsed since last write check. | org.apache.activemq.transport.AbstractInactivityMonitor | ActiveMQ InactivityMonitor WriteCheckTimer
2025-10-29 02:40:26,114 | DEBUG | Running WriteCheck[tcp://172.18.0.1:49496] | org.apache.activemq.transport.AbstractInactivityMonitor | ActiveMQ InactivityMonitor Worker
2025-10-29 02:40:28,493 | DEBUG | Checkpoint started. | org.apache.activemq.store.kahadb.MessageDatabase | ActiveMQ Journal Checkpoint Worker
2025-10-29 02:40:28,505 | DEBUG | Checkpoint done. | org.apache.activemq.store.kahadb.MessageDatabase | ActiveMQ Journal Checkpoint Worker
2025-10-29 02:40:29,010 | DEBUG | temp-queue://ID:351d5895b329-37485-1761699249168-2:3:1 expiring messages .. | org.apache.activemq.broker.region.Queue | ActiveMQ Broker[localhost] Scheduler
2025-10-29 02:40:29,010 | DEBUG | ID:351d5895b329-37485-1761699249168-2:3:1 toPageIn: 0, Inflight: 0, pagedInMessages.size 0, enqueueCount: 0, dequeueCount: 0 | org.apache.activemq.broker.region.Queue | ActiveMQ Broker[localhost] Scheduler
2025-10-29 02:40:29,010 | DEBUG | temp-queue://ID:351d5895b329-37485-1761699249168-2:3:1 expiring messages done. | org.apache.activemq.broker.region.Queue | ActiveMQ Broker[localhost] Scheduler
2025-10-29 02:40:29,844 | DEBUG | 30000 ms elapsed since last read check. | org.apache.activemq.transport.AbstractInactivityMonitor | ActiveMQ InactivityMonitor ReadCheckTimer
2025-10-29 02:40:29,900 | DEBUG | WriteChecker 10000 ms elapsed since last write check. | org.apache.activemq.transport.AbstractInactivityMonitor | ActiveMQ InactivityMonitor WriteCheckTimer
2025-10-29 02:40:29,900 | DEBUG | Running WriteCheck[tcp://172.18.0.1:40982] | org.apache.activemq.transport.AbstractInactivityMonitor | ActiveMQ InactivityMonitor Worker
2025-10-29 02:40:33,507 | DEBUG | Checkpoint started. | org.apache.activemq.store.kahadb.MessageDatabase | ActiveMQ Journal Checkpoint Worker
2025-10-29 02:40:33,519 | DEBUG | Checkpoint done. | org.apache.activemq.store.kahadb.MessageDatabase | ActiveMQ Journal Checkpoint Worker
2025-10-29 02:40:36,083 | DEBUG | WriteChecker 10000 ms elapsed since last write check. | org.apache.activemq.transport.AbstractInactivityMonitor | ActiveMQ InactivityMonitor WriteCheckTimer
2025-10-29 02:40:36,084 | DEBUG | Running WriteCheck[tcp://172.18.0.1:49490] | org.apache.activemq.transport.AbstractInactivityMonitor | ActiveMQ InactivityMonitor Worker
2025-10-29 02:40:36,113 | DEBUG | WriteChecker 10000 ms elapsed since last write check. | org.apache.activemq.transport.AbstractInactivityMonitor | ActiveMQ InactivityMonitor WriteCheckTimer
2025-10-29 02:40:36,114 | DEBUG | Running WriteCheck[tcp://172.18.0.1:49496] | org.apache.activemq.transport.AbstractInactivityMonitor | ActiveMQ InactivityMonitor Worker
2025-10-29 02:40:38,522 | DEBUG | Checkpoint started. | org.apache.activemq.store.kahadb.MessageDatabase | ActiveMQ Journal Checkpoint Worker
2025-10-29 02:40:38,535 | DEBUG | Checkpoint done. | org.apache.activemq.store.kahadb.MessageDatabase | ActiveMQ Journal Checkpoint Worker
2025-10-29 02:40:39,479 | DEBUG | queue://Consumer.A.VirtualTopic.Analysis expiring messages .. | org.apache.activemq.broker.region.Queue | ActiveMQ Broker[localhost] Scheduler
2025-10-29 02:40:39,479 | DEBUG | Consumer.A.VirtualTopic.Analysis toPageIn: 0, Inflight: 0, pagedInMessages.size 0, enqueueCount: 0, dequeueCount: 0 | org.apache.activemq.broker.region.Queue | ActiveMQ Broker[localhost] Scheduler
2025-10-29 02:40:39,482 | DEBUG | queue://Consumer.A.VirtualTopic.Analysis expiring messages done. | org.apache.activemq.broker.region.Queue | ActiveMQ Broker[localhost] Scheduler
2025-10-29 02:40:39,539 | DEBUG | queue://queue.analysis expiring messages .. | org.apache.activemq.broker.region.Queue | ActiveMQ Broker[localhost] Scheduler
2025-10-29 02:40:39,539 | DEBUG | queue.analysis toPageIn: 0, Inflight: 0, pagedInMessages.size 0, enqueueCount: 0, dequeueCount: 0 | org.apache.activemq.broker.region.Queue | ActiveMQ Broker[localhost] Scheduler
2025-10-29 02:40:39,540 | DEBUG | queue://queue.analysis expiring messages done. | org.apache.activemq.broker.region.Queue | ActiveMQ Broker[localhost] Scheduler
2025-10-29 02:40:39,901 | DEBUG | WriteChecker 10001 ms elapsed since last write check. | org.apache.activemq.transport.AbstractInactivityMonitor | ActiveMQ InactivityMonitor WriteCheckTimer
2025-10-29 02:40:39,901 | DEBUG | Running WriteCheck[tcp://172.18.0.1:40982] | org.apache.activemq.transport.AbstractInactivityMonitor | ActiveMQ InactivityMonitor Worker
2025-10-29 02:40:43,537 | DEBUG | Checkpoint started. | org.apache.activemq.store.kahadb.MessageDatabase | ActiveMQ Journal Checkpoint Worker
2025-10-29 02:40:43,623 | DEBUG | Checkpoint done. | org.apache.activemq.store.kahadb.MessageDatabase | ActiveMQ Journal Checkpoint Worker
2025-10-29 02:40:46,083 | DEBUG | WriteChecker 10000 ms elapsed since last write check. | org.apache.activemq.transport.AbstractInactivityMonitor | ActiveMQ InactivityMonitor WriteCheckTimer
2025-10-29 02:40:46,084 | DEBUG | Running WriteCheck[tcp://172.18.0.1:49490] | org.apache.activemq.transport.AbstractInactivityMonitor | ActiveMQ InactivityMonitor Worker
2025-10-29 02:40:46,113 | DEBUG | WriteChecker 10000 ms elapsed since last write check. | org.apache.activemq.transport.AbstractInactivityMonitor | ActiveMQ InactivityMonitor WriteCheckTimer
2025-10-29 02:40:46,114 | DEBUG | Running WriteCheck[tcp://172.18.0.1:49496] | org.apache.activemq.transport.AbstractInactivityMonitor | ActiveMQ InactivityMonitor Worker
2025-10-29 02:40:48,626 | DEBUG | Checkpoint started. | org.apache.activemq.store.kahadb.MessageDatabase | ActiveMQ Journal Checkpoint Worker
2025-10-29 02:40:48,641 | DEBUG | Checkpoint done. | org.apache.activemq.store.kahadb.MessageDatabase | ActiveMQ Journal Checkpoint Worker
2025-10-29 02:40:49,901 | DEBUG | WriteChecker 10000 ms elapsed since last write check. | org.apache.activemq.transport.AbstractInactivityMonitor | ActiveMQ InactivityMonitor WriteCheckTimer
2025-10-29 02:40:49,901 | DEBUG | Running WriteCheck[tcp://172.18.0.1:40982] | org.apache.activemq.transport.AbstractInactivityMonitor | ActiveMQ InactivityMonitor Worker
2025-10-29 02:40:50,072 | DEBUG | queue://analysis.queue expiring messages .. | org.apache.activemq.broker.region.Queue | ActiveMQ Broker[localhost] Scheduler
2025-10-29 02:40:50,073 | DEBUG | analysis.queue toPageIn: 0, Inflight: 0, pagedInMessages.size 1, enqueueCount: 1, dequeueCount: 0 | org.apache.activemq.broker.region.Queue | ActiveMQ Broker[localhost] Scheduler
2025-10-29 02:40:50,073 | DEBUG | queue://analysis.queue expiring messages done. | org.apache.activemq.broker.region.Queue | ActiveMQ Broker[localhost] Scheduler
2025-10-29 02:40:50,073 | DEBUG | analysis.queue toPageIn: 0, Inflight: 0, pagedInMessages.size 1, enqueueCount: 1, dequeueCount: 0 | org.apache.activemq.broker.region.Queue | ActiveMQ BrokerService[localhost] Task-17
2025-10-29 02:40:53,644 | DEBUG | Checkpoint started. | org.apache.activemq.store.kahadb.MessageDatabase | ActiveMQ Journal Checkpoint Worker
2025-10-29 02:40:53,659 | DEBUG | Checkpoint done. | org.apache.activemq.store.kahadb.MessageDatabase | ActiveMQ Journal Checkpoint Worker
2025-10-29 02:40:56,074 | DEBUG | 30000 ms elapsed since last read check. | org.apache.activemq.transport.AbstractInactivityMonitor | ActiveMQ InactivityMonitor ReadCheckTimer
2025-10-29 02:40:56,083 | DEBUG | WriteChecker 10000 ms elapsed since last write check. | org.apache.activemq.transport.AbstractInactivityMonitor | ActiveMQ InactivityMonitor WriteCheckTimer
2025-10-29 02:40:56,084 | DEBUG | Running WriteCheck[tcp://172.18.0.1:49490] | org.apache.activemq.transport.AbstractInactivityMonitor | ActiveMQ InactivityMonitor Worker
2025-10-29 02:40:56,109 | DEBUG | 30000 ms elapsed since last read check. | org.apache.activemq.transport.AbstractInactivityMonitor | ActiveMQ InactivityMonitor ReadCheckTimer
2025-10-29 02:40:56,113 | DEBUG | WriteChecker 10000 ms elapsed since last write check. | org.apache.activemq.transport.AbstractInactivityMonitor | ActiveMQ InactivityMonitor WriteCheckTimer
2025-10-29 02:40:56,114 | DEBUG | Running WriteCheck[tcp://172.18.0.1:49496] | org.apache.activemq.transport.AbstractInactivityMonitor | ActiveMQ InactivityMonitor Worker
2025-10-29 02:40:58,659 | DEBUG | Checkpoint started. | org.apache.activemq.store.kahadb.MessageDatabase | ActiveMQ Journal Checkpoint Worker
2025-10-29 02:40:58,674 | DEBUG | Checkpoint done. | org.apache.activemq.store.kahadb.MessageDatabase | ActiveMQ Journal Checkpoint Worker
2025-10-29 02:40:59,010 | DEBUG | temp-queue://ID:351d5895b329-37485-1761699249168-2:3:1 expiring messages .. | org.apache.activemq.broker.region.Queue | ActiveMQ Broker[localhost] Scheduler
2025-10-29 02:40:59,011 | DEBUG | ID:351d5895b329-37485-1761699249168-2:3:1 toPageIn: 0, Inflight: 0, pagedInMessages.size 0, enqueueCount: 0, dequeueCount: 0 | org.apache.activemq.broker.region.Queue | ActiveMQ Broker[localhost] Scheduler
2025-10-29 02:40:59,011 | DEBUG | temp-queue://ID:351d5895b329-37485-1761699249168-2:3:1 expiring messages done. | org.apache.activemq.broker.region.Queue | ActiveMQ Broker[localhost] Scheduler
2025-10-29 02:40:59,845 | DEBUG | 30001 ms elapsed since last read check. | org.apache.activemq.transport.AbstractInactivityMonitor | ActiveMQ InactivityMonitor ReadCheckTimer
2025-10-29 02:40:59,902 | DEBUG | WriteChecker 10001 ms elapsed since last write check. | org.apache.activemq.transport.AbstractInactivityMonitor | ActiveMQ InactivityMonitor WriteCheckTimer
2025-10-29 02:40:59,902 | DEBUG | Running WriteCheck[tcp://172.18.0.1:40982] | org.apache.activemq.transport.AbstractInactivityMonitor | ActiveMQ InactivityMonitor Worker
2025-10-29 02:41:03,677 | DEBUG | Checkpoint started. | org.apache.activemq.store.kahadb.MessageDatabase | ActiveMQ Journal Checkpoint Worker
2025-10-29 02:41:03,694 | DEBUG | Checkpoint done. | org.apache.activemq.store.kahadb.MessageDatabase | ActiveMQ Journal Checkpoint Worker
2025-10-29 02:41:06,083 | DEBUG | WriteChecker 10000 ms elapsed since last write check. | org.apache.activemq.transport.AbstractInactivityMonitor | ActiveMQ InactivityMonitor WriteCheckTimer
2025-10-29 02:41:06,084 | DEBUG | Running WriteCheck[tcp://172.18.0.1:49490] | org.apache.activemq.transport.AbstractInactivityMonitor | ActiveMQ InactivityMonitor Worker
2025-10-29 02:41:06,113 | DEBUG | WriteChecker 10000 ms elapsed since last write check. | org.apache.activemq.transport.AbstractInactivityMonitor | ActiveMQ InactivityMonitor WriteCheckTimer
2025-10-29 02:41:06,113 | DEBUG | Running WriteCheck[tcp://172.18.0.1:49496] | org.apache.activemq.transport.AbstractInactivityMonitor | ActiveMQ InactivityMonitor Worker
2025-10-29 02:41:08,697 | DEBUG | Checkpoint started. | org.apache.activemq.store.kahadb.MessageDatabase | ActiveMQ Journal Checkpoint Worker
2025-10-29 02:41:08,713 | DEBUG | Checkpoint done. | org.apache.activemq.store.kahadb.MessageDatabase | ActiveMQ Journal Checkpoint Worker
2025-10-29 02:41:09,480 | DEBUG | queue://Consumer.A.VirtualTopic.Analysis expiring messages .. | org.apache.activemq.broker.region.Queue | ActiveMQ Broker[localhost] Scheduler
2025-10-29 02:41:09,481 | DEBUG | Consumer.A.VirtualTopic.Analysis toPageIn: 0, Inflight: 0, pagedInMessages.size 0, enqueueCount: 0, dequeueCount: 0 | org.apache.activemq.broker.region.Queue | ActiveMQ Broker[localhost] Scheduler
2025-10-29 02:41:09,482 | DEBUG | queue://Consumer.A.VirtualTopic.Analysis expiring messages done. | org.apache.activemq.broker.region.Queue | ActiveMQ Broker[localhost] Scheduler
2025-10-29 02:41:09,540 | DEBUG | queue://queue.analysis expiring messages .. | org.apache.activemq.broker.region.Queue | ActiveMQ Broker[localhost] Scheduler
2025-10-29 02:41:09,540 | DEBUG | queue.analysis toPageIn: 0, Inflight: 0, pagedInMessages.size 0, enqueueCount: 0, dequeueCount: 0 | org.apache.activemq.broker.region.Queue | ActiveMQ Broker[localhost] Scheduler
2025-10-29 02:41:09,543 | DEBUG | queue://queue.analysis expiring messages done. | org.apache.activemq.broker.region.Queue | ActiveMQ Broker[localhost] Scheduler
2025-10-29 02:41:09,902 | DEBUG | WriteChecker 10000 ms elapsed since last write check. | org.apache.activemq.transport.AbstractInactivityMonitor | ActiveMQ InactivityMonitor WriteCheckTimer
2025-10-29 02:41:09,903 | DEBUG | Running WriteCheck[tcp://172.18.0.1:40982] | org.apache.activemq.transport.AbstractInactivityMonitor | ActiveMQ InactivityMonitor Worker
2025-10-29 02:41:13,716 | DEBUG | Checkpoint started. | org.apache.activemq.store.kahadb.MessageDatabase | ActiveMQ Journal Checkpoint Worker
2025-10-29 02:41:13,730 | DEBUG | Checkpoint done. | org.apache.activemq.store.kahadb.MessageDatabase | ActiveMQ Journal Checkpoint Worker
2025-10-29 02:41:16,083 | DEBUG | WriteChecker 10000 ms elapsed since last write check. | org.apache.activemq.transport.AbstractInactivityMonitor | ActiveMQ InactivityMonitor WriteCheckTimer
2025-10-29 02:41:16,084 | DEBUG | Running WriteCheck[tcp://172.18.0.1:49490] | org.apache.activemq.transport.AbstractInactivityMonitor | ActiveMQ InactivityMonitor Worker
2025-10-29 02:41:16,113 | DEBUG | WriteChecker 10000 ms elapsed since last write check. | org.apache.activemq.transport.AbstractInactivityMonitor | ActiveMQ InactivityMonitor WriteCheckTimer
2025-10-29 02:41:16,114 | DEBUG | Running WriteCheck[tcp://172.18.0.1:49496] | org.apache.activemq.transport.AbstractInactivityMonitor | ActiveMQ InactivityMonitor Worker
2025-10-29 02:41:18,732 | DEBUG | Checkpoint started. | org.apache.activemq.store.kahadb.MessageDatabase | ActiveMQ Journal Checkpoint Worker
2025-10-29 02:41:18,745 | DEBUG | Checkpoint done. | org.apache.activemq.store.kahadb.MessageDatabase | ActiveMQ Journal Checkpoint Worker
2025-10-29 02:41:19,902 | DEBUG | WriteChecker 10000 ms elapsed since last write check. | org.apache.activemq.transport.AbstractInactivityMonitor | ActiveMQ InactivityMonitor WriteCheckTimer
2025-10-29 02:41:19,903 | DEBUG | Running WriteCheck[tcp://172.18.0.1:40982] | org.apache.activemq.transport.AbstractInactivityMonitor | ActiveMQ InactivityMonitor Worker
2025-10-29 02:41:20,073 | DEBUG | queue://analysis.queue expiring messages .. | org.apache.activemq.broker.region.Queue | ActiveMQ Broker[localhost] Scheduler
2025-10-29 02:41:20,073 | DEBUG | analysis.queue toPageIn: 0, Inflight: 0, pagedInMessages.size 1, enqueueCount: 1, dequeueCount: 0 | org.apache.activemq.broker.region.Queue | ActiveMQ Broker[localhost] Scheduler
2025-10-29 02:41:20,073 | DEBUG | queue://analysis.queue expiring messages done. | org.apache.activemq.broker.region.Queue | ActiveMQ Broker[localhost] Scheduler
2025-10-29 02:41:20,073 | DEBUG | analysis.queue toPageIn: 0, Inflight: 0, pagedInMessages.size 1, enqueueCount: 1, dequeueCount: 0 | org.apache.activemq.broker.region.Queue | ActiveMQ BrokerService[localhost] Task-17
2025-10-29 02:41:23,747 | DEBUG | Checkpoint started. | org.apache.activemq.store.kahadb.MessageDatabase | ActiveMQ Journal Checkpoint Worker
2025-10-29 02:41:23,762 | DEBUG | Checkpoint done. | org.apache.activemq.store.kahadb.MessageDatabase | ActiveMQ Journal Checkpoint Worker
2025-10-29 02:41:26,074 | DEBUG | 30000 ms elapsed since last read check. | org.apache.activemq.transport.AbstractInactivityMonitor | ActiveMQ InactivityMonitor ReadCheckTimer
2025-10-29 02:41:26,083 | DEBUG | WriteChecker 10000 ms elapsed since last write check. | org.apache.activemq.transport.AbstractInactivityMonitor | ActiveMQ InactivityMonitor WriteCheckTimer
2025-10-29 02:41:26,084 | DEBUG | Running WriteCheck[tcp://172.18.0.1:49490] | org.apache.activemq.transport.AbstractInactivityMonitor | ActiveMQ InactivityMonitor Worker
2025-10-29 02:41:26,109 | DEBUG | 30000 ms elapsed since last read check. | org.apache.activemq.transport.AbstractInactivityMonitor | ActiveMQ InactivityMonitor ReadCheckTimer
2025-10-29 02:41:26,113 | DEBUG | WriteChecker 10000 ms elapsed since last write check. | org.apache.activemq.transport.AbstractInactivityMonitor | ActiveMQ InactivityMonitor WriteCheckTimer
2025-10-29 02:41:26,113 | DEBUG | Running WriteCheck[tcp://172.18.0.1:49496] | org.apache.activemq.transport.AbstractInactivityMonitor | ActiveMQ InactivityMonitor Worker
2025-10-29 02:41:28,763 | DEBUG | Checkpoint started. | org.apache.activemq.store.kahadb.MessageDatabase | ActiveMQ Journal Checkpoint Worker
2025-10-29 02:41:28,777 | DEBUG | Checkpoint done. | org.apache.activemq.store.kahadb.MessageDatabase | ActiveMQ Journal Checkpoint Worker
2025-10-29 02:41:29,011 | DEBUG | temp-queue://ID:351d5895b329-37485-1761699249168-2:3:1 expiring messages .. | org.apache.activemq.broker.region.Queue | ActiveMQ Broker[localhost] Scheduler
2025-10-29 02:41:29,012 | DEBUG | ID:351d5895b329-37485-1761699249168-2:3:1 toPageIn: 0, Inflight: 0, pagedInMessages.size 0, enqueueCount: 0, dequeueCount: 0 | org.apache.activemq.broker.region.Queue | ActiveMQ Broker[localhost] Scheduler
2025-10-29 02:41:29,012 | DEBUG | temp-queue://ID:351d5895b329-37485-1761699249168-2:3:1 expiring messages done. | org.apache.activemq.broker.region.Queue | ActiveMQ Broker[localhost] Scheduler
2025-10-29 02:41:29,845 | DEBUG | 30000 ms elapsed since last read check. | org.apache.activemq.transport.AbstractInactivityMonitor | ActiveMQ InactivityMonitor ReadCheckTimer
2025-10-29 02:41:29,902 | DEBUG | WriteChecker 10000 ms elapsed since last write check. | org.apache.activemq.transport.AbstractInactivityMonitor | ActiveMQ InactivityMonitor WriteCheckTimer
2025-10-29 02:41:29,903 | DEBUG | Running WriteCheck[tcp://172.18.0.1:40982] | org.apache.activemq.transport.AbstractInactivityMonitor | ActiveMQ InactivityMonitor Worker
2025-10-29 02:41:33,779 | DEBUG | Checkpoint started. | org.apache.activemq.store.kahadb.MessageDatabase | ActiveMQ Journal Checkpoint Worker
2025-10-29 02:41:33,795 | DEBUG | Checkpoint done. | org.apache.activemq.store.kahadb.MessageDatabase | ActiveMQ Journal Checkpoint Worker
2025-10-29 02:41:36,083 | DEBUG | WriteChecker 10000 ms elapsed since last write check. | org.apache.activemq.transport.AbstractInactivityMonitor | ActiveMQ InactivityMonitor WriteCheckTimer
2025-10-29 02:41:36,084 | DEBUG | Running WriteCheck[tcp://172.18.0.1:49490] | org.apache.activemq.transport.AbstractInactivityMonitor | ActiveMQ InactivityMonitor Worker
2025-10-29 02:41:36,113 | DEBUG | WriteChecker 10000 ms elapsed since last write check. | org.apache.activemq.transport.AbstractInactivityMonitor | ActiveMQ InactivityMonitor WriteCheckTimer
2025-10-29 02:41:36,113 | DEBUG | Running WriteCheck[tcp://172.18.0.1:49496] | org.apache.activemq.transport.AbstractInactivityMonitor | ActiveMQ InactivityMonitor Worker
2025-10-29 02:41:38,797 | DEBUG | Checkpoint started. | org.apache.activemq.store.kahadb.MessageDatabase | ActiveMQ Journal Checkpoint Worker
2025-10-29 02:41:38,813 | DEBUG | Checkpoint done. | org.apache.activemq.store.kahadb.MessageDatabase | ActiveMQ Journal Checkpoint Worker
2025-10-29 02:41:39,480 | DEBUG | queue://Consumer.A.VirtualTopic.Analysis expiring messages .. | org.apache.activemq.broker.region.Queue | ActiveMQ Broker[localhost] Scheduler
2025-10-29 02:41:39,480 | DEBUG | Consumer.A.VirtualTopic.Analysis toPageIn: 0, Inflight: 0, pagedInMessages.size 0, enqueueCount: 0, dequeueCount: 0 | org.apache.activemq.broker.region.Queue | ActiveMQ Broker[localhost] Scheduler
2025-10-29 02:41:39,480 | DEBUG | queue://Consumer.A.VirtualTopic.Analysis expiring messages done. | org.apache.activemq.broker.region.Queue | ActiveMQ Broker[localhost] Scheduler
2025-10-29 02:41:39,540 | DEBUG | queue://queue.analysis expiring messages .. | org.apache.activemq.broker.region.Queue | ActiveMQ Broker[localhost] Scheduler
2025-10-29 02:41:39,540 | DEBUG | queue.analysis toPageIn: 0, Inflight: 0, pagedInMessages.size 0, enqueueCount: 0, dequeueCount: 0 | org.apache.activemq.broker.region.Queue | ActiveMQ Broker[localhost] Scheduler
2025-10-29 02:41:39,540 | DEBUG | queue://queue.analysis expiring messages done. | org.apache.activemq.broker.region.Queue | ActiveMQ Broker[localhost] Scheduler
2025-10-29 02:41:39,903 | DEBUG | WriteChecker 10001 ms elapsed since last write check. | org.apache.activemq.transport.AbstractInactivityMonitor | ActiveMQ InactivityMonitor WriteCheckTimer
2025-10-29 02:41:39,904 | DEBUG | Running WriteCheck[tcp://172.18.0.1:40982] | org.apache.activemq.transport.AbstractInactivityMonitor | ActiveMQ InactivityMonitor Worker
2025-10-29 02:41:43,815 | DEBUG | Checkpoint started. | org.apache.activemq.store.kahadb.MessageDatabase | ActiveMQ Journal Checkpoint Worker
2025-10-29 02:41:43,830 | DEBUG | Checkpoint done. | org.apache.activemq.store.kahadb.MessageDatabase | ActiveMQ Journal Checkpoint Worker
2025-10-29 02:41:46,083 | DEBUG | WriteChecker 10000 ms elapsed since last write check. | org.apache.activemq.transport.AbstractInactivityMonitor | ActiveMQ InactivityMonitor WriteCheckTimer
2025-10-29 02:41:46,084 | DEBUG | Running WriteCheck[tcp://172.18.0.1:49490] | org.apache.activemq.transport.AbstractInactivityMonitor | ActiveMQ InactivityMonitor Worker
2025-10-29 02:41:46,113 | DEBUG | WriteChecker 10000 ms elapsed since last write check. | org.apache.activemq.transport.AbstractInactivityMonitor | ActiveMQ InactivityMonitor WriteCheckTimer
2025-10-29 02:41:46,113 | DEBUG | Running WriteCheck[tcp://172.18.0.1:49496] | org.apache.activemq.transport.AbstractInactivityMonitor | ActiveMQ InactivityMonitor Worker
2025-10-29 02:41:48,832 | DEBUG | Checkpoint started. | org.apache.activemq.store.kahadb.MessageDatabase | ActiveMQ Journal Checkpoint Worker
2025-10-29 02:41:48,851 | DEBUG | Checkpoint done. | org.apache.activemq.store.kahadb.MessageDatabase | ActiveMQ Journal Checkpoint Worker
2025-10-29 02:41:49,903 | DEBUG | WriteChecker 10000 ms elapsed since last write check. | org.apache.activemq.transport.AbstractInactivityMonitor | ActiveMQ InactivityMonitor WriteCheckTimer
2025-10-29 02:41:49,904 | DEBUG | Running WriteCheck[tcp://172.18.0.1:40982] | org.apache.activemq.transport.AbstractInactivityMonitor | ActiveMQ InactivityMonitor Worker
2025-10-29 02:41:50,074 | DEBUG | queue://analysis.queue expiring messages .. | org.apache.activemq.broker.region.Queue | ActiveMQ Broker[localhost] Scheduler
2025-10-29 02:41:50,074 | DEBUG | analysis.queue toPageIn: 0, Inflight: 0, pagedInMessages.size 1, enqueueCount: 1, dequeueCount: 0 | org.apache.activemq.broker.region.Queue | ActiveMQ Broker[localhost] Scheduler
2025-10-29 02:41:50,074 | DEBUG | queue://analysis.queue expiring messages done. | org.apache.activemq.broker.region.Queue | ActiveMQ Broker[localhost] Scheduler
2025-10-29 02:41:50,075 | DEBUG | analysis.queue toPageIn: 0, Inflight: 0, pagedInMessages.size 1, enqueueCount: 1, dequeueCount: 0 | org.apache.activemq.broker.region.Queue | ActiveMQ BrokerService[localhost] Task-17
2025-10-29 02:41:53,851 | DEBUG | Checkpoint started. | org.apache.activemq.store.kahadb.MessageDatabase | ActiveMQ Journal Checkpoint Worker
2025-10-29 02:41:53,864 | DEBUG | Checkpoint done. | org.apache.activemq.store.kahadb.MessageDatabase | ActiveMQ Journal Checkpoint Worker
2025-10-29 02:41:56,074 | DEBUG | 30000 ms elapsed since last read check. | org.apache.activemq.transport.AbstractInactivityMonitor | ActiveMQ InactivityMonitor ReadCheckTimer
2025-10-29 02:41:56,084 | DEBUG | WriteChecker 10001 ms elapsed since last write check. | org.apache.activemq.transport.AbstractInactivityMonitor | ActiveMQ InactivityMonitor WriteCheckTimer
2025-10-29 02:41:56,084 | DEBUG | Running WriteCheck[tcp://172.18.0.1:49490] | org.apache.activemq.transport.AbstractInactivityMonitor | ActiveMQ InactivityMonitor Worker
2025-10-29 02:41:56,109 | DEBUG | 30000 ms elapsed since last read check. | org.apache.activemq.transport.AbstractInactivityMonitor | ActiveMQ InactivityMonitor ReadCheckTimer
2025-10-29 02:41:56,113 | DEBUG | WriteChecker 10000 ms elapsed since last write check. | org.apache.activemq.transport.AbstractInactivityMonitor | ActiveMQ InactivityMonitor WriteCheckTimer
2025-10-29 02:41:56,114 | DEBUG | Running WriteCheck[tcp://172.18.0.1:49496] | org.apache.activemq.transport.AbstractInactivityMonitor | ActiveMQ InactivityMonitor Worker
2025-10-29 02:41:58,866 | DEBUG | Checkpoint started. | org.apache.activemq.store.kahadb.MessageDatabase | ActiveMQ Journal Checkpoint Worker
2025-10-29 02:41:58,879 | DEBUG | Checkpoint done. | org.apache.activemq.store.kahadb.MessageDatabase | ActiveMQ Journal Checkpoint Worker
2025-10-29 02:41:59,012 | DEBUG | temp-queue://ID:351d5895b329-37485-1761699249168-2:3:1 expiring messages .. | org.apache.activemq.broker.region.Queue | ActiveMQ Broker[localhost] Scheduler
2025-10-29 02:41:59,012 | DEBUG | ID:351d5895b329-37485-1761699249168-2:3:1 toPageIn: 0, Inflight: 0, pagedInMessages.size 0, enqueueCount: 0, dequeueCount: 0 | org.apache.activemq.broker.region.Queue | ActiveMQ Broker[localhost] Scheduler
2025-10-29 02:41:59,012 | DEBUG | temp-queue://ID:351d5895b329-37485-1761699249168-2:3:1 expiring messages done. | org.apache.activemq.broker.region.Queue | ActiveMQ Broker[localhost] Scheduler
2025-10-29 02:41:59,846 | DEBUG | 30001 ms elapsed since last read check. | org.apache.activemq.transport.AbstractInactivityMonitor | ActiveMQ InactivityMonitor ReadCheckTimer
2025-10-29 02:41:59,903 | DEBUG | WriteChecker 10000 ms elapsed since last write check. | org.apache.activemq.transport.AbstractInactivityMonitor | ActiveMQ InactivityMonitor WriteCheckTimer
2025-10-29 02:41:59,903 | DEBUG | Running WriteCheck[tcp://172.18.0.1:40982] | org.apache.activemq.transport.AbstractInactivityMonitor | ActiveMQ InactivityMonitor Worker
2025-10-29 02:42:03,881 | DEBUG | Checkpoint started. | org.apache.activemq.store.kahadb.MessageDatabase | ActiveMQ Journal Checkpoint Worker
2025-10-29 02:42:03,896 | DEBUG | Checkpoint done. | org.apache.activemq.store.kahadb.MessageDatabase | ActiveMQ Journal Checkpoint Worker
2025-10-29 02:42:06,084 | DEBUG | WriteChecker 10000 ms elapsed since last write check. | org.apache.activemq.transport.AbstractInactivityMonitor | ActiveMQ InactivityMonitor WriteCheckTimer
2025-10-29 02:42:06,085 | DEBUG | Running WriteCheck[tcp://172.18.0.1:49490] | org.apache.activemq.transport.AbstractInactivityMonitor | ActiveMQ InactivityMonitor Worker
2025-10-29 02:42:06,113 | DEBUG | WriteChecker 10000 ms elapsed since last write check. | org.apache.activemq.transport.AbstractInactivityMonitor | ActiveMQ InactivityMonitor WriteCheckTimer
2025-10-29 02:42:06,113 | DEBUG | Running WriteCheck[tcp://172.18.0.1:49496] | org.apache.activemq.transport.AbstractInactivityMonitor | ActiveMQ InactivityMonitor Worker
2025-10-29 02:42:08,900 | DEBUG | Checkpoint started. | org.apache.activemq.store.kahadb.MessageDatabase | ActiveMQ Journal Checkpoint Worker
2025-10-29 02:42:08,916 | DEBUG | Checkpoint done. | org.apache.activemq.store.kahadb.MessageDatabase | ActiveMQ Journal Checkpoint Worker
2025-10-29 02:42:09,480 | DEBUG | queue://Consumer.A.VirtualTopic.Analysis expiring messages .. | org.apache.activemq.broker.region.Queue | ActiveMQ Broker[localhost] Scheduler
2025-10-29 02:42:09,481 | DEBUG | Consumer.A.VirtualTopic.Analysis toPageIn: 0, Inflight: 0, pagedInMessages.size 0, enqueueCount: 0, dequeueCount: 0 | org.apache.activemq.broker.region.Queue | ActiveMQ Broker[localhost] Scheduler
2025-10-29 02:42:09,482 | DEBUG | queue://Consumer.A.VirtualTopic.Analysis expiring messages done. | org.apache.activemq.broker.region.Queue | ActiveMQ Broker[localhost] Scheduler
2025-10-29 02:42:09,541 | DEBUG | queue://queue.analysis expiring messages .. | org.apache.activemq.broker.region.Queue | ActiveMQ Broker[localhost] Scheduler
2025-10-29 02:42:09,541 | DEBUG | queue.analysis toPageIn: 0, Inflight: 0, pagedInMessages.size 0, enqueueCount: 0, dequeueCount: 0 | org.apache.activemq.broker.region.Queue | ActiveMQ Broker[localhost] Scheduler
2025-10-29 02:42:09,541 | DEBUG | queue://queue.analysis expiring messages done. | org.apache.activemq.broker.region.Queue | ActiveMQ Broker[localhost] Scheduler
2025-10-29 02:42:09,904 | DEBUG | WriteChecker 10001 ms elapsed since last write check. | org.apache.activemq.transport.AbstractInactivityMonitor | ActiveMQ InactivityMonitor WriteCheckTimer
2025-10-29 02:42:09,904 | DEBUG | Running WriteCheck[tcp://172.18.0.1:40982] | org.apache.activemq.transport.AbstractInactivityMonitor | ActiveMQ InactivityMonitor Worker
2025-10-29 02:42:13,919 | DEBUG | Checkpoint started. | org.apache.activemq.store.kahadb.MessageDatabase | ActiveMQ Journal Checkpoint Worker
2025-10-29 02:42:13,935 | DEBUG | Checkpoint done. | org.apache.activemq.store.kahadb.MessageDatabase | ActiveMQ Journal Checkpoint Worker
2025-10-29 02:42:16,084 | DEBUG | WriteChecker 10000 ms elapsed since last write check. | org.apache.activemq.transport.AbstractInactivityMonitor | ActiveMQ InactivityMonitor WriteCheckTimer
2025-10-29 02:42:16,085 | DEBUG | Running WriteCheck[tcp://172.18.0.1:49490] | org.apache.activemq.transport.AbstractInactivityMonitor | ActiveMQ InactivityMonitor Worker
2025-10-29 02:42:16,113 | DEBUG | WriteChecker 10000 ms elapsed since last write check. | org.apache.activemq.transport.AbstractInactivityMonitor | ActiveMQ InactivityMonitor WriteCheckTimer
2025-10-29 02:42:16,113 | DEBUG | Running WriteCheck[tcp://172.18.0.1:49496] | org.apache.activemq.transport.AbstractInactivityMonitor | ActiveMQ InactivityMonitor Worker
2025-10-29 02:42:18,937 | DEBUG | Checkpoint started. | org.apache.activemq.store.kahadb.MessageDatabase | ActiveMQ Journal Checkpoint Worker
2025-10-29 02:42:18,951 | DEBUG | Checkpoint done. | org.apache.activemq.store.kahadb.MessageDatabase | ActiveMQ Journal Checkpoint Worker
2025-10-29 02:42:19,905 | DEBUG | WriteChecker 10001 ms elapsed since last write check. | org.apache.activemq.transport.AbstractInactivityMonitor | ActiveMQ InactivityMonitor WriteCheckTimer
2025-10-29 02:42:19,905 | DEBUG | Running WriteCheck[tcp://172.18.0.1:40982] | org.apache.activemq.transport.AbstractInactivityMonitor | ActiveMQ InactivityMonitor Worker
2025-10-29 02:42:20,074 | DEBUG | queue://analysis.queue expiring messages .. | org.apache.activemq.broker.region.Queue | ActiveMQ Broker[localhost] Scheduler
2025-10-29 02:42:20,075 | DEBUG | analysis.queue toPageIn: 0, Inflight: 0, pagedInMessages.size 1, enqueueCount: 1, dequeueCount: 0 | org.apache.activemq.broker.region.Queue | ActiveMQ Broker[localhost] Scheduler
2025-10-29 02:42:20,075 | DEBUG | queue://analysis.queue expiring messages done. | org.apache.activemq.broker.region.Queue | ActiveMQ Broker[localhost] Scheduler
2025-10-29 02:42:20,075 | DEBUG | analysis.queue toPageIn: 0, Inflight: 0, pagedInMessages.size 1, enqueueCount: 1, dequeueCount: 0 | org.apache.activemq.broker.region.Queue | ActiveMQ BrokerService[localhost] Task-17
2025-10-29 02:42:23,952 | DEBUG | Checkpoint started. | org.apache.activemq.store.kahadb.MessageDatabase | ActiveMQ Journal Checkpoint Worker
2025-10-29 02:42:23,968 | DEBUG | Checkpoint done. | org.apache.activemq.store.kahadb.MessageDatabase | ActiveMQ Journal Checkpoint Worker
2025-10-29 02:42:26,074 | DEBUG | 30000 ms elapsed since last read check. | org.apache.activemq.transport.AbstractInactivityMonitor | ActiveMQ InactivityMonitor ReadCheckTimer
2025-10-29 02:42:26,084 | DEBUG | WriteChecker 10000 ms elapsed since last write check. | org.apache.activemq.transport.AbstractInactivityMonitor | ActiveMQ InactivityMonitor WriteCheckTimer
2025-10-29 02:42:26,085 | DEBUG | Running WriteCheck[tcp://172.18.0.1:49490] | org.apache.activemq.transport.AbstractInactivityMonitor | ActiveMQ InactivityMonitor Worker
2025-10-29 02:42:26,110 | DEBUG | 30001 ms elapsed since last read check. | org.apache.activemq.transport.AbstractInactivityMonitor | ActiveMQ InactivityMonitor ReadCheckTimer
2025-10-29 02:42:26,113 | DEBUG | WriteChecker 10000 ms elapsed since last write check. | org.apache.activemq.transport.AbstractInactivityMonitor | ActiveMQ InactivityMonitor WriteCheckTimer
2025-10-29 02:42:26,114 | DEBUG | Running WriteCheck[tcp://172.18.0.1:49496] | org.apache.activemq.transport.AbstractInactivityMonitor | ActiveMQ InactivityMonitor Worker
2025-10-29 02:42:28,971 | DEBUG | Checkpoint started. | org.apache.activemq.store.kahadb.MessageDatabase | ActiveMQ Journal Checkpoint Worker
2025-10-29 02:42:28,987 | DEBUG | Checkpoint done. | org.apache.activemq.store.kahadb.MessageDatabase | ActiveMQ Journal Checkpoint Worker
2025-10-29 02:42:29,011 | DEBUG | temp-queue://ID:351d5895b329-37485-1761699249168-2:3:1 expiring messages .. | org.apache.activemq.broker.region.Queue | ActiveMQ Broker[localhost] Scheduler
2025-10-29 02:42:29,011 | DEBUG | ID:351d5895b329-37485-1761699249168-2:3:1 toPageIn: 0, Inflight: 0, pagedInMessages.size 0, enqueueCount: 0, dequeueCount: 0 | org.apache.activemq.broker.region.Queue | ActiveMQ Broker[localhost] Scheduler
2025-10-29 02:42:29,012 | DEBUG | temp-queue://ID:351d5895b329-37485-1761699249168-2:3:1 expiring messages done. | org.apache.activemq.broker.region.Queue | ActiveMQ Broker[localhost] Scheduler
2025-10-29 02:42:29,847 | DEBUG | 30000 ms elapsed since last read check. | org.apache.activemq.transport.AbstractInactivityMonitor | ActiveMQ InactivityMonitor ReadCheckTimer
2025-10-29 02:42:29,905 | DEBUG | WriteChecker 10000 ms elapsed since last write check. | org.apache.activemq.transport.AbstractInactivityMonitor | ActiveMQ InactivityMonitor WriteCheckTimer
2025-10-29 02:42:29,907 | DEBUG | Running WriteCheck[tcp://172.18.0.1:40982] | org.apache.activemq.transport.AbstractInactivityMonitor | ActiveMQ InactivityMonitor Worker
2025-10-29 02:42:33,990 | DEBUG | Checkpoint started. | org.apache.activemq.store.kahadb.MessageDatabase | ActiveMQ Journal Checkpoint Worker
2025-10-29 02:42:34,004 | DEBUG | Checkpoint done. | org.apache.activemq.store.kahadb.MessageDatabase | ActiveMQ Journal Checkpoint Worker
2025-10-29 02:42:36,085 | DEBUG | WriteChecker 10001 ms elapsed since last write check. | org.apache.activemq.transport.AbstractInactivityMonitor | ActiveMQ InactivityMonitor WriteCheckTimer
2025-10-29 02:42:36,085 | DEBUG | Running WriteCheck[tcp://172.18.0.1:49490] | org.apache.activemq.transport.AbstractInactivityMonitor | ActiveMQ InactivityMonitor Worker
2025-10-29 02:42:36,114 | DEBUG | WriteChecker 10001 ms elapsed since last write check. | org.apache.activemq.transport.AbstractInactivityMonitor | ActiveMQ InactivityMonitor WriteCheckTimer
2025-10-29 02:42:36,114 | DEBUG | Running WriteCheck[tcp://172.18.0.1:49496] | org.apache.activemq.transport.AbstractInactivityMonitor | ActiveMQ InactivityMonitor Worker
2025-10-29 02:42:39,006 | DEBUG | Checkpoint started. | org.apache.activemq.store.kahadb.MessageDatabase | ActiveMQ Journal Checkpoint Worker
2025-10-29 02:42:39,021 | DEBUG | Checkpoint done. | org.apache.activemq.store.kahadb.MessageDatabase | ActiveMQ Journal Checkpoint Worker
2025-10-29 02:42:39,480 | DEBUG | queue://Consumer.A.VirtualTopic.Analysis expiring messages .. | org.apache.activemq.broker.region.Queue | ActiveMQ Broker[localhost] Scheduler
2025-10-29 02:42:39,483 | DEBUG | Consumer.A.VirtualTopic.Analysis toPageIn: 0, Inflight: 0, pagedInMessages.size 0, enqueueCount: 0, dequeueCount: 0 | org.apache.activemq.broker.region.Queue | ActiveMQ Broker[localhost] Scheduler
2025-10-29 02:42:39,484 | DEBUG | queue://Consumer.A.VirtualTopic.Analysis expiring messages done. | org.apache.activemq.broker.region.Queue | ActiveMQ Broker[localhost] Scheduler
2025-10-29 02:42:39,541 | DEBUG | queue://queue.analysis expiring messages .. | org.apache.activemq.broker.region.Queue | ActiveMQ Broker[localhost] Scheduler
2025-10-29 02:42:39,541 | DEBUG | queue.analysis toPageIn: 0, Inflight: 0, pagedInMessages.size 0, enqueueCount: 0, dequeueCount: 0 | org.apache.activemq.broker.region.Queue | ActiveMQ Broker[localhost] Scheduler
2025-10-29 02:42:39,542 | DEBUG | queue://queue.analysis expiring messages done. | org.apache.activemq.broker.region.Queue | ActiveMQ Broker[localhost] Scheduler
2025-10-29 02:42:39,905 | DEBUG | WriteChecker 10000 ms elapsed since last write check. | org.apache.activemq.transport.AbstractInactivityMonitor | ActiveMQ InactivityMonitor WriteCheckTimer
2025-10-29 02:42:39,906 | DEBUG | Running WriteCheck[tcp://172.18.0.1:40982] | org.apache.activemq.transport.AbstractInactivityMonitor | ActiveMQ InactivityMonitor Worker
2025-10-29 02:42:44,024 | DEBUG | Checkpoint started. | org.apache.activemq.store.kahadb.MessageDatabase | ActiveMQ Journal Checkpoint Worker
2025-10-29 02:42:44,037 | DEBUG | Checkpoint done. | org.apache.activemq.store.kahadb.MessageDatabase | ActiveMQ Journal Checkpoint Worker
2025-10-29 02:42:46,085 | DEBUG | WriteChecker 10000 ms elapsed since last write check. | org.apache.activemq.transport.AbstractInactivityMonitor | ActiveMQ InactivityMonitor WriteCheckTimer
2025-10-29 02:42:46,085 | DEBUG | Running WriteCheck[tcp://172.18.0.1:49490] | org.apache.activemq.transport.AbstractInactivityMonitor | ActiveMQ InactivityMonitor Worker
2025-10-29 02:42:46,115 | DEBUG | WriteChecker 10001 ms elapsed since last write check. | org.apache.activemq.transport.AbstractInactivityMonitor | ActiveMQ InactivityMonitor WriteCheckTimer
2025-10-29 02:42:46,115 | DEBUG | Running WriteCheck[tcp://172.18.0.1:49496] | org.apache.activemq.transport.AbstractInactivityMonitor | ActiveMQ InactivityMonitor Worker
2025-10-29 02:42:49,039 | DEBUG | Checkpoint started. | org.apache.activemq.store.kahadb.MessageDatabase | ActiveMQ Journal Checkpoint Worker
2025-10-29 02:42:49,055 | DEBUG | Checkpoint done. | org.apache.activemq.store.kahadb.MessageDatabase | ActiveMQ Journal Checkpoint Worker
2025-10-29 02:42:49,906 | DEBUG | WriteChecker 10001 ms elapsed since last write check. | org.apache.activemq.transport.AbstractInactivityMonitor | ActiveMQ InactivityMonitor WriteCheckTimer
2025-10-29 02:42:49,906 | DEBUG | Running WriteCheck[tcp://172.18.0.1:40982] | org.apache.activemq.transport.AbstractInactivityMonitor | ActiveMQ InactivityMonitor Worker
2025-10-29 02:42:50,075 | DEBUG | queue://analysis.queue expiring messages .. | org.apache.activemq.broker.region.Queue | ActiveMQ Broker[localhost] Scheduler
2025-10-29 02:42:50,075 | DEBUG | analysis.queue toPageIn: 0, Inflight: 0, pagedInMessages.size 1, enqueueCount: 1, dequeueCount: 0 | org.apache.activemq.broker.region.Queue | ActiveMQ Broker[localhost] Scheduler
2025-10-29 02:42:50,076 | DEBUG | queue://analysis.queue expiring messages done. | org.apache.activemq.broker.region.Queue | ActiveMQ Broker[localhost] Scheduler
2025-10-29 02:42:50,076 | DEBUG | analysis.queue toPageIn: 0, Inflight: 0, pagedInMessages.size 1, enqueueCount: 1, dequeueCount: 0 | org.apache.activemq.broker.region.Queue | ActiveMQ BrokerService[localhost] Task-17
2025-10-29 02:42:54,056 | DEBUG | Checkpoint started. | org.apache.activemq.store.kahadb.MessageDatabase | ActiveMQ Journal Checkpoint Worker
2025-10-29 02:42:54,072 | DEBUG | Checkpoint done. | org.apache.activemq.store.kahadb.MessageDatabase | ActiveMQ Journal Checkpoint Worker
2025-10-29 02:42:56,074 | DEBUG | 30000 ms elapsed since last read check. | org.apache.activemq.transport.AbstractInactivityMonitor | ActiveMQ InactivityMonitor ReadCheckTimer
2025-10-29 02:42:56,085 | DEBUG | WriteChecker 10000 ms elapsed since last write check. | org.apache.activemq.transport.AbstractInactivityMonitor | ActiveMQ InactivityMonitor WriteCheckTimer
2025-10-29 02:42:56,086 | DEBUG | Running WriteCheck[tcp://172.18.0.1:49490] | org.apache.activemq.transport.AbstractInactivityMonitor | ActiveMQ InactivityMonitor Worker
2025-10-29 02:42:56,110 | DEBUG | 30000 ms elapsed since last read check. | org.apache.activemq.transport.AbstractInactivityMonitor | ActiveMQ InactivityMonitor ReadCheckTimer
2025-10-29 02:42:56,115 | DEBUG | WriteChecker 10000 ms elapsed since last write check. | org.apache.activemq.transport.AbstractInactivityMonitor | ActiveMQ InactivityMonitor WriteCheckTimer
2025-10-29 02:42:56,115 | DEBUG | Running WriteCheck[tcp://172.18.0.1:49496] | org.apache.activemq.transport.AbstractInactivityMonitor | ActiveMQ InactivityMonitor Worker
2025-10-29 02:42:59,011 | DEBUG | temp-queue://ID:351d5895b329-37485-1761699249168-2:3:1 expiring messages .. | org.apache.activemq.broker.region.Queue | ActiveMQ Broker[localhost] Scheduler
2025-10-29 02:42:59,012 | DEBUG | ID:351d5895b329-37485-1761699249168-2:3:1 toPageIn: 0, Inflight: 0, pagedInMessages.size 0, enqueueCount: 0, dequeueCount: 0 | org.apache.activemq.broker.region.Queue | ActiveMQ Broker[localhost] Scheduler
2025-10-29 02:42:59,012 | DEBUG | temp-queue://ID:351d5895b329-37485-1761699249168-2:3:1 expiring messages done. | org.apache.activemq.broker.region.Queue | ActiveMQ Broker[localhost] Scheduler
2025-10-29 02:42:59,075 | DEBUG | Checkpoint started. | org.apache.activemq.store.kahadb.MessageDatabase | ActiveMQ Journal Checkpoint Worker
2025-10-29 02:42:59,089 | DEBUG | Checkpoint done. | org.apache.activemq.store.kahadb.MessageDatabase | ActiveMQ Journal Checkpoint Worker
2025-10-29 02:42:59,846 | DEBUG | 30000 ms elapsed since last read check. | org.apache.activemq.transport.AbstractInactivityMonitor | ActiveMQ InactivityMonitor ReadCheckTimer
2025-10-29 02:42:59,906 | DEBUG | WriteChecker 10000 ms elapsed since last write check. | org.apache.activemq.transport.AbstractInactivityMonitor | ActiveMQ InactivityMonitor WriteCheckTimer
2025-10-29 02:42:59,907 | DEBUG | Running WriteCheck[tcp://172.18.0.1:40982] | org.apache.activemq.transport.AbstractInactivityMonitor | ActiveMQ InactivityMonitor Worker
2025-10-29 02:43:04,092 | DEBUG | Checkpoint started. | org.apache.activemq.store.kahadb.MessageDatabase | ActiveMQ Journal Checkpoint Worker
2025-10-29 02:43:04,173 | DEBUG | Checkpoint done. | org.apache.activemq.store.kahadb.MessageDatabase | ActiveMQ Journal Checkpoint Worker
2025-10-29 02:43:06,085 | DEBUG | WriteChecker 10000 ms elapsed since last write check. | org.apache.activemq.transport.AbstractInactivityMonitor | ActiveMQ InactivityMonitor WriteCheckTimer
2025-10-29 02:43:06,087 | DEBUG | Running WriteCheck[tcp://172.18.0.1:49490] | org.apache.activemq.transport.AbstractInactivityMonitor | ActiveMQ InactivityMonitor Worker
2025-10-29 02:43:06,116 | DEBUG | WriteChecker 10001 ms elapsed since last write check. | org.apache.activemq.transport.AbstractInactivityMonitor | ActiveMQ InactivityMonitor WriteCheckTimer
2025-10-29 02:43:06,117 | DEBUG | Running WriteCheck[tcp://172.18.0.1:49496] | org.apache.activemq.transport.AbstractInactivityMonitor | ActiveMQ InactivityMonitor Worker
2025-10-29 02:43:09,175 | DEBUG | Checkpoint started. | org.apache.activemq.store.kahadb.MessageDatabase | ActiveMQ Journal Checkpoint Worker
2025-10-29 02:43:09,189 | DEBUG | Checkpoint done. | org.apache.activemq.store.kahadb.MessageDatabase | ActiveMQ Journal Checkpoint Worker
2025-10-29 02:43:09,480 | DEBUG | queue://Consumer.A.VirtualTopic.Analysis expiring messages .. | org.apache.activemq.broker.region.Queue | ActiveMQ Broker[localhost] Scheduler
2025-10-29 02:43:09,481 | DEBUG | Consumer.A.VirtualTopic.Analysis toPageIn: 0, Inflight: 0, pagedInMessages.size 0, enqueueCount: 0, dequeueCount: 0 | org.apache.activemq.broker.region.Queue | ActiveMQ Broker[localhost] Scheduler
2025-10-29 02:43:09,482 | DEBUG | queue://Consumer.A.VirtualTopic.Analysis expiring messages done. | org.apache.activemq.broker.region.Queue | ActiveMQ Broker[localhost] Scheduler
2025-10-29 02:43:09,541 | DEBUG | queue://queue.analysis expiring messages .. | org.apache.activemq.broker.region.Queue | ActiveMQ Broker[localhost] Scheduler
2025-10-29 02:43:09,542 | DEBUG | queue.analysis toPageIn: 0, Inflight: 0, pagedInMessages.size 0, enqueueCount: 0, dequeueCount: 0 | org.apache.activemq.broker.region.Queue | ActiveMQ Broker[localhost] Scheduler
2025-10-29 02:43:09,542 | DEBUG | queue://queue.analysis expiring messages done. | org.apache.activemq.broker.region.Queue | ActiveMQ Broker[localhost] Scheduler
2025-10-29 02:43:09,906 | DEBUG | WriteChecker 10000 ms elapsed since last write check. | org.apache.activemq.transport.AbstractInactivityMonitor | ActiveMQ InactivityMonitor WriteCheckTimer
2025-10-29 02:43:09,906 | DEBUG | Running WriteCheck[tcp://172.18.0.1:40982] | org.apache.activemq.transport.AbstractInactivityMonitor | ActiveMQ InactivityMonitor Worker
2025-10-29 02:43:14,191 | DEBUG | Checkpoint started. | org.apache.activemq.store.kahadb.MessageDatabase | ActiveMQ Journal Checkpoint Worker
2025-10-29 02:43:14,207 | DEBUG | Checkpoint done. | org.apache.activemq.store.kahadb.MessageDatabase | ActiveMQ Journal Checkpoint Worker
2025-10-29 02:43:16,086 | DEBUG | WriteChecker 10001 ms elapsed since last write check. | org.apache.activemq.transport.AbstractInactivityMonitor | ActiveMQ InactivityMonitor WriteCheckTimer
2025-10-29 02:43:16,086 | DEBUG | Running WriteCheck[tcp://172.18.0.1:49490] | org.apache.activemq.transport.AbstractInactivityMonitor | ActiveMQ InactivityMonitor Worker
2025-10-29 02:43:16,116 | DEBUG | WriteChecker 10000 ms elapsed since last write check. | org.apache.activemq.transport.AbstractInactivityMonitor | ActiveMQ InactivityMonitor WriteCheckTimer
2025-10-29 02:43:16,117 | DEBUG | Running WriteCheck[tcp://172.18.0.1:49496] | org.apache.activemq.transport.AbstractInactivityMonitor | ActiveMQ InactivityMonitor Worker
2025-10-29 02:43:19,210 | DEBUG | Checkpoint started. | org.apache.activemq.store.kahadb.MessageDatabase | ActiveMQ Journal Checkpoint Worker
2025-10-29 02:43:19,226 | DEBUG | Checkpoint done. | org.apache.activemq.store.kahadb.MessageDatabase | ActiveMQ Journal Checkpoint Worker
2025-10-29 02:43:19,906 | DEBUG | WriteChecker 10000 ms elapsed since last write check. | org.apache.activemq.transport.AbstractInactivityMonitor | ActiveMQ InactivityMonitor WriteCheckTimer
2025-10-29 02:43:19,907 | DEBUG | Running WriteCheck[tcp://172.18.0.1:40982] | org.apache.activemq.transport.AbstractInactivityMonitor | ActiveMQ InactivityMonitor Worker
2025-10-29 02:43:20,075 | DEBUG | queue://analysis.queue expiring messages .. | org.apache.activemq.broker.region.Queue | ActiveMQ Broker[localhost] Scheduler
2025-10-29 02:43:20,075 | DEBUG | analysis.queue toPageIn: 0, Inflight: 0, pagedInMessages.size 1, enqueueCount: 1, dequeueCount: 0 | org.apache.activemq.broker.region.Queue | ActiveMQ Broker[localhost] Scheduler
2025-10-29 02:43:20,076 | DEBUG | queue://analysis.queue expiring messages done. | org.apache.activemq.broker.region.Queue | ActiveMQ Broker[localhost] Scheduler
2025-10-29 02:43:20,076 | DEBUG | analysis.queue toPageIn: 0, Inflight: 0, pagedInMessages.size 1, enqueueCount: 1, dequeueCount: 0 | org.apache.activemq.broker.region.Queue | ActiveMQ BrokerService[localhost] Task-17
2025-10-29 02:43:24,227 | DEBUG | Checkpoint started. | org.apache.activemq.store.kahadb.MessageDatabase | ActiveMQ Journal Checkpoint Worker
2025-10-29 02:43:24,241 | DEBUG | Checkpoint done. | org.apache.activemq.store.kahadb.MessageDatabase | ActiveMQ Journal Checkpoint Worker
2025-10-29 02:43:26,074 | DEBUG | 30000 ms elapsed since last read check. | org.apache.activemq.transport.AbstractInactivityMonitor | ActiveMQ InactivityMonitor ReadCheckTimer
2025-10-29 02:43:26,086 | DEBUG | WriteChecker 10000 ms elapsed since last write check. | org.apache.activemq.transport.AbstractInactivityMonitor | ActiveMQ InactivityMonitor WriteCheckTimer
2025-10-29 02:43:26,087 | DEBUG | Running WriteCheck[tcp://172.18.0.1:49490] | org.apache.activemq.transport.AbstractInactivityMonitor | ActiveMQ InactivityMonitor Worker
2025-10-29 02:43:26,110 | DEBUG | 30000 ms elapsed since last read check. | org.apache.activemq.transport.AbstractInactivityMonitor | ActiveMQ InactivityMonitor ReadCheckTimer
2025-10-29 02:43:26,116 | DEBUG | WriteChecker 10000 ms elapsed since last write check. | org.apache.activemq.transport.AbstractInactivityMonitor | ActiveMQ InactivityMonitor WriteCheckTimer
2025-10-29 02:43:26,116 | DEBUG | Running WriteCheck[tcp://172.18.0.1:49496] | org.apache.activemq.transport.AbstractInactivityMonitor | ActiveMQ InactivityMonitor Worker
2025-10-29 02:43:29,011 | DEBUG | temp-queue://ID:351d5895b329-37485-1761699249168-2:3:1 expiring messages .. | org.apache.activemq.broker.region.Queue | ActiveMQ Broker[localhost] Scheduler
2025-10-29 02:43:29,011 | DEBUG | ID:351d5895b329-37485-1761699249168-2:3:1 toPageIn: 0, Inflight: 0, pagedInMessages.size 0, enqueueCount: 0, dequeueCount: 0 | org.apache.activemq.broker.region.Queue | ActiveMQ Broker[localhost] Scheduler
2025-10-29 02:43:29,011 | DEBUG | temp-queue://ID:351d5895b329-37485-1761699249168-2:3:1 expiring messages done. | org.apache.activemq.broker.region.Queue | ActiveMQ Broker[localhost] Scheduler
2025-10-29 02:43:29,244 | DEBUG | Checkpoint started. | org.apache.activemq.store.kahadb.MessageDatabase | ActiveMQ Journal Checkpoint Worker
2025-10-29 02:43:29,261 | DEBUG | Checkpoint done. | org.apache.activemq.store.kahadb.MessageDatabase | ActiveMQ Journal Checkpoint Worker
2025-10-29 02:43:29,847 | DEBUG | 30001 ms elapsed since last read check. | org.apache.activemq.transport.AbstractInactivityMonitor | ActiveMQ InactivityMonitor ReadCheckTimer
2025-10-29 02:43:29,906 | DEBUG | WriteChecker 10000 ms elapsed since last write check. | org.apache.activemq.transport.AbstractInactivityMonitor | ActiveMQ InactivityMonitor WriteCheckTimer
2025-10-29 02:43:29,907 | DEBUG | Running WriteCheck[tcp://172.18.0.1:40982] | org.apache.activemq.transport.AbstractInactivityMonitor | ActiveMQ InactivityMonitor Worker
2025-10-29 02:43:34,264 | DEBUG | Checkpoint started. | org.apache.activemq.store.kahadb.MessageDatabase | ActiveMQ Journal Checkpoint Worker
2025-10-29 02:43:34,280 | DEBUG | Checkpoint done. | org.apache.activemq.store.kahadb.MessageDatabase | ActiveMQ Journal Checkpoint Worker
2025-10-29 02:43:36,086 | DEBUG | WriteChecker 10000 ms elapsed since last write check. | org.apache.activemq.transport.AbstractInactivityMonitor | ActiveMQ InactivityMonitor WriteCheckTimer
2025-10-29 02:43:36,087 | DEBUG | Running WriteCheck[tcp://172.18.0.1:49490] | org.apache.activemq.transport.AbstractInactivityMonitor | ActiveMQ InactivityMonitor Worker
2025-10-29 02:43:36,116 | DEBUG | WriteChecker 10000 ms elapsed since last write check. | org.apache.activemq.transport.AbstractInactivityMonitor | ActiveMQ InactivityMonitor WriteCheckTimer
2025-10-29 02:43:36,116 | DEBUG | Running WriteCheck[tcp://172.18.0.1:49496] | org.apache.activemq.transport.AbstractInactivityMonitor | ActiveMQ InactivityMonitor Worker
2025-10-29 02:43:39,282 | DEBUG | Checkpoint started. | org.apache.activemq.store.kahadb.MessageDatabase | ActiveMQ Journal Checkpoint Worker
2025-10-29 02:43:39,300 | DEBUG | Checkpoint done. | org.apache.activemq.store.kahadb.MessageDatabase | ActiveMQ Journal Checkpoint Worker
2025-10-29 02:43:39,480 | DEBUG | queue://Consumer.A.VirtualTopic.Analysis expiring messages .. | org.apache.activemq.broker.region.Queue | ActiveMQ Broker[localhost] Scheduler
2025-10-29 02:43:39,480 | DEBUG | Consumer.A.VirtualTopic.Analysis toPageIn: 0, Inflight: 0, pagedInMessages.size 0, enqueueCount: 0, dequeueCount: 0 | org.apache.activemq.broker.region.Queue | ActiveMQ Broker[localhost] Scheduler
2025-10-29 02:43:39,480 | DEBUG | queue://Consumer.A.VirtualTopic.Analysis expiring messages done. | org.apache.activemq.broker.region.Queue | ActiveMQ Broker[localhost] Scheduler
2025-10-29 02:43:39,541 | DEBUG | queue://queue.analysis expiring messages .. | org.apache.activemq.broker.region.Queue | ActiveMQ Broker[localhost] Scheduler
2025-10-29 02:43:39,542 | DEBUG | queue.analysis toPageIn: 0, Inflight: 0, pagedInMessages.size 0, enqueueCount: 0, dequeueCount: 0 | org.apache.activemq.broker.region.Queue | ActiveMQ Broker[localhost] Scheduler
2025-10-29 02:43:39,542 | DEBUG | queue://queue.analysis expiring messages done. | org.apache.activemq.broker.region.Queue | ActiveMQ Broker[localhost] Scheduler
2025-10-29 02:43:39,906 | DEBUG | WriteChecker 10000 ms elapsed since last write check. | org.apache.activemq.transport.AbstractInactivityMonitor | ActiveMQ InactivityMonitor WriteCheckTimer
2025-10-29 02:43:39,907 | DEBUG | Running WriteCheck[tcp://172.18.0.1:40982] | org.apache.activemq.transport.AbstractInactivityMonitor | ActiveMQ InactivityMonitor Worker
2025-10-29 02:43:44,302 | DEBUG | Checkpoint started. | org.apache.activemq.store.kahadb.MessageDatabase | ActiveMQ Journal Checkpoint Worker
2025-10-29 02:43:44,321 | DEBUG | Checkpoint done. | org.apache.activemq.store.kahadb.MessageDatabase | ActiveMQ Journal Checkpoint Worker
2025-10-29 02:43:46,086 | DEBUG | WriteChecker 10000 ms elapsed since last write check. | org.apache.activemq.transport.AbstractInactivityMonitor | ActiveMQ InactivityMonitor WriteCheckTimer
2025-10-29 02:43:46,087 | DEBUG | Running WriteCheck[tcp://172.18.0.1:49490] | org.apache.activemq.transport.AbstractInactivityMonitor | ActiveMQ InactivityMonitor Worker
2025-10-29 02:43:46,117 | DEBUG | WriteChecker 10001 ms elapsed since last write check. | org.apache.activemq.transport.AbstractInactivityMonitor | ActiveMQ InactivityMonitor WriteCheckTimer
2025-10-29 02:43:46,117 | DEBUG | Running WriteCheck[tcp://172.18.0.1:49496] | org.apache.activemq.transport.AbstractInactivityMonitor | ActiveMQ InactivityMonitor Worker
2025-10-29 02:43:49,323 | DEBUG | Checkpoint started. | org.apache.activemq.store.kahadb.MessageDatabase | ActiveMQ Journal Checkpoint Worker
2025-10-29 02:43:49,338 | DEBUG | Checkpoint done. | org.apache.activemq.store.kahadb.MessageDatabase | ActiveMQ Journal Checkpoint Worker
2025-10-29 02:43:49,906 | DEBUG | WriteChecker 10000 ms elapsed since last write check. | org.apache.activemq.transport.AbstractInactivityMonitor | ActiveMQ InactivityMonitor WriteCheckTimer
2025-10-29 02:43:49,908 | DEBUG | Running WriteCheck[tcp://172.18.0.1:40982] | org.apache.activemq.transport.AbstractInactivityMonitor | ActiveMQ InactivityMonitor Worker
2025-10-29 02:43:50,075 | DEBUG | queue://analysis.queue expiring messages .. | org.apache.activemq.broker.region.Queue | ActiveMQ Broker[localhost] Scheduler
2025-10-29 02:43:50,076 | DEBUG | analysis.queue toPageIn: 0, Inflight: 0, pagedInMessages.size 1, enqueueCount: 1, dequeueCount: 0 | org.apache.activemq.broker.region.Queue | ActiveMQ Broker[localhost] Scheduler
2025-10-29 02:43:50,077 | DEBUG | queue://analysis.queue expiring messages done. | org.apache.activemq.broker.region.Queue | ActiveMQ Broker[localhost] Scheduler
2025-10-29 02:43:50,077 | DEBUG | analysis.queue toPageIn: 0, Inflight: 0, pagedInMessages.size 1, enqueueCount: 1, dequeueCount: 0 | org.apache.activemq.broker.region.Queue | ActiveMQ BrokerService[localhost] Task-17
2025-10-29 02:43:54,339 | DEBUG | Checkpoint started. | org.apache.activemq.store.kahadb.MessageDatabase | ActiveMQ Journal Checkpoint Worker
2025-10-29 02:43:54,364 | DEBUG | Checkpoint done. | org.apache.activemq.store.kahadb.MessageDatabase | ActiveMQ Journal Checkpoint Worker
2025-10-29 02:43:56,075 | DEBUG | 30001 ms elapsed since last read check. | org.apache.activemq.transport.AbstractInactivityMonitor | ActiveMQ InactivityMonitor ReadCheckTimer
2025-10-29 02:43:56,086 | DEBUG | WriteChecker 10000 ms elapsed since last write check. | org.apache.activemq.transport.AbstractInactivityMonitor | ActiveMQ InactivityMonitor WriteCheckTimer
2025-10-29 02:43:56,086 | DEBUG | Running WriteCheck[tcp://172.18.0.1:49490] | org.apache.activemq.transport.AbstractInactivityMonitor | ActiveMQ InactivityMonitor Worker
2025-10-29 02:43:56,110 | DEBUG | 30000 ms elapsed since last read check. | org.apache.activemq.transport.AbstractInactivityMonitor | ActiveMQ InactivityMonitor ReadCheckTimer
2025-10-29 02:43:56,117 | DEBUG | WriteChecker 10000 ms elapsed since last write check. | org.apache.activemq.transport.AbstractInactivityMonitor | ActiveMQ InactivityMonitor WriteCheckTimer
2025-10-29 02:43:56,118 | DEBUG | Running WriteCheck[tcp://172.18.0.1:49496] | org.apache.activemq.transport.AbstractInactivityMonitor | ActiveMQ InactivityMonitor Worker
2025-10-29 02:43:59,012 | DEBUG | temp-queue://ID:351d5895b329-37485-1761699249168-2:3:1 expiring messages .. | org.apache.activemq.broker.region.Queue | ActiveMQ Broker[localhost] Scheduler
2025-10-29 02:43:59,013 | DEBUG | ID:351d5895b329-37485-1761699249168-2:3:1 toPageIn: 0, Inflight: 0, pagedInMessages.size 0, enqueueCount: 0, dequeueCount: 0 | org.apache.activemq.broker.region.Queue | ActiveMQ Broker[localhost] Scheduler
2025-10-29 02:43:59,013 | DEBUG | temp-queue://ID:351d5895b329-37485-1761699249168-2:3:1 expiring messages done. | org.apache.activemq.broker.region.Queue | ActiveMQ Broker[localhost] Scheduler
2025-10-29 02:43:59,367 | DEBUG | Checkpoint started. | org.apache.activemq.store.kahadb.MessageDatabase | ActiveMQ Journal Checkpoint Worker
2025-10-29 02:43:59,384 | DEBUG | Checkpoint done. | org.apache.activemq.store.kahadb.MessageDatabase | ActiveMQ Journal Checkpoint Worker
2025-10-29 02:43:59,847 | DEBUG | 30000 ms elapsed since last read check. | org.apache.activemq.transport.AbstractInactivityMonitor | ActiveMQ InactivityMonitor ReadCheckTimer
2025-10-29 02:43:59,906 | DEBUG | WriteChecker 10000 ms elapsed since last write check. | org.apache.activemq.transport.AbstractInactivityMonitor | ActiveMQ InactivityMonitor WriteCheckTimer
2025-10-29 02:43:59,907 | DEBUG | Running WriteCheck[tcp://172.18.0.1:40982] | org.apache.activemq.transport.AbstractInactivityMonitor | ActiveMQ InactivityMonitor Worker
2025-10-29 02:44:04,386 | DEBUG | Checkpoint started. | org.apache.activemq.store.kahadb.MessageDatabase | ActiveMQ Journal Checkpoint Worker
2025-10-29 02:44:04,401 | DEBUG | Checkpoint done. | org.apache.activemq.store.kahadb.MessageDatabase | ActiveMQ Journal Checkpoint Worker
2025-10-29 02:44:06,086 | DEBUG | WriteChecker 10000 ms elapsed since last write check. | org.apache.activemq.transport.AbstractInactivityMonitor | ActiveMQ InactivityMonitor WriteCheckTimer
2025-10-29 02:44:06,088 | DEBUG | Running WriteCheck[tcp://172.18.0.1:49490] | org.apache.activemq.transport.AbstractInactivityMonitor | ActiveMQ InactivityMonitor Worker
2025-10-29 02:44:06,118 | DEBUG | WriteChecker 10001 ms elapsed since last write check. | org.apache.activemq.transport.AbstractInactivityMonitor | ActiveMQ InactivityMonitor WriteCheckTimer
2025-10-29 02:44:06,118 | DEBUG | Running WriteCheck[tcp://172.18.0.1:49496] | org.apache.activemq.transport.AbstractInactivityMonitor | ActiveMQ InactivityMonitor Worker
2025-10-29 02:44:09,404 | DEBUG | Checkpoint started. | org.apache.activemq.store.kahadb.MessageDatabase | ActiveMQ Journal Checkpoint Worker
2025-10-29 02:44:09,420 | DEBUG | Checkpoint done. | org.apache.activemq.store.kahadb.MessageDatabase | ActiveMQ Journal Checkpoint Worker
2025-10-29 02:44:09,480 | DEBUG | queue://Consumer.A.VirtualTopic.Analysis expiring messages .. | org.apache.activemq.broker.region.Queue | ActiveMQ Broker[localhost] Scheduler
2025-10-29 02:44:09,481 | DEBUG | Consumer.A.VirtualTopic.Analysis toPageIn: 0, Inflight: 0, pagedInMessages.size 0, enqueueCount: 0, dequeueCount: 0 | org.apache.activemq.broker.region.Queue | ActiveMQ Broker[localhost] Scheduler
2025-10-29 02:44:09,481 | DEBUG | queue://Consumer.A.VirtualTopic.Analysis expiring messages done. | org.apache.activemq.broker.region.Queue | ActiveMQ Broker[localhost] Scheduler
2025-10-29 02:44:09,541 | DEBUG | queue://queue.analysis expiring messages .. | org.apache.activemq.broker.region.Queue | ActiveMQ Broker[localhost] Scheduler
2025-10-29 02:44:09,542 | DEBUG | queue.analysis toPageIn: 0, Inflight: 0, pagedInMessages.size 0, enqueueCount: 0, dequeueCount: 0 | org.apache.activemq.broker.region.Queue | ActiveMQ Broker[localhost] Scheduler
2025-10-29 02:44:09,542 | DEBUG | queue://queue.analysis expiring messages done. | org.apache.activemq.broker.region.Queue | ActiveMQ Broker[localhost] Scheduler
2025-10-29 02:44:09,907 | DEBUG | WriteChecker 10001 ms elapsed since last write check. | org.apache.activemq.transport.AbstractInactivityMonitor | ActiveMQ InactivityMonitor WriteCheckTimer
2025-10-29 02:44:09,907 | DEBUG | Running WriteCheck[tcp://172.18.0.1:40982] | org.apache.activemq.transport.AbstractInactivityMonitor | ActiveMQ InactivityMonitor Worker
2025-10-29 02:44:14,422 | DEBUG | Checkpoint started. | org.apache.activemq.store.kahadb.MessageDatabase | ActiveMQ Journal Checkpoint Worker
2025-10-29 02:44:14,438 | DEBUG | Checkpoint done. | org.apache.activemq.store.kahadb.MessageDatabase | ActiveMQ Journal Checkpoint Worker
2025-10-29 02:44:16,086 | DEBUG | WriteChecker 10000 ms elapsed since last write check. | org.apache.activemq.transport.AbstractInactivityMonitor | ActiveMQ InactivityMonitor WriteCheckTimer
2025-10-29 02:44:16,087 | DEBUG | Running WriteCheck[tcp://172.18.0.1:49490] | org.apache.activemq.transport.AbstractInactivityMonitor | ActiveMQ InactivityMonitor Worker
2025-10-29 02:44:16,118 | DEBUG | WriteChecker 10000 ms elapsed since last write check. | org.apache.activemq.transport.AbstractInactivityMonitor | ActiveMQ InactivityMonitor WriteCheckTimer
2025-10-29 02:44:16,118 | DEBUG | Running WriteCheck[tcp://172.18.0.1:49496] | org.apache.activemq.transport.AbstractInactivityMonitor | ActiveMQ InactivityMonitor Worker
2025-10-29 02:44:19,441 | DEBUG | Checkpoint started. | org.apache.activemq.store.kahadb.MessageDatabase | ActiveMQ Journal Checkpoint Worker
2025-10-29 02:44:19,455 | DEBUG | Checkpoint done. | org.apache.activemq.store.kahadb.MessageDatabase | ActiveMQ Journal Checkpoint Worker
2025-10-29 02:44:19,907 | DEBUG | WriteChecker 10000 ms elapsed since last write check. | org.apache.activemq.transport.AbstractInactivityMonitor | ActiveMQ InactivityMonitor WriteCheckTimer
2025-10-29 02:44:19,908 | DEBUG | Running WriteCheck[tcp://172.18.0.1:40982] | org.apache.activemq.transport.AbstractInactivityMonitor | ActiveMQ InactivityMonitor Worker
2025-10-29 02:44:20,076 | DEBUG | queue://analysis.queue expiring messages .. | org.apache.activemq.broker.region.Queue | ActiveMQ Broker[localhost] Scheduler
2025-10-29 02:44:20,076 | DEBUG | analysis.queue toPageIn: 0, Inflight: 0, pagedInMessages.size 1, enqueueCount: 1, dequeueCount: 0 | org.apache.activemq.broker.region.Queue | ActiveMQ Broker[localhost] Scheduler
2025-10-29 02:44:20,076 | DEBUG | queue://analysis.queue expiring messages done. | org.apache.activemq.broker.region.Queue | ActiveMQ Broker[localhost] Scheduler
2025-10-29 02:44:20,076 | DEBUG | analysis.queue toPageIn: 0, Inflight: 0, pagedInMessages.size 1, enqueueCount: 1, dequeueCount: 0 | org.apache.activemq.broker.region.Queue | ActiveMQ BrokerService[localhost] Task-17
2025-10-29 02:44:24,456 | DEBUG | Checkpoint started. | org.apache.activemq.store.kahadb.MessageDatabase | ActiveMQ Journal Checkpoint Worker
2025-10-29 02:44:24,473 | DEBUG | Checkpoint done. | org.apache.activemq.store.kahadb.MessageDatabase | ActiveMQ Journal Checkpoint Worker
2025-10-29 02:44:26,075 | DEBUG | 30000 ms elapsed since last read check. | org.apache.activemq.transport.AbstractInactivityMonitor | ActiveMQ InactivityMonitor ReadCheckTimer
2025-10-29 02:44:26,087 | DEBUG | WriteChecker 10001 ms elapsed since last write check. | org.apache.activemq.transport.AbstractInactivityMonitor | ActiveMQ InactivityMonitor WriteCheckTimer
2025-10-29 02:44:26,087 | DEBUG | Running WriteCheck[tcp://172.18.0.1:49490] | org.apache.activemq.transport.AbstractInactivityMonitor | ActiveMQ InactivityMonitor Worker
2025-10-29 02:44:26,111 | DEBUG | 30000 ms elapsed since last read check. | org.apache.activemq.transport.AbstractInactivityMonitor | ActiveMQ InactivityMonitor ReadCheckTimer
2025-10-29 02:44:26,118 | DEBUG | WriteChecker 10000 ms elapsed since last write check. | org.apache.activemq.transport.AbstractInactivityMonitor | ActiveMQ InactivityMonitor WriteCheckTimer
2025-10-29 02:44:26,119 | DEBUG | Running WriteCheck[tcp://172.18.0.1:49496] | org.apache.activemq.transport.AbstractInactivityMonitor | ActiveMQ InactivityMonitor Worker
2025-10-29 02:44:29,012 | DEBUG | temp-queue://ID:351d5895b329-37485-1761699249168-2:3:1 expiring messages .. | org.apache.activemq.broker.region.Queue | ActiveMQ Broker[localhost] Scheduler
2025-10-29 02:44:29,012 | DEBUG | ID:351d5895b329-37485-1761699249168-2:3:1 toPageIn: 0, Inflight: 0, pagedInMessages.size 0, enqueueCount: 0, dequeueCount: 0 | org.apache.activemq.broker.region.Queue | ActiveMQ Broker[localhost] Scheduler
2025-10-29 02:44:29,013 | DEBUG | temp-queue://ID:351d5895b329-37485-1761699249168-2:3:1 expiring messages done. | org.apache.activemq.broker.region.Queue | ActiveMQ Broker[localhost] Scheduler
2025-10-29 02:44:29,476 | DEBUG | Checkpoint started. | org.apache.activemq.store.kahadb.MessageDatabase | ActiveMQ Journal Checkpoint Worker
2025-10-29 02:44:29,491 | DEBUG | Checkpoint done. | org.apache.activemq.store.kahadb.MessageDatabase | ActiveMQ Journal Checkpoint Worker
2025-10-29 02:44:29,847 | DEBUG | 30000 ms elapsed since last read check. | org.apache.activemq.transport.AbstractInactivityMonitor | ActiveMQ InactivityMonitor ReadCheckTimer
2025-10-29 02:44:29,907 | DEBUG | WriteChecker 10000 ms elapsed since last write check. | org.apache.activemq.transport.AbstractInactivityMonitor | ActiveMQ InactivityMonitor WriteCheckTimer
2025-10-29 02:44:29,907 | DEBUG | Running WriteCheck[tcp://172.18.0.1:40982] | org.apache.activemq.transport.AbstractInactivityMonitor | ActiveMQ InactivityMonitor Worker
2025-10-29 02:44:34,493 | DEBUG | Checkpoint started. | org.apache.activemq.store.kahadb.MessageDatabase | ActiveMQ Journal Checkpoint Worker
2025-10-29 02:44:34,509 | DEBUG | Checkpoint done. | org.apache.activemq.store.kahadb.MessageDatabase | ActiveMQ Journal Checkpoint Worker
2025-10-29 02:44:36,088 | DEBUG | WriteChecker 10001 ms elapsed since last write check. | org.apache.activemq.transport.AbstractInactivityMonitor | ActiveMQ InactivityMonitor WriteCheckTimer
2025-10-29 02:44:36,089 | DEBUG | Running WriteCheck[tcp://172.18.0.1:49490] | org.apache.activemq.transport.AbstractInactivityMonitor | ActiveMQ InactivityMonitor Worker
2025-10-29 02:44:36,118 | DEBUG | WriteChecker 10000 ms elapsed since last write check. | org.apache.activemq.transport.AbstractInactivityMonitor | ActiveMQ InactivityMonitor WriteCheckTimer
2025-10-29 02:44:36,119 | DEBUG | Running WriteCheck[tcp://172.18.0.1:49496] | org.apache.activemq.transport.AbstractInactivityMonitor | ActiveMQ InactivityMonitor Worker
2025-10-29 02:44:39,480 | DEBUG | queue://Consumer.A.VirtualTopic.Analysis expiring messages .. | org.apache.activemq.broker.region.Queue | ActiveMQ Broker[localhost] Scheduler
2025-10-29 02:44:39,481 | DEBUG | Consumer.A.VirtualTopic.Analysis toPageIn: 0, Inflight: 0, pagedInMessages.size 0, enqueueCount: 0, dequeueCount: 0 | org.apache.activemq.broker.region.Queue | ActiveMQ Broker[localhost] Scheduler
2025-10-29 02:44:39,482 | DEBUG | queue://Consumer.A.VirtualTopic.Analysis expiring messages done. | org.apache.activemq.broker.region.Queue | ActiveMQ Broker[localhost] Scheduler
2025-10-29 02:44:39,511 | DEBUG | Checkpoint started. | org.apache.activemq.store.kahadb.MessageDatabase | ActiveMQ Journal Checkpoint Worker
2025-10-29 02:44:39,526 | DEBUG | Checkpoint done. | org.apache.activemq.store.kahadb.MessageDatabase | ActiveMQ Journal Checkpoint Worker
2025-10-29 02:44:39,541 | DEBUG | queue://queue.analysis expiring messages .. | org.apache.activemq.broker.region.Queue | ActiveMQ Broker[localhost] Scheduler
2025-10-29 02:44:39,541 | DEBUG | queue.analysis toPageIn: 0, Inflight: 0, pagedInMessages.size 0, enqueueCount: 0, dequeueCount: 0 | org.apache.activemq.broker.region.Queue | ActiveMQ Broker[localhost] Scheduler
2025-10-29 02:44:39,542 | DEBUG | queue://queue.analysis expiring messages done. | org.apache.activemq.broker.region.Queue | ActiveMQ Broker[localhost] Scheduler
2025-10-29 02:44:39,907 | DEBUG | WriteChecker 10000 ms elapsed since last write check. | org.apache.activemq.transport.AbstractInactivityMonitor | ActiveMQ InactivityMonitor WriteCheckTimer
2025-10-29 02:44:39,908 | DEBUG | Running WriteCheck[tcp://172.18.0.1:40982] | org.apache.activemq.transport.AbstractInactivityMonitor | ActiveMQ InactivityMonitor Worker
2025-10-29 02:44:44,530 | DEBUG | Checkpoint started. | org.apache.activemq.store.kahadb.MessageDatabase | ActiveMQ Journal Checkpoint Worker
2025-10-29 02:44:44,544 | DEBUG | Checkpoint done. | org.apache.activemq.store.kahadb.MessageDatabase | ActiveMQ Journal Checkpoint Worker
2025-10-29 02:44:46,088 | DEBUG | WriteChecker 10000 ms elapsed since last write check. | org.apache.activemq.transport.AbstractInactivityMonitor | ActiveMQ InactivityMonitor WriteCheckTimer
2025-10-29 02:44:46,089 | DEBUG | Running WriteCheck[tcp://172.18.0.1:49490] | org.apache.activemq.transport.AbstractInactivityMonitor | ActiveMQ InactivityMonitor Worker
2025-10-29 02:44:46,119 | DEBUG | WriteChecker 10000 ms elapsed since last write check. | org.apache.activemq.transport.AbstractInactivityMonitor | ActiveMQ InactivityMonitor WriteCheckTimer
2025-10-29 02:44:46,119 | DEBUG | Running WriteCheck[tcp://172.18.0.1:49496] | org.apache.activemq.transport.AbstractInactivityMonitor | ActiveMQ InactivityMonitor Worker
2025-10-29 02:44:49,546 | DEBUG | Checkpoint started. | org.apache.activemq.store.kahadb.MessageDatabase | ActiveMQ Journal Checkpoint Worker
2025-10-29 02:44:49,561 | DEBUG | Checkpoint done. | org.apache.activemq.store.kahadb.MessageDatabase | ActiveMQ Journal Checkpoint Worker
2025-10-29 02:44:49,908 | DEBUG | WriteChecker 10001 ms elapsed since last write check. | org.apache.activemq.transport.AbstractInactivityMonitor | ActiveMQ InactivityMonitor WriteCheckTimer
2025-10-29 02:44:49,908 | DEBUG | Running WriteCheck[tcp://172.18.0.1:40982] | org.apache.activemq.transport.AbstractInactivityMonitor | ActiveMQ InactivityMonitor Worker
2025-10-29 02:44:50,077 | DEBUG | queue://analysis.queue expiring messages .. | org.apache.activemq.broker.region.Queue | ActiveMQ Broker[localhost] Scheduler
2025-10-29 02:44:50,078 | DEBUG | analysis.queue toPageIn: 0, Inflight: 0, pagedInMessages.size 1, enqueueCount: 1, dequeueCount: 0 | org.apache.activemq.broker.region.Queue | ActiveMQ Broker[localhost] Scheduler
2025-10-29 02:44:50,079 | DEBUG | queue://analysis.queue expiring messages done. | org.apache.activemq.broker.region.Queue | ActiveMQ Broker[localhost] Scheduler
2025-10-29 02:44:50,079 | DEBUG | analysis.queue toPageIn: 0, Inflight: 0, pagedInMessages.size 1, enqueueCount: 1, dequeueCount: 0 | org.apache.activemq.broker.region.Queue | ActiveMQ BrokerService[localhost] Task-17
2025-10-29 02:44:54,561 | DEBUG | Checkpoint started. | org.apache.activemq.store.kahadb.MessageDatabase | ActiveMQ Journal Checkpoint Worker
2025-10-29 02:44:54,575 | DEBUG | Checkpoint done. | org.apache.activemq.store.kahadb.MessageDatabase | ActiveMQ Journal Checkpoint Worker
2025-10-29 02:44:56,076 | DEBUG | 30000 ms elapsed since last read check. | org.apache.activemq.transport.AbstractInactivityMonitor | ActiveMQ InactivityMonitor ReadCheckTimer
2025-10-29 02:44:56,088 | DEBUG | WriteChecker 10000 ms elapsed since last write check. | org.apache.activemq.transport.AbstractInactivityMonitor | ActiveMQ InactivityMonitor WriteCheckTimer
2025-10-29 02:44:56,088 | DEBUG | Running WriteCheck[tcp://172.18.0.1:49490] | org.apache.activemq.transport.AbstractInactivityMonitor | ActiveMQ InactivityMonitor Worker
2025-10-29 02:44:56,110 | DEBUG | 30000 ms elapsed since last read check. | org.apache.activemq.transport.AbstractInactivityMonitor | ActiveMQ InactivityMonitor ReadCheckTimer
2025-10-29 02:44:56,118 | DEBUG | WriteChecker 10000 ms elapsed since last write check. | org.apache.activemq.transport.AbstractInactivityMonitor | ActiveMQ InactivityMonitor WriteCheckTimer
2025-10-29 02:44:56,119 | DEBUG | Running WriteCheck[tcp://172.18.0.1:49496] | org.apache.activemq.transport.AbstractInactivityMonitor | ActiveMQ InactivityMonitor Worker
2025-10-29 02:44:59,012 | DEBUG | temp-queue://ID:351d5895b329-37485-1761699249168-2:3:1 expiring messages .. | org.apache.activemq.broker.region.Queue | ActiveMQ Broker[localhost] Scheduler
2025-10-29 02:44:59,012 | DEBUG | ID:351d5895b329-37485-1761699249168-2:3:1 toPageIn: 0, Inflight: 0, pagedInMessages.size 0, enqueueCount: 0, dequeueCount: 0 | org.apache.activemq.broker.region.Queue | ActiveMQ Broker[localhost] Scheduler
2025-10-29 02:44:59,013 | DEBUG | temp-queue://ID:351d5895b329-37485-1761699249168-2:3:1 expiring messages done. | org.apache.activemq.broker.region.Queue | ActiveMQ Broker[localhost] Scheduler
2025-10-29 02:44:59,577 | DEBUG | Checkpoint started. | org.apache.activemq.store.kahadb.MessageDatabase | ActiveMQ Journal Checkpoint Worker
2025-10-29 02:44:59,591 | DEBUG | Checkpoint done. | org.apache.activemq.store.kahadb.MessageDatabase | ActiveMQ Journal Checkpoint Worker
2025-10-29 02:44:59,847 | DEBUG | 30000 ms elapsed since last read check. | org.apache.activemq.transport.AbstractInactivityMonitor | ActiveMQ InactivityMonitor ReadCheckTimer
2025-10-29 02:44:59,908 | DEBUG | WriteChecker 10000 ms elapsed since last write check. | org.apache.activemq.transport.AbstractInactivityMonitor | ActiveMQ InactivityMonitor WriteCheckTimer
2025-10-29 02:44:59,908 | DEBUG | Running WriteCheck[tcp://172.18.0.1:40982] | org.apache.activemq.transport.AbstractInactivityMonitor | ActiveMQ InactivityMonitor Worker
2025-10-29 02:45:04,592 | DEBUG | Checkpoint started. | org.apache.activemq.store.kahadb.MessageDatabase | ActiveMQ Journal Checkpoint Worker
2025-10-29 02:45:04,604 | DEBUG | Checkpoint done. | org.apache.activemq.store.kahadb.MessageDatabase | ActiveMQ Journal Checkpoint Worker
2025-10-29 02:45:06,088 | DEBUG | WriteChecker 10000 ms elapsed since last write check. | org.apache.activemq.transport.AbstractInactivityMonitor | ActiveMQ InactivityMonitor WriteCheckTimer
2025-10-29 02:45:06,089 | DEBUG | Running WriteCheck[tcp://172.18.0.1:49490] | org.apache.activemq.transport.AbstractInactivityMonitor | ActiveMQ InactivityMonitor Worker
2025-10-29 02:45:06,118 | DEBUG | WriteChecker 10000 ms elapsed since last write check. | org.apache.activemq.transport.AbstractInactivityMonitor | ActiveMQ InactivityMonitor WriteCheckTimer
2025-10-29 02:45:06,118 | DEBUG | Running WriteCheck[tcp://172.18.0.1:49496] | org.apache.activemq.transport.AbstractInactivityMonitor | ActiveMQ InactivityMonitor Worker
2025-10-29 02:45:07,009 | DEBUG | Unmarshalled new incoming event - jabber.client.Presence | org.apache.activemq.transport.xmpp.XmppTransport | ActiveMQ Transport: tcp:///172.18.0.3:60224@61222
2025-10-29 02:45:07,010 | DEBUG | Presence: null id: g3zJ5-8 to: null type: unavailable showOrStatusOrPriority: [] any: [] | org.apache.activemq.transport.xmpp.ProtocolConverter | ActiveMQ Transport: tcp:///172.18.0.3:60224@61222
2025-10-29 02:45:07,011 | DEBUG | Unable to create destination for null | org.apache.activemq.transport.xmpp.ProtocolConverter | ActiveMQ Transport: tcp:///172.18.0.3:60224@61222
2025-10-29 02:45:07,014 | DEBUG | XMPP consumer thread starting | org.apache.activemq.transport.xmpp.XmppTransport | ActiveMQ Transport: tcp:///172.18.0.3:60224@61222
2025-10-29 02:45:07,019 | DEBUG | Transport Connection to: tcp://172.18.0.3:60224 failed: java.io.IOException: Unexpected EOF in prolog
 at [row,col {unknown-source}]: [1,0] | org.apache.activemq.broker.TransportConnection.Transport | ActiveMQ Transport: tcp:///172.18.0.3:60224@61222
java.io.IOException: Unexpected EOF in prolog
 at [row,col {unknown-source}]: [1,0]
	at org.apache.activemq.util.IOExceptionSupport.create(IOExceptionSupport.java:45)
	at org.apache.activemq.transport.xmpp.XmppTransport.doRun(XmppTransport.java:189)
	at org.apache.activemq.transport.tcp.TcpTransport.run(TcpTransport.java:196)
	at java.lang.Thread.run(Thread.java:750)
Caused by: com.ctc.wstx.exc.WstxEOFException: Unexpected EOF in prolog
 at [row,col {unknown-source}]: [1,0]
	at com.ctc.wstx.sr.StreamScanner.throwUnexpectedEOF(StreamScanner.java:677)
	at com.ctc.wstx.sr.BasicStreamReader.handleEOF(BasicStreamReader.java:2116)
	at com.ctc.wstx.sr.BasicStreamReader.nextFromProlog(BasicStreamReader.java:2022)
	at com.ctc.wstx.sr.BasicStreamReader.next(BasicStreamReader.java:1114)
	at org.codehaus.stax2.ri.Stax2EventReaderImpl.nextTag(Stax2EventReaderImpl.java:320)
	at org.apache.activemq.transport.xmpp.XmppTransport.doRun(XmppTransport.java:155)
	... 2 more
2025-10-29 02:45:07,020 | DEBUG | Unregistering MBean org.apache.activemq:type=Broker,brokerName=localhost,connector=clientConnectors,connectorName=xmpp,connectionViewType=clientId,connectionName=xmpp-37485-1761699249168-3_3 | org.apache.activemq.broker.jmx.ManagementContext | ActiveMQ Transport: tcp:///172.18.0.3:60224@61222
2025-10-29 02:45:07,021 | DEBUG | Unregistering MBean org.apache.activemq:type=Broker,brokerName=localhost,connector=clientConnectors,connectorName=xmpp,connectionViewType=remoteAddress,connectionName=tcp_//172.18.0.3_60224 | org.apache.activemq.broker.jmx.ManagementContext | ActiveMQ Transport: tcp:///172.18.0.3:60224@61222
2025-10-29 02:45:07,021 | DEBUG | Stopping connection: tcp://172.18.0.3:60224 | org.apache.activemq.broker.TransportConnection | ActiveMQ BrokerService[localhost] Task-17
2025-10-29 02:45:07,021 | DEBUG | Stopping transport tcp:///172.18.0.3:60224@61222 | org.apache.activemq.transport.tcp.TcpTransport | ActiveMQ BrokerService[localhost] Task-17
2025-10-29 02:45:07,022 | DEBUG | Initialized TaskRunnerFactory[ActiveMQ Task] using ExecutorService: java.util.concurrent.ThreadPoolExecutor@3ed283d0[Running, pool size = 0, active threads = 0, queued tasks = 0, completed tasks = 0] | org.apache.activemq.thread.TaskRunnerFactory | ActiveMQ BrokerService[localhost] Task-17
2025-10-29 02:45:07,026 | DEBUG | Closed socket Socket[addr=/172.18.0.3,port=60224,localport=61222] | org.apache.activemq.transport.tcp.TcpTransport | ActiveMQ Task-1
2025-10-29 02:45:07,026 | DEBUG | Forcing shutdown of ExecutorService: java.util.concurrent.ThreadPoolExecutor@3ed283d0[Running, pool size = 1, active threads = 0, queued tasks = 0, completed tasks = 1] | org.apache.activemq.util.ThreadPoolUtils | ActiveMQ BrokerService[localhost] Task-17
2025-10-29 02:45:07,026 | DEBUG | Stopped transport: tcp://172.18.0.3:60224 | org.apache.activemq.broker.TransportConnection | ActiveMQ BrokerService[localhost] Task-17
2025-10-29 02:45:07,027 | DEBUG | Cleaning up connection resources: tcp://172.18.0.3:60224 | org.apache.activemq.broker.TransportConnection | ActiveMQ BrokerService[localhost] Task-17
2025-10-29 02:45:07,027 | DEBUG | remove connection id: ID:351d5895b329-37485-1761699249168-2:3 | org.apache.activemq.broker.TransportConnection | ActiveMQ BrokerService[localhost] Task-17
2025-10-29 02:45:07,027 | DEBUG | Unregistering MBean org.apache.activemq:type=Broker,brokerName=localhost,destinationType=Topic,destinationName=admin,endpoint=Consumer,clientId=xmpp-37485-1761699249168-3_3,consumerId=ID_351d5895b329-37485-1761699249168-2_3_-1_1 | org.apache.activemq.broker.jmx.ManagementContext | ActiveMQ BrokerService[localhost] Task-17
2025-10-29 02:45:07,028 | DEBUG | localhost removing consumer: ID:351d5895b329-37485-1761699249168-2:3:-1:1 for destination: topic://admin | org.apache.activemq.broker.region.AbstractRegion | ActiveMQ BrokerService[localhost] Task-17
2025-10-29 02:45:07,028 | DEBUG | Unregistering MBean org.apache.activemq:type=Broker,brokerName=localhost,destinationType=Topic,destinationName=analysis.request,endpoint=Consumer,clientId=xmpp-37485-1761699249168-3_3,consumerId=ID_351d5895b329-37485-1761699249168-2_3_-1_3 | org.apache.activemq.broker.jmx.ManagementContext | ActiveMQ BrokerService[localhost] Task-17
2025-10-29 02:45:07,029 | DEBUG | localhost removing consumer: ID:351d5895b329-37485-1761699249168-2:3:-1:3 for destination: topic://analysis.request | org.apache.activemq.broker.region.AbstractRegion | ActiveMQ BrokerService[localhost] Task-17
2025-10-29 02:45:07,029 | DEBUG | Unregistering MBean org.apache.activemq:type=Broker,brokerName=localhost,destinationType=TempQueue,destinationName=ID_351d5895b329-37485-1761699249168-2_3_1,endpoint=Consumer,clientId=xmpp-37485-1761699249168-3_3,consumerId=ID_351d5895b329-37485-1761699249168-2_3_-1_2 | org.apache.activemq.broker.jmx.ManagementContext | ActiveMQ BrokerService[localhost] Task-17
2025-10-29 02:45:07,030 | DEBUG | localhost removing consumer: ID:351d5895b329-37485-1761699249168-2:3:-1:2 for destination: temp-queue://ID:351d5895b329-37485-1761699249168-2:3:1 | org.apache.activemq.broker.region.AbstractRegion | ActiveMQ BrokerService[localhost] Task-17
2025-10-29 02:45:07,030 | DEBUG | temp-queue://ID:351d5895b329-37485-1761699249168-2:3:1 remove sub: QueueSubscription: consumer=ID:351d5895b329-37485-1761699249168-2:3:-1:2, destinations=1, dispatched=0, delivered=0, pending=0, lastDeliveredSeqId: 0, dequeues: 0, dispatched: 0, inflight: 0 | org.apache.activemq.broker.region.Queue | ActiveMQ BrokerService[localhost] Task-17
2025-10-29 02:45:07,032 | DEBUG | Unregistering MBean org.apache.activemq:type=Broker,brokerName=localhost,endpoint=dynamicProducer,clientId=xmpp-37485-1761699249168-3_3,producerId=ID_351d5895b329-37485-1761699249168-2_3_-1_1 | org.apache.activemq.broker.jmx.ManagementContext | ActiveMQ BrokerService[localhost] Task-17
2025-10-29 02:45:07,032 | DEBUG | localhost removing destination: temp-queue://ID:351d5895b329-37485-1761699249168-2:3:1 | org.apache.activemq.broker.region.AbstractRegion | ActiveMQ BrokerService[localhost] Task-17
2025-10-29 02:45:07,032 | DEBUG | ID:351d5895b329-37485-1761699249168-2:3:1 toPageIn: 0, Inflight: 0, pagedInMessages.size 0, enqueueCount: 0, dequeueCount: 0 | org.apache.activemq.broker.region.Queue | ActiveMQ BrokerService[localhost] Task-17
2025-10-29 02:45:07,033 | DEBUG | Unregistering MBean org.apache.activemq:type=Broker,brokerName=localhost,destinationType=TempQueue,destinationName=ID_351d5895b329-37485-1761699249168-2_3_1 | org.apache.activemq.broker.jmx.ManagementContext | ActiveMQ BrokerService[localhost] Task-17
2025-10-29 02:45:07,034 | DEBUG | localhost removing destination: topic://ActiveMQ.Advisory.Consumer.Queue.ID:351d5895b329-37485-1761699249168-2:3:1 | org.apache.activemq.broker.region.AbstractRegion | ActiveMQ BrokerService[localhost] Task-17
2025-10-29 02:45:07,035 | DEBUG | Unregistering MBean org.apache.activemq:type=Broker,brokerName=localhost,destinationType=Topic,destinationName=ActiveMQ.Advisory.Consumer.Queue.ID_351d5895b329-37485-1761699249168-2_3_1 | org.apache.activemq.broker.jmx.ManagementContext | ActiveMQ BrokerService[localhost] Task-17
2025-10-29 02:45:07,036 | DEBUG | Connection Stopped: tcp://172.18.0.3:60224 | org.apache.activemq.broker.TransportConnection | ActiveMQ BrokerService[localhost] Task-17
2025-10-29 02:45:09,480 | DEBUG | queue://Consumer.A.VirtualTopic.Analysis expiring messages .. | org.apache.activemq.broker.region.Queue | ActiveMQ Broker[localhost] Scheduler
2025-10-29 02:45:09,481 | DEBUG | Consumer.A.VirtualTopic.Analysis toPageIn: 0, Inflight: 0, pagedInMessages.size 0, enqueueCount: 0, dequeueCount: 0 | org.apache.activemq.broker.region.Queue | ActiveMQ Broker[localhost] Scheduler
2025-10-29 02:45:09,481 | DEBUG | queue://Consumer.A.VirtualTopic.Analysis expiring messages done. | org.apache.activemq.broker.region.Queue | ActiveMQ Broker[localhost] Scheduler
2025-10-29 02:45:09,541 | DEBUG | queue://queue.analysis expiring messages .. | org.apache.activemq.broker.region.Queue | ActiveMQ Broker[localhost] Scheduler
2025-10-29 02:45:09,542 | DEBUG | queue.analysis toPageIn: 0, Inflight: 0, pagedInMessages.size 0, enqueueCount: 0, dequeueCount: 0 | org.apache.activemq.broker.region.Queue | ActiveMQ Broker[localhost] Scheduler
2025-10-29 02:45:09,542 | DEBUG | queue://queue.analysis expiring messages done. | org.apache.activemq.broker.region.Queue | ActiveMQ Broker[localhost] Scheduler
2025-10-29 02:45:09,606 | DEBUG | Checkpoint started. | org.apache.activemq.store.kahadb.MessageDatabase | ActiveMQ Journal Checkpoint Worker
2025-10-29 02:45:09,624 | DEBUG | Checkpoint done. | org.apache.activemq.store.kahadb.MessageDatabase | ActiveMQ Journal Checkpoint Worker
2025-10-29 02:45:09,908 | DEBUG | WriteChecker 10000 ms elapsed since last write check. | org.apache.activemq.transport.AbstractInactivityMonitor | ActiveMQ InactivityMonitor WriteCheckTimer
2025-10-29 02:45:14,627 | DEBUG | Checkpoint started. | org.apache.activemq.store.kahadb.MessageDatabase | ActiveMQ Journal Checkpoint Worker
2025-10-29 02:45:14,642 | DEBUG | Checkpoint done. | org.apache.activemq.store.kahadb.MessageDatabase | ActiveMQ Journal Checkpoint Worker
2025-10-29 02:45:16,088 | DEBUG | WriteChecker 10000 ms elapsed since last write check. | org.apache.activemq.transport.AbstractInactivityMonitor | ActiveMQ InactivityMonitor WriteCheckTimer
2025-10-29 02:45:16,119 | DEBUG | WriteChecker 10001 ms elapsed since last write check. | org.apache.activemq.transport.AbstractInactivityMonitor | ActiveMQ InactivityMonitor WriteCheckTimer
2025-10-29 02:45:18,951 | DEBUG | Creating new instance of XmppTransport | org.apache.activemq.transport.xmpp.XmppTransport | ActiveMQ Transport Server Thread Handler: xmpp://0.0.0.0:61222
2025-10-29 02:45:18,975 | DEBUG | Sending initial stream element | org.apache.activemq.transport.xmpp.XmppTransport | ActiveMQ BrokerService[localhost] Task-21
2025-10-29 02:45:18,975 | DEBUG | XMPP consumer thread starting | org.apache.activemq.transport.xmpp.XmppTransport | ActiveMQ Transport: tcp:///172.18.0.3:36274@61222
2025-10-29 02:45:18,980 | DEBUG | Initial stream element sent! | org.apache.activemq.transport.xmpp.XmppTransport | ActiveMQ BrokerService[localhost] Task-21
2025-10-29 02:45:18,997 | DEBUG | Unmarshalled new incoming event - jabber.client.Iq | org.apache.activemq.transport.xmpp.XmppTransport | ActiveMQ Transport: tcp:///172.18.0.3:36274@61222
2025-10-29 02:45:18,998 | DEBUG | Iq Auth Query to: null type: get from: null id: 4AyAV-0 resource: null username: admin | org.apache.activemq.transport.xmpp.ProtocolConverter | ActiveMQ Transport: tcp:///172.18.0.3:36274@61222
2025-10-29 02:45:19,006 | DEBUG | Unmarshalled new incoming event - jabber.client.Iq | org.apache.activemq.transport.xmpp.XmppTransport | ActiveMQ Transport: tcp:///172.18.0.3:36274@61222
2025-10-29 02:45:19,007 | DEBUG | Iq Auth Query to: null type: set from: null id: 4AyAV-1 resource: Smack username: admin | org.apache.activemq.transport.xmpp.ProtocolConverter | ActiveMQ Transport: tcp:///172.18.0.3:36274@61222
2025-10-29 02:45:19,008 | DEBUG | Setting up new connection id: ID:351d5895b329-37485-1761699249168-2:4, address: tcp://172.18.0.3:36274, info: ConnectionInfo {commandId = 0, responseRequired = true, connectionId = ID:351d5895b329-37485-1761699249168-2:4, clientId = xmpp-37485-1761699249168-3:4, clientIp = null, userName = admin, password = *****, brokerPath = null, brokerMasterConnector = false, manageable = false, clientMaster = true, faultTolerant = false, failoverReconnect = false} | org.apache.activemq.broker.TransportConnection | ActiveMQ Transport: tcp:///172.18.0.3:36274@61222
2025-10-29 02:45:19,009 | DEBUG | Completed create sesssion | org.apache.activemq.transport.xmpp.ProtocolConverter | ActiveMQ Transport: tcp:///172.18.0.3:36274@61222
2025-10-29 02:45:19,011 | DEBUG | Completed create producer | org.apache.activemq.transport.xmpp.ProtocolConverter | ActiveMQ Transport: tcp:///172.18.0.3:36274@61222
2025-10-29 02:45:19,011 | DEBUG | localhost adding consumer: ID:351d5895b329-37485-1761699249168-2:4:-1:1 for destination: topic://admin | org.apache.activemq.broker.region.AbstractRegion | ActiveMQ Transport: tcp:///172.18.0.3:36274@61222
2025-10-29 02:45:19,012 | DEBUG | Setting the maximumPendingMessages size to: 1000 for consumer: ID:351d5895b329-37485-1761699249168-2:4:-1:1 | org.apache.activemq.broker.region.policy.PolicyEntry | ActiveMQ Transport: tcp:///172.18.0.3:36274@61222
2025-10-29 02:45:19,014 | DEBUG | Completed subscribe to destination: topic://admin | org.apache.activemq.transport.xmpp.ProtocolConverter | ActiveMQ Transport: tcp:///172.18.0.3:36274@61222
2025-10-29 02:45:19,015 | DEBUG | localhost adding destination: temp-queue://ID:351d5895b329-37485-1761699249168-2:4:1 | org.apache.activemq.broker.region.AbstractRegion | ActiveMQ Transport: tcp:///172.18.0.3:36274@61222
2025-10-29 02:45:19,021 | DEBUG | ID:351d5895b329-37485-1761699249168-2:4:1 toPageIn: 0, Inflight: 0, pagedInMessages.size 0, enqueueCount: 0, dequeueCount: 0 | org.apache.activemq.broker.region.Queue | ActiveMQ Transport: tcp:///172.18.0.3:36274@61222
2025-10-29 02:45:19,022 | DEBUG | localhost adding consumer: ID:351d5895b329-37485-1761699249168-2:4:-1:2 for destination: temp-queue://ID:351d5895b329-37485-1761699249168-2:4:1 | org.apache.activemq.broker.region.AbstractRegion | ActiveMQ Transport: tcp:///172.18.0.3:36274@61222
2025-10-29 02:45:19,033 | DEBUG | temp-queue://ID:351d5895b329-37485-1761699249168-2:4:1 add sub: QueueSubscription: consumer=ID:351d5895b329-37485-1761699249168-2:4:-1:2, destinations=0, dispatched=0, delivered=0, pending=0, dequeues: 0, dispatched: 0, inflight: 0 | org.apache.activemq.broker.region.Queue | ActiveMQ Transport: tcp:///172.18.0.3:36274@61222
2025-10-29 02:45:19,034 | DEBUG | localhost adding destination: topic://ActiveMQ.Advisory.Consumer.Queue.ID:351d5895b329-37485-1761699249168-2:4:1 | org.apache.activemq.broker.region.AbstractRegion | ActiveMQ Transport: tcp:///172.18.0.3:36274@61222
2025-10-29 02:45:19,038 | DEBUG | Completed subscribe to destination: temp-queue://ID:351d5895b329-37485-1761699249168-2:4:1 | org.apache.activemq.transport.xmpp.ProtocolConverter | ActiveMQ Transport: tcp:///172.18.0.3:36274@61222
2025-10-29 02:45:19,039 | DEBUG | Unmarshalled new incoming event - jabber.client.Iq | org.apache.activemq.transport.xmpp.XmppTransport | ActiveMQ Transport: tcp:///172.18.0.3:36274@61222
2025-10-29 02:45:19,039 | DEBUG | Iq Roster to: null type: get from: null id: 4AyAV-2 item: [] | org.apache.activemq.transport.xmpp.ProtocolConverter | ActiveMQ Transport: tcp:///172.18.0.3:36274@61222
2025-10-29 02:45:19,041 | DEBUG | Unmarshalled new incoming event - jabber.client.Presence | org.apache.activemq.transport.xmpp.XmppTransport | ActiveMQ Transport: tcp:///172.18.0.3:36274@61222
2025-10-29 02:45:19,041 | DEBUG | Presence: null id: 4AyAV-3 to: null type: null showOrStatusOrPriority: [] any: [] | org.apache.activemq.transport.xmpp.ProtocolConverter | ActiveMQ Transport: tcp:///172.18.0.3:36274@61222
2025-10-29 02:45:19,042 | DEBUG | Unable to create destination for null | org.apache.activemq.transport.xmpp.ProtocolConverter | ActiveMQ Transport: tcp:///172.18.0.3:36274@61222
2025-10-29 02:45:19,386 | DEBUG | Unmarshalled new incoming event - jabber.client.Presence | org.apache.activemq.transport.xmpp.XmppTransport | ActiveMQ Transport: tcp:///172.18.0.3:36274@61222
2025-10-29 02:45:19,387 | DEBUG | Presence: null id: 4AyAV-4 to: null type: unavailable showOrStatusOrPriority: [] any: [] | org.apache.activemq.transport.xmpp.ProtocolConverter | ActiveMQ Transport: tcp:///172.18.0.3:36274@61222
2025-10-29 02:45:19,389 | DEBUG | Unable to create destination for null | org.apache.activemq.transport.xmpp.ProtocolConverter | ActiveMQ Transport: tcp:///172.18.0.3:36274@61222
2025-10-29 02:45:19,396 | DEBUG | XMPP consumer thread starting | org.apache.activemq.transport.xmpp.XmppTransport | ActiveMQ Transport: tcp:///172.18.0.3:36274@61222
2025-10-29 02:45:19,402 | DEBUG | Transport Connection to: tcp://172.18.0.3:36274 failed: java.io.IOException: Unexpected EOF in prolog
 at [row,col {unknown-source}]: [1,0] | org.apache.activemq.broker.TransportConnection.Transport | ActiveMQ Transport: tcp:///172.18.0.3:36274@61222
java.io.IOException: Unexpected EOF in prolog
 at [row,col {unknown-source}]: [1,0]
	at org.apache.activemq.util.IOExceptionSupport.create(IOExceptionSupport.java:45)
	at org.apache.activemq.transport.xmpp.XmppTransport.doRun(XmppTransport.java:189)
	at org.apache.activemq.transport.tcp.TcpTransport.run(TcpTransport.java:196)
	at java.lang.Thread.run(Thread.java:750)
Caused by: com.ctc.wstx.exc.WstxEOFException: Unexpected EOF in prolog
 at [row,col {unknown-source}]: [1,0]
	at com.ctc.wstx.sr.StreamScanner.throwUnexpectedEOF(StreamScanner.java:677)
	at com.ctc.wstx.sr.BasicStreamReader.handleEOF(BasicStreamReader.java:2116)
	at com.ctc.wstx.sr.BasicStreamReader.nextFromProlog(BasicStreamReader.java:2022)
	at com.ctc.wstx.sr.BasicStreamReader.next(BasicStreamReader.java:1114)
	at org.codehaus.stax2.ri.Stax2EventReaderImpl.nextTag(Stax2EventReaderImpl.java:320)
	at org.apache.activemq.transport.xmpp.XmppTransport.doRun(XmppTransport.java:155)
	... 2 more
2025-10-29 02:45:19,404 | DEBUG | Unregistering MBean org.apache.activemq:type=Broker,brokerName=localhost,connector=clientConnectors,connectorName=xmpp,connectionViewType=clientId,connectionName=xmpp-37485-1761699249168-3_4 | org.apache.activemq.broker.jmx.ManagementContext | ActiveMQ Transport: tcp:///172.18.0.3:36274@61222
2025-10-29 02:45:19,404 | DEBUG | Unregistering MBean org.apache.activemq:type=Broker,brokerName=localhost,connector=clientConnectors,connectorName=xmpp,connectionViewType=remoteAddress,connectionName=tcp_//172.18.0.3_36274 | org.apache.activemq.broker.jmx.ManagementContext | ActiveMQ Transport: tcp:///172.18.0.3:36274@61222
2025-10-29 02:45:19,405 | DEBUG | Stopping connection: tcp://172.18.0.3:36274 | org.apache.activemq.broker.TransportConnection | ActiveMQ BrokerService[localhost] Task-17
2025-10-29 02:45:19,406 | DEBUG | Stopping transport tcp:///172.18.0.3:36274@61222 | org.apache.activemq.transport.tcp.TcpTransport | ActiveMQ BrokerService[localhost] Task-17
2025-10-29 02:45:19,407 | DEBUG | Initialized TaskRunnerFactory[ActiveMQ Task] using ExecutorService: java.util.concurrent.ThreadPoolExecutor@231f4954[Running, pool size = 0, active threads = 0, queued tasks = 0, completed tasks = 0] | org.apache.activemq.thread.TaskRunnerFactory | ActiveMQ BrokerService[localhost] Task-17
2025-10-29 02:45:19,413 | DEBUG | Closed socket Socket[addr=/172.18.0.3,port=36274,localport=61222] | org.apache.activemq.transport.tcp.TcpTransport | ActiveMQ Task-1
2025-10-29 02:45:19,413 | DEBUG | Forcing shutdown of ExecutorService: java.util.concurrent.ThreadPoolExecutor@231f4954[Running, pool size = 1, active threads = 0, queued tasks = 0, completed tasks = 1] | org.apache.activemq.util.ThreadPoolUtils | ActiveMQ BrokerService[localhost] Task-17
2025-10-29 02:45:19,414 | DEBUG | Stopped transport: tcp://172.18.0.3:36274 | org.apache.activemq.broker.TransportConnection | ActiveMQ BrokerService[localhost] Task-17
2025-10-29 02:45:19,414 | DEBUG | Cleaning up connection resources: tcp://172.18.0.3:36274 | org.apache.activemq.broker.TransportConnection | ActiveMQ BrokerService[localhost] Task-17
2025-10-29 02:45:19,415 | DEBUG | remove connection id: ID:351d5895b329-37485-1761699249168-2:4 | org.apache.activemq.broker.TransportConnection | ActiveMQ BrokerService[localhost] Task-17
2025-10-29 02:45:19,415 | DEBUG | Unregistering MBean org.apache.activemq:type=Broker,brokerName=localhost,destinationType=TempQueue,destinationName=ID_351d5895b329-37485-1761699249168-2_4_1,endpoint=Consumer,clientId=xmpp-37485-1761699249168-3_4,consumerId=ID_351d5895b329-37485-1761699249168-2_4_-1_2 | org.apache.activemq.broker.jmx.ManagementContext | ActiveMQ BrokerService[localhost] Task-17
2025-10-29 02:45:19,416 | DEBUG | localhost removing consumer: ID:351d5895b329-37485-1761699249168-2:4:-1:2 for destination: temp-queue://ID:351d5895b329-37485-1761699249168-2:4:1 | org.apache.activemq.broker.region.AbstractRegion | ActiveMQ BrokerService[localhost] Task-17
2025-10-29 02:45:19,418 | DEBUG | temp-queue://ID:351d5895b329-37485-1761699249168-2:4:1 remove sub: QueueSubscription: consumer=ID:351d5895b329-37485-1761699249168-2:4:-1:2, destinations=1, dispatched=0, delivered=0, pending=0, lastDeliveredSeqId: 0, dequeues: 0, dispatched: 0, inflight: 0 | org.apache.activemq.broker.region.Queue | ActiveMQ BrokerService[localhost] Task-17
2025-10-29 02:45:19,421 | DEBUG | Unregistering MBean org.apache.activemq:type=Broker,brokerName=localhost,destinationType=Topic,destinationName=admin,endpoint=Consumer,clientId=xmpp-37485-1761699249168-3_4,consumerId=ID_351d5895b329-37485-1761699249168-2_4_-1_1 | org.apache.activemq.broker.jmx.ManagementContext | ActiveMQ BrokerService[localhost] Task-17
2025-10-29 02:45:19,421 | DEBUG | localhost removing consumer: ID:351d5895b329-37485-1761699249168-2:4:-1:1 for destination: topic://admin | org.apache.activemq.broker.region.AbstractRegion | ActiveMQ BrokerService[localhost] Task-17
2025-10-29 02:45:19,423 | DEBUG | Unregistering MBean org.apache.activemq:type=Broker,brokerName=localhost,endpoint=dynamicProducer,clientId=xmpp-37485-1761699249168-3_4,producerId=ID_351d5895b329-37485-1761699249168-2_4_-1_1 | org.apache.activemq.broker.jmx.ManagementContext | ActiveMQ BrokerService[localhost] Task-17
2025-10-29 02:45:19,423 | DEBUG | localhost removing destination: temp-queue://ID:351d5895b329-37485-1761699249168-2:4:1 | org.apache.activemq.broker.region.AbstractRegion | ActiveMQ BrokerService[localhost] Task-17
2025-10-29 02:45:19,423 | DEBUG | ID:351d5895b329-37485-1761699249168-2:4:1 toPageIn: 0, Inflight: 0, pagedInMessages.size 0, enqueueCount: 0, dequeueCount: 0 | org.apache.activemq.broker.region.Queue | ActiveMQ BrokerService[localhost] Task-17
2025-10-29 02:45:19,424 | DEBUG | Unregistering MBean org.apache.activemq:type=Broker,brokerName=localhost,destinationType=TempQueue,destinationName=ID_351d5895b329-37485-1761699249168-2_4_1 | org.apache.activemq.broker.jmx.ManagementContext | ActiveMQ BrokerService[localhost] Task-17
2025-10-29 02:45:19,425 | DEBUG | localhost removing destination: topic://ActiveMQ.Advisory.Consumer.Queue.ID:351d5895b329-37485-1761699249168-2:4:1 | org.apache.activemq.broker.region.AbstractRegion | ActiveMQ BrokerService[localhost] Task-17
2025-10-29 02:45:19,427 | DEBUG | Unregistering MBean org.apache.activemq:type=Broker,brokerName=localhost,destinationType=Topic,destinationName=ActiveMQ.Advisory.Consumer.Queue.ID_351d5895b329-37485-1761699249168-2_4_1 | org.apache.activemq.broker.jmx.ManagementContext | ActiveMQ BrokerService[localhost] Task-17
2025-10-29 02:45:19,428 | DEBUG | Connection Stopped: tcp://172.18.0.3:36274 | org.apache.activemq.broker.TransportConnection | ActiveMQ BrokerService[localhost] Task-17
2025-10-29 02:45:19,644 | DEBUG | Checkpoint started. | org.apache.activemq.store.kahadb.MessageDatabase | ActiveMQ Journal Checkpoint Worker
2025-10-29 02:45:19,660 | DEBUG | Checkpoint done. | org.apache.activemq.store.kahadb.MessageDatabase | ActiveMQ Journal Checkpoint Worker
2025-10-29 02:45:19,908 | DEBUG | WriteChecker 10000 ms elapsed since last write check. | org.apache.activemq.transport.AbstractInactivityMonitor | ActiveMQ InactivityMonitor WriteCheckTimer
2025-10-29 02:45:20,078 | DEBUG | queue://analysis.queue expiring messages .. | org.apache.activemq.broker.region.Queue | ActiveMQ Broker[localhost] Scheduler
2025-10-29 02:45:20,079 | DEBUG | analysis.queue toPageIn: 0, Inflight: 0, pagedInMessages.size 1, enqueueCount: 1, dequeueCount: 0 | org.apache.activemq.broker.region.Queue | ActiveMQ Broker[localhost] Scheduler
2025-10-29 02:45:20,080 | DEBUG | queue://analysis.queue expiring messages done. | org.apache.activemq.broker.region.Queue | ActiveMQ Broker[localhost] Scheduler
2025-10-29 02:45:20,080 | DEBUG | analysis.queue toPageIn: 0, Inflight: 0, pagedInMessages.size 1, enqueueCount: 1, dequeueCount: 0 | org.apache.activemq.broker.region.Queue | ActiveMQ BrokerService[localhost] Task-17
2025-10-29 02:45:24,662 | DEBUG | Checkpoint started. | org.apache.activemq.store.kahadb.MessageDatabase | ActiveMQ Journal Checkpoint Worker
2025-10-29 02:45:24,679 | DEBUG | Checkpoint done. | org.apache.activemq.store.kahadb.MessageDatabase | ActiveMQ Journal Checkpoint Worker
2025-10-29 02:45:26,076 | DEBUG | 30000 ms elapsed since last read check. | org.apache.activemq.transport.AbstractInactivityMonitor | ActiveMQ InactivityMonitor ReadCheckTimer
2025-10-29 02:45:26,088 | DEBUG | WriteChecker 10000 ms elapsed since last write check. | org.apache.activemq.transport.AbstractInactivityMonitor | ActiveMQ InactivityMonitor WriteCheckTimer
2025-10-29 02:45:26,110 | DEBUG | 30000 ms elapsed since last read check. | org.apache.activemq.transport.AbstractInactivityMonitor | ActiveMQ InactivityMonitor ReadCheckTimer
2025-10-29 02:45:26,120 | DEBUG | WriteChecker 10000 ms elapsed since last write check. | org.apache.activemq.transport.AbstractInactivityMonitor | ActiveMQ InactivityMonitor WriteCheckTimer
2025-10-29 02:45:29,683 | DEBUG | Checkpoint started. | org.apache.activemq.store.kahadb.MessageDatabase | ActiveMQ Journal Checkpoint Worker
2025-10-29 02:45:29,700 | DEBUG | Checkpoint done. | org.apache.activemq.store.kahadb.MessageDatabase | ActiveMQ Journal Checkpoint Worker
2025-10-29 02:45:29,847 | DEBUG | 30000 ms elapsed since last read check. | org.apache.activemq.transport.AbstractInactivityMonitor | ActiveMQ InactivityMonitor ReadCheckTimer
2025-10-29 02:45:29,908 | DEBUG | WriteChecker 10000 ms elapsed since last write check. | org.apache.activemq.transport.AbstractInactivityMonitor | ActiveMQ InactivityMonitor WriteCheckTimer
2025-10-29 02:45:29,912 | DEBUG | Running WriteCheck[tcp://172.18.0.1:40982] | org.apache.activemq.transport.AbstractInactivityMonitor | ActiveMQ InactivityMonitor Worker
2025-10-29 02:45:34,702 | DEBUG | Checkpoint started. | org.apache.activemq.store.kahadb.MessageDatabase | ActiveMQ Journal Checkpoint Worker
2025-10-29 02:45:34,715 | DEBUG | Checkpoint done. | org.apache.activemq.store.kahadb.MessageDatabase | ActiveMQ Journal Checkpoint Worker
2025-10-29 02:45:36,089 | DEBUG | WriteChecker 10000 ms elapsed since last write check. | org.apache.activemq.transport.AbstractInactivityMonitor | ActiveMQ InactivityMonitor WriteCheckTimer
2025-10-29 02:45:36,090 | DEBUG | Running WriteCheck[tcp://172.18.0.1:49490] | org.apache.activemq.transport.AbstractInactivityMonitor | ActiveMQ InactivityMonitor Worker
2025-10-29 02:45:36,120 | DEBUG | WriteChecker 10001 ms elapsed since last write check. | org.apache.activemq.transport.AbstractInactivityMonitor | ActiveMQ InactivityMonitor WriteCheckTimer
2025-10-29 02:45:36,120 | DEBUG | Running WriteCheck[tcp://172.18.0.1:49496] | org.apache.activemq.transport.AbstractInactivityMonitor | ActiveMQ InactivityMonitor Worker
2025-10-29 02:45:39,480 | DEBUG | queue://Consumer.A.VirtualTopic.Analysis expiring messages .. | org.apache.activemq.broker.region.Queue | ActiveMQ Broker[localhost] Scheduler
2025-10-29 02:45:39,481 | DEBUG | Consumer.A.VirtualTopic.Analysis toPageIn: 0, Inflight: 0, pagedInMessages.size 0, enqueueCount: 0, dequeueCount: 0 | org.apache.activemq.broker.region.Queue | ActiveMQ Broker[localhost] Scheduler
2025-10-29 02:45:39,481 | DEBUG | queue://Consumer.A.VirtualTopic.Analysis expiring messages done. | org.apache.activemq.broker.region.Queue | ActiveMQ Broker[localhost] Scheduler
2025-10-29 02:45:39,541 | DEBUG | queue://queue.analysis expiring messages .. | org.apache.activemq.broker.region.Queue | ActiveMQ Broker[localhost] Scheduler
2025-10-29 02:45:39,541 | DEBUG | queue.analysis toPageIn: 0, Inflight: 0, pagedInMessages.size 0, enqueueCount: 0, dequeueCount: 0 | org.apache.activemq.broker.region.Queue | ActiveMQ Broker[localhost] Scheduler
2025-10-29 02:45:39,541 | DEBUG | queue://queue.analysis expiring messages done. | org.apache.activemq.broker.region.Queue | ActiveMQ Broker[localhost] Scheduler
2025-10-29 02:45:39,717 | DEBUG | Checkpoint started. | org.apache.activemq.store.kahadb.MessageDatabase | ActiveMQ Journal Checkpoint Worker
2025-10-29 02:45:39,733 | DEBUG | Checkpoint done. | org.apache.activemq.store.kahadb.MessageDatabase | ActiveMQ Journal Checkpoint Worker
2025-10-29 02:45:39,909 | DEBUG | WriteChecker 10001 ms elapsed since last write check. | org.apache.activemq.transport.AbstractInactivityMonitor | ActiveMQ InactivityMonitor WriteCheckTimer
2025-10-29 02:45:39,910 | DEBUG | Running WriteCheck[tcp://172.18.0.1:40982] | org.apache.activemq.transport.AbstractInactivityMonitor | ActiveMQ InactivityMonitor Worker
2025-10-29 02:45:44,735 | DEBUG | Checkpoint started. | org.apache.activemq.store.kahadb.MessageDatabase | ActiveMQ Journal Checkpoint Worker
2025-10-29 02:45:44,750 | DEBUG | Checkpoint done. | org.apache.activemq.store.kahadb.MessageDatabase | ActiveMQ Journal Checkpoint Worker
2025-10-29 02:45:46,089 | DEBUG | WriteChecker 10001 ms elapsed since last write check. | org.apache.activemq.transport.AbstractInactivityMonitor | ActiveMQ InactivityMonitor WriteCheckTimer
2025-10-29 02:45:46,089 | DEBUG | Running WriteCheck[tcp://172.18.0.1:49490] | org.apache.activemq.transport.AbstractInactivityMonitor | ActiveMQ InactivityMonitor Worker
2025-10-29 02:45:46,120 | DEBUG | WriteChecker 10000 ms elapsed since last write check. | org.apache.activemq.transport.AbstractInactivityMonitor | ActiveMQ InactivityMonitor WriteCheckTimer
2025-10-29 02:45:46,121 | DEBUG | Running WriteCheck[tcp://172.18.0.1:49496] | org.apache.activemq.transport.AbstractInactivityMonitor | ActiveMQ InactivityMonitor Worker
2025-10-29 02:45:49,757 | DEBUG | Checkpoint started. | org.apache.activemq.store.kahadb.MessageDatabase | ActiveMQ Journal Checkpoint Worker
2025-10-29 02:45:49,777 | DEBUG | Checkpoint done. | org.apache.activemq.store.kahadb.MessageDatabase | ActiveMQ Journal Checkpoint Worker
2025-10-29 02:45:49,909 | DEBUG | WriteChecker 10000 ms elapsed since last write check. | org.apache.activemq.transport.AbstractInactivityMonitor | ActiveMQ InactivityMonitor WriteCheckTimer
2025-10-29 02:45:49,910 | DEBUG | Running WriteCheck[tcp://172.18.0.1:40982] | org.apache.activemq.transport.AbstractInactivityMonitor | ActiveMQ InactivityMonitor Worker
2025-10-29 02:45:50,078 | DEBUG | queue://analysis.queue expiring messages .. | org.apache.activemq.broker.region.Queue | ActiveMQ Broker[localhost] Scheduler
2025-10-29 02:45:50,079 | DEBUG | analysis.queue toPageIn: 0, Inflight: 0, pagedInMessages.size 1, enqueueCount: 1, dequeueCount: 0 | org.apache.activemq.broker.region.Queue | ActiveMQ Broker[localhost] Scheduler
2025-10-29 02:45:50,080 | DEBUG | queue://analysis.queue expiring messages done. | org.apache.activemq.broker.region.Queue | ActiveMQ Broker[localhost] Scheduler
2025-10-29 02:45:50,081 | DEBUG | analysis.queue toPageIn: 0, Inflight: 0, pagedInMessages.size 1, enqueueCount: 1, dequeueCount: 0 | org.apache.activemq.broker.region.Queue | ActiveMQ BrokerService[localhost] Task-22
2025-10-29 02:45:54,778 | DEBUG | Checkpoint started. | org.apache.activemq.store.kahadb.MessageDatabase | ActiveMQ Journal Checkpoint Worker
2025-10-29 02:45:54,794 | DEBUG | Checkpoint done. | org.apache.activemq.store.kahadb.MessageDatabase | ActiveMQ Journal Checkpoint Worker
2025-10-29 02:45:56,075 | DEBUG | 30000 ms elapsed since last read check. | org.apache.activemq.transport.AbstractInactivityMonitor | ActiveMQ InactivityMonitor ReadCheckTimer
2025-10-29 02:45:56,089 | DEBUG | WriteChecker 10000 ms elapsed since last write check. | org.apache.activemq.transport.AbstractInactivityMonitor | ActiveMQ InactivityMonitor WriteCheckTimer
2025-10-29 02:45:56,089 | DEBUG | Running WriteCheck[tcp://172.18.0.1:49490] | org.apache.activemq.transport.AbstractInactivityMonitor | ActiveMQ InactivityMonitor Worker
2025-10-29 02:45:56,110 | DEBUG | 30000 ms elapsed since last read check. | org.apache.activemq.transport.AbstractInactivityMonitor | ActiveMQ InactivityMonitor ReadCheckTimer
2025-10-29 02:45:56,120 | DEBUG | WriteChecker 10000 ms elapsed since last write check. | org.apache.activemq.transport.AbstractInactivityMonitor | ActiveMQ InactivityMonitor WriteCheckTimer
2025-10-29 02:45:56,121 | DEBUG | Running WriteCheck[tcp://172.18.0.1:49496] | org.apache.activemq.transport.AbstractInactivityMonitor | ActiveMQ InactivityMonitor Worker
2025-10-29 02:45:59,798 | DEBUG | Checkpoint started. | org.apache.activemq.store.kahadb.MessageDatabase | ActiveMQ Journal Checkpoint Worker
2025-10-29 02:45:59,814 | DEBUG | Checkpoint done. | org.apache.activemq.store.kahadb.MessageDatabase | ActiveMQ Journal Checkpoint Worker
2025-10-29 02:45:59,847 | DEBUG | 30000 ms elapsed since last read check. | org.apache.activemq.transport.AbstractInactivityMonitor | ActiveMQ InactivityMonitor ReadCheckTimer
2025-10-29 02:45:59,909 | DEBUG | WriteChecker 10000 ms elapsed since last write check. | org.apache.activemq.transport.AbstractInactivityMonitor | ActiveMQ InactivityMonitor WriteCheckTimer
2025-10-29 02:45:59,910 | DEBUG | Running WriteCheck[tcp://172.18.0.1:40982] | org.apache.activemq.transport.AbstractInactivityMonitor | ActiveMQ InactivityMonitor Worker
2025-10-29 02:46:04,817 | DEBUG | Checkpoint started. | org.apache.activemq.store.kahadb.MessageDatabase | ActiveMQ Journal Checkpoint Worker
2025-10-29 02:46:04,831 | DEBUG | Checkpoint done. | org.apache.activemq.store.kahadb.MessageDatabase | ActiveMQ Journal Checkpoint Worker
2025-10-29 02:46:06,089 | DEBUG | WriteChecker 10000 ms elapsed since last write check. | org.apache.activemq.transport.AbstractInactivityMonitor | ActiveMQ InactivityMonitor WriteCheckTimer
2025-10-29 02:46:06,089 | DEBUG | Running WriteCheck[tcp://172.18.0.1:49490] | org.apache.activemq.transport.AbstractInactivityMonitor | ActiveMQ InactivityMonitor Worker
2025-10-29 02:46:06,120 | DEBUG | WriteChecker 10000 ms elapsed since last write check. | org.apache.activemq.transport.AbstractInactivityMonitor | ActiveMQ InactivityMonitor WriteCheckTimer
2025-10-29 02:46:06,121 | DEBUG | Running WriteCheck[tcp://172.18.0.1:49496] | org.apache.activemq.transport.AbstractInactivityMonitor | ActiveMQ InactivityMonitor Worker
2025-10-29 02:46:09,480 | DEBUG | queue://Consumer.A.VirtualTopic.Analysis expiring messages .. | org.apache.activemq.broker.region.Queue | ActiveMQ Broker[localhost] Scheduler
2025-10-29 02:46:09,481 | DEBUG | Consumer.A.VirtualTopic.Analysis toPageIn: 0, Inflight: 0, pagedInMessages.size 0, enqueueCount: 0, dequeueCount: 0 | org.apache.activemq.broker.region.Queue | ActiveMQ Broker[localhost] Scheduler
2025-10-29 02:46:09,481 | DEBUG | queue://Consumer.A.VirtualTopic.Analysis expiring messages done. | org.apache.activemq.broker.region.Queue | ActiveMQ Broker[localhost] Scheduler
2025-10-29 02:46:09,541 | DEBUG | queue://queue.analysis expiring messages .. | org.apache.activemq.broker.region.Queue | ActiveMQ Broker[localhost] Scheduler
2025-10-29 02:46:09,542 | DEBUG | queue.analysis toPageIn: 0, Inflight: 0, pagedInMessages.size 0, enqueueCount: 0, dequeueCount: 0 | org.apache.activemq.broker.region.Queue | ActiveMQ Broker[localhost] Scheduler
2025-10-29 02:46:09,542 | DEBUG | queue://queue.analysis expiring messages done. | org.apache.activemq.broker.region.Queue | ActiveMQ Broker[localhost] Scheduler
2025-10-29 02:46:09,833 | DEBUG | Checkpoint started. | org.apache.activemq.store.kahadb.MessageDatabase | ActiveMQ Journal Checkpoint Worker
2025-10-29 02:46:09,848 | DEBUG | Checkpoint done. | org.apache.activemq.store.kahadb.MessageDatabase | ActiveMQ Journal Checkpoint Worker
2025-10-29 02:46:09,909 | DEBUG | WriteChecker 10000 ms elapsed since last write check. | org.apache.activemq.transport.AbstractInactivityMonitor | ActiveMQ InactivityMonitor WriteCheckTimer
2025-10-29 02:46:09,910 | DEBUG | Running WriteCheck[tcp://172.18.0.1:40982] | org.apache.activemq.transport.AbstractInactivityMonitor | ActiveMQ InactivityMonitor Worker
2025-10-29 02:46:14,851 | DEBUG | Checkpoint started. | org.apache.activemq.store.kahadb.MessageDatabase | ActiveMQ Journal Checkpoint Worker
2025-10-29 02:46:14,864 | DEBUG | Checkpoint done. | org.apache.activemq.store.kahadb.MessageDatabase | ActiveMQ Journal Checkpoint Worker
2025-10-29 02:46:16,089 | DEBUG | WriteChecker 10000 ms elapsed since last write check. | org.apache.activemq.transport.AbstractInactivityMonitor | ActiveMQ InactivityMonitor WriteCheckTimer
2025-10-29 02:46:16,089 | DEBUG | Running WriteCheck[tcp://172.18.0.1:49490] | org.apache.activemq.transport.AbstractInactivityMonitor | ActiveMQ InactivityMonitor Worker
2025-10-29 02:46:16,120 | DEBUG | WriteChecker 10000 ms elapsed since last write check. | org.apache.activemq.transport.AbstractInactivityMonitor | ActiveMQ InactivityMonitor WriteCheckTimer
2025-10-29 02:46:16,121 | DEBUG | Running WriteCheck[tcp://172.18.0.1:49496] | org.apache.activemq.transport.AbstractInactivityMonitor | ActiveMQ InactivityMonitor Worker
2025-10-29 02:46:19,867 | DEBUG | Checkpoint started. | org.apache.activemq.store.kahadb.MessageDatabase | ActiveMQ Journal Checkpoint Worker
2025-10-29 02:46:19,882 | DEBUG | Checkpoint done. | org.apache.activemq.store.kahadb.MessageDatabase | ActiveMQ Journal Checkpoint Worker
2025-10-29 02:46:19,909 | DEBUG | WriteChecker 10000 ms elapsed since last write check. | org.apache.activemq.transport.AbstractInactivityMonitor | ActiveMQ InactivityMonitor WriteCheckTimer
2025-10-29 02:46:19,909 | DEBUG | Running WriteCheck[tcp://172.18.0.1:40982] | org.apache.activemq.transport.AbstractInactivityMonitor | ActiveMQ InactivityMonitor Worker
2025-10-29 02:46:20,078 | DEBUG | queue://analysis.queue expiring messages .. | org.apache.activemq.broker.region.Queue | ActiveMQ Broker[localhost] Scheduler
2025-10-29 02:46:20,078 | DEBUG | analysis.queue toPageIn: 0, Inflight: 0, pagedInMessages.size 1, enqueueCount: 1, dequeueCount: 0 | org.apache.activemq.broker.region.Queue | ActiveMQ Broker[localhost] Scheduler
2025-10-29 02:46:20,079 | DEBUG | queue://analysis.queue expiring messages done. | org.apache.activemq.broker.region.Queue | ActiveMQ Broker[localhost] Scheduler
2025-10-29 02:46:20,079 | DEBUG | analysis.queue toPageIn: 0, Inflight: 0, pagedInMessages.size 1, enqueueCount: 1, dequeueCount: 0 | org.apache.activemq.broker.region.Queue | ActiveMQ BrokerService[localhost] Task-22
2025-10-29 02:46:24,884 | DEBUG | Checkpoint started. | org.apache.activemq.store.kahadb.MessageDatabase | ActiveMQ Journal Checkpoint Worker
2025-10-29 02:46:24,900 | DEBUG | Checkpoint done. | org.apache.activemq.store.kahadb.MessageDatabase | ActiveMQ Journal Checkpoint Worker
2025-10-29 02:46:26,075 | DEBUG | 30000 ms elapsed since last read check. | org.apache.activemq.transport.AbstractInactivityMonitor | ActiveMQ InactivityMonitor ReadCheckTimer
2025-10-29 02:46:26,089 | DEBUG | WriteChecker 10000 ms elapsed since last write check. | org.apache.activemq.transport.AbstractInactivityMonitor | ActiveMQ InactivityMonitor WriteCheckTimer
2025-10-29 02:46:26,090 | DEBUG | Running WriteCheck[tcp://172.18.0.1:49490] | org.apache.activemq.transport.AbstractInactivityMonitor | ActiveMQ InactivityMonitor Worker
2025-10-29 02:46:26,110 | DEBUG | 30000 ms elapsed since last read check. | org.apache.activemq.transport.AbstractInactivityMonitor | ActiveMQ InactivityMonitor ReadCheckTimer
2025-10-29 02:46:26,120 | DEBUG | WriteChecker 10000 ms elapsed since last write check. | org.apache.activemq.transport.AbstractInactivityMonitor | ActiveMQ InactivityMonitor WriteCheckTimer
2025-10-29 02:46:26,120 | DEBUG | Running WriteCheck[tcp://172.18.0.1:49496] | org.apache.activemq.transport.AbstractInactivityMonitor | ActiveMQ InactivityMonitor Worker
2025-10-29 02:46:29,847 | DEBUG | 30000 ms elapsed since last read check. | org.apache.activemq.transport.AbstractInactivityMonitor | ActiveMQ InactivityMonitor ReadCheckTimer
2025-10-29 02:46:29,902 | DEBUG | Checkpoint started. | org.apache.activemq.store.kahadb.MessageDatabase | ActiveMQ Journal Checkpoint Worker
2025-10-29 02:46:29,909 | DEBUG | WriteChecker 10000 ms elapsed since last write check. | org.apache.activemq.transport.AbstractInactivityMonitor | ActiveMQ InactivityMonitor WriteCheckTimer
2025-10-29 02:46:29,910 | DEBUG | Running WriteCheck[tcp://172.18.0.1:40982] | org.apache.activemq.transport.AbstractInactivityMonitor | ActiveMQ InactivityMonitor Worker
2025-10-29 02:46:29,916 | DEBUG | Checkpoint done. | org.apache.activemq.store.kahadb.MessageDatabase | ActiveMQ Journal Checkpoint Worker
2025-10-29 02:46:34,919 | DEBUG | Checkpoint started. | org.apache.activemq.store.kahadb.MessageDatabase | ActiveMQ Journal Checkpoint Worker
2025-10-29 02:46:34,934 | DEBUG | Checkpoint done. | org.apache.activemq.store.kahadb.MessageDatabase | ActiveMQ Journal Checkpoint Worker
2025-10-29 02:46:36,089 | DEBUG | WriteChecker 10000 ms elapsed since last write check. | org.apache.activemq.transport.AbstractInactivityMonitor | ActiveMQ InactivityMonitor WriteCheckTimer
2025-10-29 02:46:36,090 | DEBUG | Running WriteCheck[tcp://172.18.0.1:49490] | org.apache.activemq.transport.AbstractInactivityMonitor | ActiveMQ InactivityMonitor Worker
2025-10-29 02:46:36,120 | DEBUG | WriteChecker 10000 ms elapsed since last write check. | org.apache.activemq.transport.AbstractInactivityMonitor | ActiveMQ InactivityMonitor WriteCheckTimer
2025-10-29 02:46:36,121 | DEBUG | Running WriteCheck[tcp://172.18.0.1:49496] | org.apache.activemq.transport.AbstractInactivityMonitor | ActiveMQ InactivityMonitor Worker
2025-10-29 02:46:39,481 | DEBUG | queue://Consumer.A.VirtualTopic.Analysis expiring messages .. | org.apache.activemq.broker.region.Queue | ActiveMQ Broker[localhost] Scheduler
2025-10-29 02:46:39,482 | DEBUG | Consumer.A.VirtualTopic.Analysis toPageIn: 0, Inflight: 0, pagedInMessages.size 0, enqueueCount: 0, dequeueCount: 0 | org.apache.activemq.broker.region.Queue | ActiveMQ Broker[localhost] Scheduler
2025-10-29 02:46:39,482 | DEBUG | queue://Consumer.A.VirtualTopic.Analysis expiring messages done. | org.apache.activemq.broker.region.Queue | ActiveMQ Broker[localhost] Scheduler
2025-10-29 02:46:39,541 | DEBUG | queue://queue.analysis expiring messages .. | org.apache.activemq.broker.region.Queue | ActiveMQ Broker[localhost] Scheduler
2025-10-29 02:46:39,542 | DEBUG | queue.analysis toPageIn: 0, Inflight: 0, pagedInMessages.size 0, enqueueCount: 0, dequeueCount: 0 | org.apache.activemq.broker.region.Queue | ActiveMQ Broker[localhost] Scheduler
2025-10-29 02:46:39,542 | DEBUG | queue://queue.analysis expiring messages done. | org.apache.activemq.broker.region.Queue | ActiveMQ Broker[localhost] Scheduler
2025-10-29 02:46:39,912 | DEBUG | WriteChecker 10000 ms elapsed since last write check. | org.apache.activemq.transport.AbstractInactivityMonitor | ActiveMQ InactivityMonitor WriteCheckTimer
2025-10-29 02:46:39,912 | DEBUG | Running WriteCheck[tcp://172.18.0.1:40982] | org.apache.activemq.transport.AbstractInactivityMonitor | ActiveMQ InactivityMonitor Worker
2025-10-29 02:46:39,937 | DEBUG | Checkpoint started. | org.apache.activemq.store.kahadb.MessageDatabase | ActiveMQ Journal Checkpoint Worker
2025-10-29 02:46:39,951 | DEBUG | Checkpoint done. | org.apache.activemq.store.kahadb.MessageDatabase | ActiveMQ Journal Checkpoint Worker
2025-10-29 02:46:44,953 | DEBUG | Checkpoint started. | org.apache.activemq.store.kahadb.MessageDatabase | ActiveMQ Journal Checkpoint Worker
2025-10-29 02:46:44,968 | DEBUG | Checkpoint done. | org.apache.activemq.store.kahadb.MessageDatabase | ActiveMQ Journal Checkpoint Worker
2025-10-29 02:46:46,089 | DEBUG | WriteChecker 10000 ms elapsed since last write check. | org.apache.activemq.transport.AbstractInactivityMonitor | ActiveMQ InactivityMonitor WriteCheckTimer
2025-10-29 02:46:46,090 | DEBUG | Running WriteCheck[tcp://172.18.0.1:49490] | org.apache.activemq.transport.AbstractInactivityMonitor | ActiveMQ InactivityMonitor Worker
2025-10-29 02:46:46,120 | DEBUG | WriteChecker 10000 ms elapsed since last write check. | org.apache.activemq.transport.AbstractInactivityMonitor | ActiveMQ InactivityMonitor WriteCheckTimer
2025-10-29 02:46:46,120 | DEBUG | Running WriteCheck[tcp://172.18.0.1:49496] | org.apache.activemq.transport.AbstractInactivityMonitor | ActiveMQ InactivityMonitor Worker
2025-10-29 02:46:49,910 | DEBUG | WriteChecker 10001 ms elapsed since last write check. | org.apache.activemq.transport.AbstractInactivityMonitor | ActiveMQ InactivityMonitor WriteCheckTimer
2025-10-29 02:46:49,910 | DEBUG | Running WriteCheck[tcp://172.18.0.1:40982] | org.apache.activemq.transport.AbstractInactivityMonitor | ActiveMQ InactivityMonitor Worker
2025-10-29 02:46:49,971 | DEBUG | Checkpoint started. | org.apache.activemq.store.kahadb.MessageDatabase | ActiveMQ Journal Checkpoint Worker
2025-10-29 02:46:49,987 | DEBUG | Checkpoint done. | org.apache.activemq.store.kahadb.MessageDatabase | ActiveMQ Journal Checkpoint Worker
2025-10-29 02:46:50,079 | DEBUG | queue://analysis.queue expiring messages .. | org.apache.activemq.broker.region.Queue | ActiveMQ Broker[localhost] Scheduler
2025-10-29 02:46:50,080 | DEBUG | analysis.queue toPageIn: 0, Inflight: 0, pagedInMessages.size 1, enqueueCount: 1, dequeueCount: 0 | org.apache.activemq.broker.region.Queue | ActiveMQ Broker[localhost] Scheduler
2025-10-29 02:46:50,080 | DEBUG | queue://analysis.queue expiring messages done. | org.apache.activemq.broker.region.Queue | ActiveMQ Broker[localhost] Scheduler
2025-10-29 02:46:50,081 | DEBUG | analysis.queue toPageIn: 0, Inflight: 0, pagedInMessages.size 1, enqueueCount: 1, dequeueCount: 0 | org.apache.activemq.broker.region.Queue | ActiveMQ BrokerService[localhost] Task-23
2025-10-29 02:46:54,988 | DEBUG | Checkpoint started. | org.apache.activemq.store.kahadb.MessageDatabase | ActiveMQ Journal Checkpoint Worker
2025-10-29 02:46:55,002 | DEBUG | Checkpoint done. | org.apache.activemq.store.kahadb.MessageDatabase | ActiveMQ Journal Checkpoint Worker
2025-10-29 02:46:56,075 | DEBUG | 30000 ms elapsed since last read check. | org.apache.activemq.transport.AbstractInactivityMonitor | ActiveMQ InactivityMonitor ReadCheckTimer
2025-10-29 02:46:56,089 | DEBUG | WriteChecker 10000 ms elapsed since last write check. | org.apache.activemq.transport.AbstractInactivityMonitor | ActiveMQ InactivityMonitor WriteCheckTimer
2025-10-29 02:46:56,089 | DEBUG | Running WriteCheck[tcp://172.18.0.1:49490] | org.apache.activemq.transport.AbstractInactivityMonitor | ActiveMQ InactivityMonitor Worker
2025-10-29 02:46:56,110 | DEBUG | 30000 ms elapsed since last read check. | org.apache.activemq.transport.AbstractInactivityMonitor | ActiveMQ InactivityMonitor ReadCheckTimer
2025-10-29 02:46:56,120 | DEBUG | WriteChecker 10000 ms elapsed since last write check. | org.apache.activemq.transport.AbstractInactivityMonitor | ActiveMQ InactivityMonitor WriteCheckTimer
2025-10-29 02:46:56,121 | DEBUG | Running WriteCheck[tcp://172.18.0.1:49496] | org.apache.activemq.transport.AbstractInactivityMonitor | ActiveMQ InactivityMonitor Worker
2025-10-29 02:46:59,848 | DEBUG | 30001 ms elapsed since last read check. | org.apache.activemq.transport.AbstractInactivityMonitor | ActiveMQ InactivityMonitor ReadCheckTimer
2025-10-29 02:46:59,910 | DEBUG | WriteChecker 10000 ms elapsed since last write check. | org.apache.activemq.transport.AbstractInactivityMonitor | ActiveMQ InactivityMonitor WriteCheckTimer
2025-10-29 02:46:59,911 | DEBUG | Running WriteCheck[tcp://172.18.0.1:40982] | org.apache.activemq.transport.AbstractInactivityMonitor | ActiveMQ InactivityMonitor Worker
2025-10-29 02:47:00,004 | DEBUG | Checkpoint started. | org.apache.activemq.store.kahadb.MessageDatabase | ActiveMQ Journal Checkpoint Worker
2025-10-29 02:47:00,019 | DEBUG | Checkpoint done. | org.apache.activemq.store.kahadb.MessageDatabase | ActiveMQ Journal Checkpoint Worker
2025-10-29 02:47:05,022 | DEBUG | Checkpoint started. | org.apache.activemq.store.kahadb.MessageDatabase | ActiveMQ Journal Checkpoint Worker
2025-10-29 02:47:05,037 | DEBUG | Checkpoint done. | org.apache.activemq.store.kahadb.MessageDatabase | ActiveMQ Journal Checkpoint Worker
2025-10-29 02:47:06,089 | DEBUG | WriteChecker 10000 ms elapsed since last write check. | org.apache.activemq.transport.AbstractInactivityMonitor | ActiveMQ InactivityMonitor WriteCheckTimer
2025-10-29 02:47:06,090 | DEBUG | Running WriteCheck[tcp://172.18.0.1:49490] | org.apache.activemq.transport.AbstractInactivityMonitor | ActiveMQ InactivityMonitor Worker
2025-10-29 02:47:06,120 | DEBUG | WriteChecker 10000 ms elapsed since last write check. | org.apache.activemq.transport.AbstractInactivityMonitor | ActiveMQ InactivityMonitor WriteCheckTimer
2025-10-29 02:47:06,120 | DEBUG | Running WriteCheck[tcp://172.18.0.1:49496] | org.apache.activemq.transport.AbstractInactivityMonitor | ActiveMQ InactivityMonitor Worker
2025-10-29 02:47:09,482 | DEBUG | queue://Consumer.A.VirtualTopic.Analysis expiring messages .. | org.apache.activemq.broker.region.Queue | ActiveMQ Broker[localhost] Scheduler
2025-10-29 02:47:09,482 | DEBUG | Consumer.A.VirtualTopic.Analysis toPageIn: 0, Inflight: 0, pagedInMessages.size 0, enqueueCount: 0, dequeueCount: 0 | org.apache.activemq.broker.region.Queue | ActiveMQ Broker[localhost] Scheduler
2025-10-29 02:47:09,482 | DEBUG | queue://Consumer.A.VirtualTopic.Analysis expiring messages done. | org.apache.activemq.broker.region.Queue | ActiveMQ Broker[localhost] Scheduler
2025-10-29 02:47:09,541 | DEBUG | queue://queue.analysis expiring messages .. | org.apache.activemq.broker.region.Queue | ActiveMQ Broker[localhost] Scheduler
2025-10-29 02:47:09,541 | DEBUG | queue.analysis toPageIn: 0, Inflight: 0, pagedInMessages.size 0, enqueueCount: 0, dequeueCount: 0 | org.apache.activemq.broker.region.Queue | ActiveMQ Broker[localhost] Scheduler
2025-10-29 02:47:09,541 | DEBUG | queue://queue.analysis expiring messages done. | org.apache.activemq.broker.region.Queue | ActiveMQ Broker[localhost] Scheduler
2025-10-29 02:47:09,910 | DEBUG | WriteChecker 10000 ms elapsed since last write check. | org.apache.activemq.transport.AbstractInactivityMonitor | ActiveMQ InactivityMonitor WriteCheckTimer
2025-10-29 02:47:09,911 | DEBUG | Running WriteCheck[tcp://172.18.0.1:40982] | org.apache.activemq.transport.AbstractInactivityMonitor | ActiveMQ InactivityMonitor Worker
2025-10-29 02:47:10,040 | DEBUG | Checkpoint started. | org.apache.activemq.store.kahadb.MessageDatabase | ActiveMQ Journal Checkpoint Worker
2025-10-29 02:47:10,054 | DEBUG | Checkpoint done. | org.apache.activemq.store.kahadb.MessageDatabase | ActiveMQ Journal Checkpoint Worker
2025-10-29 02:47:15,057 | DEBUG | Checkpoint started. | org.apache.activemq.store.kahadb.MessageDatabase | ActiveMQ Journal Checkpoint Worker
2025-10-29 02:47:15,073 | DEBUG | Checkpoint done. | org.apache.activemq.store.kahadb.MessageDatabase | ActiveMQ Journal Checkpoint Worker
2025-10-29 02:47:16,089 | DEBUG | WriteChecker 10000 ms elapsed since last write check. | org.apache.activemq.transport.AbstractInactivityMonitor | ActiveMQ InactivityMonitor WriteCheckTimer
2025-10-29 02:47:16,090 | DEBUG | Running WriteCheck[tcp://172.18.0.1:49490] | org.apache.activemq.transport.AbstractInactivityMonitor | ActiveMQ InactivityMonitor Worker
2025-10-29 02:47:16,120 | DEBUG | WriteChecker 10000 ms elapsed since last write check. | org.apache.activemq.transport.AbstractInactivityMonitor | ActiveMQ InactivityMonitor WriteCheckTimer
2025-10-29 02:47:16,120 | DEBUG | Running WriteCheck[tcp://172.18.0.1:49496] | org.apache.activemq.transport.AbstractInactivityMonitor | ActiveMQ InactivityMonitor Worker
2025-10-29 02:47:19,910 | DEBUG | WriteChecker 10000 ms elapsed since last write check. | org.apache.activemq.transport.AbstractInactivityMonitor | ActiveMQ InactivityMonitor WriteCheckTimer
2025-10-29 02:47:19,911 | DEBUG | Running WriteCheck[tcp://172.18.0.1:40982] | org.apache.activemq.transport.AbstractInactivityMonitor | ActiveMQ InactivityMonitor Worker
2025-10-29 02:47:20,076 | DEBUG | Checkpoint started. | org.apache.activemq.store.kahadb.MessageDatabase | ActiveMQ Journal Checkpoint Worker
2025-10-29 02:47:20,079 | DEBUG | queue://analysis.queue expiring messages .. | org.apache.activemq.broker.region.Queue | ActiveMQ Broker[localhost] Scheduler
2025-10-29 02:47:20,079 | DEBUG | analysis.queue toPageIn: 0, Inflight: 0, pagedInMessages.size 1, enqueueCount: 1, dequeueCount: 0 | org.apache.activemq.broker.region.Queue | ActiveMQ Broker[localhost] Scheduler
2025-10-29 02:47:20,083 | DEBUG | queue://analysis.queue expiring messages done. | org.apache.activemq.broker.region.Queue | ActiveMQ Broker[localhost] Scheduler
2025-10-29 02:47:20,085 | DEBUG | analysis.queue toPageIn: 0, Inflight: 0, pagedInMessages.size 1, enqueueCount: 1, dequeueCount: 0 | org.apache.activemq.broker.region.Queue | ActiveMQ BrokerService[localhost] Task-24
2025-10-29 02:47:20,094 | DEBUG | Checkpoint done. | org.apache.activemq.store.kahadb.MessageDatabase | ActiveMQ Journal Checkpoint Worker
2025-10-29 02:47:25,094 | DEBUG | Checkpoint started. | org.apache.activemq.store.kahadb.MessageDatabase | ActiveMQ Journal Checkpoint Worker
2025-10-29 02:47:25,109 | DEBUG | Checkpoint done. | org.apache.activemq.store.kahadb.MessageDatabase | ActiveMQ Journal Checkpoint Worker
2025-10-29 02:47:26,075 | DEBUG | 30000 ms elapsed since last read check. | org.apache.activemq.transport.AbstractInactivityMonitor | ActiveMQ InactivityMonitor ReadCheckTimer
2025-10-29 02:47:26,089 | DEBUG | WriteChecker 10000 ms elapsed since last write check. | org.apache.activemq.transport.AbstractInactivityMonitor | ActiveMQ InactivityMonitor WriteCheckTimer
2025-10-29 02:47:26,090 | DEBUG | Running WriteCheck[tcp://172.18.0.1:49490] | org.apache.activemq.transport.AbstractInactivityMonitor | ActiveMQ InactivityMonitor Worker
2025-10-29 02:47:26,110 | DEBUG | 30000 ms elapsed since last read check. | org.apache.activemq.transport.AbstractInactivityMonitor | ActiveMQ InactivityMonitor ReadCheckTimer
2025-10-29 02:47:26,120 | DEBUG | WriteChecker 10000 ms elapsed since last write check. | org.apache.activemq.transport.AbstractInactivityMonitor | ActiveMQ InactivityMonitor WriteCheckTimer
2025-10-29 02:47:26,120 | DEBUG | Running WriteCheck[tcp://172.18.0.1:49496] | org.apache.activemq.transport.AbstractInactivityMonitor | ActiveMQ InactivityMonitor Worker
2025-10-29 02:47:29,848 | DEBUG | 30000 ms elapsed since last read check. | org.apache.activemq.transport.AbstractInactivityMonitor | ActiveMQ InactivityMonitor ReadCheckTimer
2025-10-29 02:47:29,911 | DEBUG | WriteChecker 10001 ms elapsed since last write check. | org.apache.activemq.transport.AbstractInactivityMonitor | ActiveMQ InactivityMonitor WriteCheckTimer
2025-10-29 02:47:29,911 | DEBUG | Running WriteCheck[tcp://172.18.0.1:40982] | org.apache.activemq.transport.AbstractInactivityMonitor | ActiveMQ InactivityMonitor Worker
2025-10-29 02:47:30,111 | DEBUG | Checkpoint started. | org.apache.activemq.store.kahadb.MessageDatabase | ActiveMQ Journal Checkpoint Worker
2025-10-29 02:47:30,127 | DEBUG | Checkpoint done. | org.apache.activemq.store.kahadb.MessageDatabase | ActiveMQ Journal Checkpoint Worker
2025-10-29 02:47:35,129 | DEBUG | Checkpoint started. | org.apache.activemq.store.kahadb.MessageDatabase | ActiveMQ Journal Checkpoint Worker
2025-10-29 02:47:35,144 | DEBUG | Checkpoint done. | org.apache.activemq.store.kahadb.MessageDatabase | ActiveMQ Journal Checkpoint Worker
2025-10-29 02:47:36,089 | DEBUG | WriteChecker 10000 ms elapsed since last write check. | org.apache.activemq.transport.AbstractInactivityMonitor | ActiveMQ InactivityMonitor WriteCheckTimer
2025-10-29 02:47:36,095 | DEBUG | Running WriteCheck[tcp://172.18.0.1:49490] | org.apache.activemq.transport.AbstractInactivityMonitor | ActiveMQ InactivityMonitor Worker
2025-10-29 02:47:36,120 | DEBUG | WriteChecker 10000 ms elapsed since last write check. | org.apache.activemq.transport.AbstractInactivityMonitor | ActiveMQ InactivityMonitor WriteCheckTimer
2025-10-29 02:47:36,120 | DEBUG | Running WriteCheck[tcp://172.18.0.1:49496] | org.apache.activemq.transport.AbstractInactivityMonitor | ActiveMQ InactivityMonitor Worker
2025-10-29 02:47:39,482 | DEBUG | queue://Consumer.A.VirtualTopic.Analysis expiring messages .. | org.apache.activemq.broker.region.Queue | ActiveMQ Broker[localhost] Scheduler
2025-10-29 02:47:39,484 | DEBUG | Consumer.A.VirtualTopic.Analysis toPageIn: 0, Inflight: 0, pagedInMessages.size 0, enqueueCount: 0, dequeueCount: 0 | org.apache.activemq.broker.region.Queue | ActiveMQ Broker[localhost] Scheduler
2025-10-29 02:47:39,484 | DEBUG | queue://Consumer.A.VirtualTopic.Analysis expiring messages done. | org.apache.activemq.broker.region.Queue | ActiveMQ Broker[localhost] Scheduler
2025-10-29 02:47:39,541 | DEBUG | queue://queue.analysis expiring messages .. | org.apache.activemq.broker.region.Queue | ActiveMQ Broker[localhost] Scheduler
2025-10-29 02:47:39,542 | DEBUG | queue.analysis toPageIn: 0, Inflight: 0, pagedInMessages.size 0, enqueueCount: 0, dequeueCount: 0 | org.apache.activemq.broker.region.Queue | ActiveMQ Broker[localhost] Scheduler
2025-10-29 02:47:39,542 | DEBUG | queue://queue.analysis expiring messages done. | org.apache.activemq.broker.region.Queue | ActiveMQ Broker[localhost] Scheduler
2025-10-29 02:47:39,911 | DEBUG | WriteChecker 10000 ms elapsed since last write check. | org.apache.activemq.transport.AbstractInactivityMonitor | ActiveMQ InactivityMonitor WriteCheckTimer
2025-10-29 02:47:39,912 | DEBUG | Running WriteCheck[tcp://172.18.0.1:40982] | org.apache.activemq.transport.AbstractInactivityMonitor | ActiveMQ InactivityMonitor Worker
2025-10-29 02:47:40,146 | DEBUG | Checkpoint started. | org.apache.activemq.store.kahadb.MessageDatabase | ActiveMQ Journal Checkpoint Worker
2025-10-29 02:47:40,161 | DEBUG | Checkpoint done. | org.apache.activemq.store.kahadb.MessageDatabase | ActiveMQ Journal Checkpoint Worker
2025-10-29 02:47:45,163 | DEBUG | Checkpoint started. | org.apache.activemq.store.kahadb.MessageDatabase | ActiveMQ Journal Checkpoint Worker
2025-10-29 02:47:45,178 | DEBUG | Checkpoint done. | org.apache.activemq.store.kahadb.MessageDatabase | ActiveMQ Journal Checkpoint Worker
2025-10-29 02:47:46,089 | DEBUG | WriteChecker 10000 ms elapsed since last write check. | org.apache.activemq.transport.AbstractInactivityMonitor | ActiveMQ InactivityMonitor WriteCheckTimer
2025-10-29 02:47:46,090 | DEBUG | Running WriteCheck[tcp://172.18.0.1:49490] | org.apache.activemq.transport.AbstractInactivityMonitor | ActiveMQ InactivityMonitor Worker
2025-10-29 02:47:46,121 | DEBUG | WriteChecker 10001 ms elapsed since last write check. | org.apache.activemq.transport.AbstractInactivityMonitor | ActiveMQ InactivityMonitor WriteCheckTimer
2025-10-29 02:47:46,121 | DEBUG | Running WriteCheck[tcp://172.18.0.1:49496] | org.apache.activemq.transport.AbstractInactivityMonitor | ActiveMQ InactivityMonitor Worker
2025-10-29 02:47:49,911 | DEBUG | WriteChecker 10000 ms elapsed since last write check. | org.apache.activemq.transport.AbstractInactivityMonitor | ActiveMQ InactivityMonitor WriteCheckTimer
2025-10-29 02:47:49,912 | DEBUG | Running WriteCheck[tcp://172.18.0.1:40982] | org.apache.activemq.transport.AbstractInactivityMonitor | ActiveMQ InactivityMonitor Worker
2025-10-29 02:47:50,079 | DEBUG | queue://analysis.queue expiring messages .. | org.apache.activemq.broker.region.Queue | ActiveMQ Broker[localhost] Scheduler
2025-10-29 02:47:50,080 | DEBUG | analysis.queue toPageIn: 0, Inflight: 0, pagedInMessages.size 1, enqueueCount: 1, dequeueCount: 0 | org.apache.activemq.broker.region.Queue | ActiveMQ Broker[localhost] Scheduler
2025-10-29 02:47:50,080 | DEBUG | queue://analysis.queue expiring messages done. | org.apache.activemq.broker.region.Queue | ActiveMQ Broker[localhost] Scheduler
2025-10-29 02:47:50,080 | DEBUG | analysis.queue toPageIn: 0, Inflight: 0, pagedInMessages.size 1, enqueueCount: 1, dequeueCount: 0 | org.apache.activemq.broker.region.Queue | ActiveMQ BrokerService[localhost] Task-24
2025-10-29 02:47:50,180 | DEBUG | Checkpoint started. | org.apache.activemq.store.kahadb.MessageDatabase | ActiveMQ Journal Checkpoint Worker
2025-10-29 02:47:50,194 | DEBUG | Checkpoint done. | org.apache.activemq.store.kahadb.MessageDatabase | ActiveMQ Journal Checkpoint Worker
2025-10-29 02:47:55,195 | DEBUG | Checkpoint started. | org.apache.activemq.store.kahadb.MessageDatabase | ActiveMQ Journal Checkpoint Worker
2025-10-29 02:47:55,210 | DEBUG | Checkpoint done. | org.apache.activemq.store.kahadb.MessageDatabase | ActiveMQ Journal Checkpoint Worker
2025-10-29 02:47:56,076 | DEBUG | 30001 ms elapsed since last read check. | org.apache.activemq.transport.AbstractInactivityMonitor | ActiveMQ InactivityMonitor ReadCheckTimer
2025-10-29 02:47:56,089 | DEBUG | WriteChecker 10000 ms elapsed since last write check. | org.apache.activemq.transport.AbstractInactivityMonitor | ActiveMQ InactivityMonitor WriteCheckTimer
2025-10-29 02:47:56,090 | DEBUG | Running WriteCheck[tcp://172.18.0.1:49490] | org.apache.activemq.transport.AbstractInactivityMonitor | ActiveMQ InactivityMonitor Worker
2025-10-29 02:47:56,110 | DEBUG | 30000 ms elapsed since last read check. | org.apache.activemq.transport.AbstractInactivityMonitor | ActiveMQ InactivityMonitor ReadCheckTimer
2025-10-29 02:47:56,120 | DEBUG | WriteChecker 9999 ms elapsed since last write check. | org.apache.activemq.transport.AbstractInactivityMonitor | ActiveMQ InactivityMonitor WriteCheckTimer
2025-10-29 02:47:56,120 | DEBUG | Running WriteCheck[tcp://172.18.0.1:49496] | org.apache.activemq.transport.AbstractInactivityMonitor | ActiveMQ InactivityMonitor Worker
2025-10-29 02:47:59,849 | DEBUG | 30001 ms elapsed since last read check. | org.apache.activemq.transport.AbstractInactivityMonitor | ActiveMQ InactivityMonitor ReadCheckTimer
2025-10-29 02:47:59,912 | DEBUG | WriteChecker 10001 ms elapsed since last write check. | org.apache.activemq.transport.AbstractInactivityMonitor | ActiveMQ InactivityMonitor WriteCheckTimer
2025-10-29 02:47:59,912 | DEBUG | Running WriteCheck[tcp://172.18.0.1:40982] | org.apache.activemq.transport.AbstractInactivityMonitor | ActiveMQ InactivityMonitor Worker
2025-10-29 02:48:00,212 | DEBUG | Checkpoint started. | org.apache.activemq.store.kahadb.MessageDatabase | ActiveMQ Journal Checkpoint Worker
2025-10-29 02:48:00,232 | DEBUG | Checkpoint done. | org.apache.activemq.store.kahadb.MessageDatabase | ActiveMQ Journal Checkpoint Worker
2025-10-29 02:48:05,233 | DEBUG | Checkpoint started. | org.apache.activemq.store.kahadb.MessageDatabase | ActiveMQ Journal Checkpoint Worker
2025-10-29 02:48:05,247 | DEBUG | Checkpoint done. | org.apache.activemq.store.kahadb.MessageDatabase | ActiveMQ Journal Checkpoint Worker
2025-10-29 02:48:06,089 | DEBUG | WriteChecker 10000 ms elapsed since last write check. | org.apache.activemq.transport.AbstractInactivityMonitor | ActiveMQ InactivityMonitor WriteCheckTimer
2025-10-29 02:48:06,090 | DEBUG | Running WriteCheck[tcp://172.18.0.1:49490] | org.apache.activemq.transport.AbstractInactivityMonitor | ActiveMQ InactivityMonitor Worker
2025-10-29 02:48:06,120 | DEBUG | WriteChecker 10000 ms elapsed since last write check. | org.apache.activemq.transport.AbstractInactivityMonitor | ActiveMQ InactivityMonitor WriteCheckTimer
2025-10-29 02:48:06,120 | DEBUG | Running WriteCheck[tcp://172.18.0.1:49496] | org.apache.activemq.transport.AbstractInactivityMonitor | ActiveMQ InactivityMonitor Worker
2025-10-29 02:48:09,482 | DEBUG | queue://Consumer.A.VirtualTopic.Analysis expiring messages .. | org.apache.activemq.broker.region.Queue | ActiveMQ Broker[localhost] Scheduler
2025-10-29 02:48:09,483 | DEBUG | Consumer.A.VirtualTopic.Analysis toPageIn: 0, Inflight: 0, pagedInMessages.size 0, enqueueCount: 0, dequeueCount: 0 | org.apache.activemq.broker.region.Queue | ActiveMQ Broker[localhost] Scheduler
2025-10-29 02:48:09,483 | DEBUG | queue://Consumer.A.VirtualTopic.Analysis expiring messages done. | org.apache.activemq.broker.region.Queue | ActiveMQ Broker[localhost] Scheduler
2025-10-29 02:48:09,541 | DEBUG | queue://queue.analysis expiring messages .. | org.apache.activemq.broker.region.Queue | ActiveMQ Broker[localhost] Scheduler
2025-10-29 02:48:09,542 | DEBUG | queue.analysis toPageIn: 0, Inflight: 0, pagedInMessages.size 0, enqueueCount: 0, dequeueCount: 0 | org.apache.activemq.broker.region.Queue | ActiveMQ Broker[localhost] Scheduler
2025-10-29 02:48:09,542 | DEBUG | queue://queue.analysis expiring messages done. | org.apache.activemq.broker.region.Queue | ActiveMQ Broker[localhost] Scheduler
2025-10-29 02:48:09,912 | DEBUG | WriteChecker 10000 ms elapsed since last write check. | org.apache.activemq.transport.AbstractInactivityMonitor | ActiveMQ InactivityMonitor WriteCheckTimer
2025-10-29 02:48:09,913 | DEBUG | Running WriteCheck[tcp://172.18.0.1:40982] | org.apache.activemq.transport.AbstractInactivityMonitor | ActiveMQ InactivityMonitor Worker
2025-10-29 02:48:10,248 | DEBUG | Checkpoint started. | org.apache.activemq.store.kahadb.MessageDatabase | ActiveMQ Journal Checkpoint Worker
2025-10-29 02:48:10,264 | DEBUG | Checkpoint done. | org.apache.activemq.store.kahadb.MessageDatabase | ActiveMQ Journal Checkpoint Worker
2025-10-29 02:48:15,266 | DEBUG | Checkpoint started. | org.apache.activemq.store.kahadb.MessageDatabase | ActiveMQ Journal Checkpoint Worker
2025-10-29 02:48:15,279 | DEBUG | Checkpoint done. | org.apache.activemq.store.kahadb.MessageDatabase | ActiveMQ Journal Checkpoint Worker
2025-10-29 02:48:16,089 | DEBUG | WriteChecker 10000 ms elapsed since last write check. | org.apache.activemq.transport.AbstractInactivityMonitor | ActiveMQ InactivityMonitor WriteCheckTimer
2025-10-29 02:48:16,092 | DEBUG | Running WriteCheck[tcp://172.18.0.1:49490] | org.apache.activemq.transport.AbstractInactivityMonitor | ActiveMQ InactivityMonitor Worker
2025-10-29 02:48:16,120 | DEBUG | WriteChecker 10000 ms elapsed since last write check. | org.apache.activemq.transport.AbstractInactivityMonitor | ActiveMQ InactivityMonitor WriteCheckTimer
2025-10-29 02:48:16,121 | DEBUG | Running WriteCheck[tcp://172.18.0.1:49496] | org.apache.activemq.transport.AbstractInactivityMonitor | ActiveMQ InactivityMonitor Worker
2025-10-29 02:48:19,085 | DEBUG | Creating new instance of XmppTransport | org.apache.activemq.transport.xmpp.XmppTransport | ActiveMQ Transport Server Thread Handler: xmpp://0.0.0.0:61222
2025-10-29 02:48:19,094 | DEBUG | XMPP consumer thread starting | org.apache.activemq.transport.xmpp.XmppTransport | ActiveMQ Transport: tcp:///172.18.0.3:57936@61222
2025-10-29 02:48:19,098 | DEBUG | Sending initial stream element | org.apache.activemq.transport.xmpp.XmppTransport | ActiveMQ BrokerService[localhost] Task-25
2025-10-29 02:48:19,103 | DEBUG | Initial stream element sent! | org.apache.activemq.transport.xmpp.XmppTransport | ActiveMQ BrokerService[localhost] Task-25
2025-10-29 02:48:19,116 | DEBUG | Unmarshalled new incoming event - jabber.client.Iq | org.apache.activemq.transport.xmpp.XmppTransport | ActiveMQ Transport: tcp:///172.18.0.3:57936@61222
2025-10-29 02:48:19,118 | DEBUG | Iq Auth Query to: null type: get from: null id: Bbhvw-0 resource: null username: admin | org.apache.activemq.transport.xmpp.ProtocolConverter | ActiveMQ Transport: tcp:///172.18.0.3:57936@61222
2025-10-29 02:48:19,123 | DEBUG | Unmarshalled new incoming event - jabber.client.Iq | org.apache.activemq.transport.xmpp.XmppTransport | ActiveMQ Transport: tcp:///172.18.0.3:57936@61222
2025-10-29 02:48:19,124 | DEBUG | Iq Auth Query to: null type: set from: null id: Bbhvw-1 resource: Smack username: admin | org.apache.activemq.transport.xmpp.ProtocolConverter | ActiveMQ Transport: tcp:///172.18.0.3:57936@61222
2025-10-29 02:48:19,125 | DEBUG | Setting up new connection id: ID:351d5895b329-37485-1761699249168-2:5, address: tcp://172.18.0.3:57936, info: ConnectionInfo {commandId = 0, responseRequired = true, connectionId = ID:351d5895b329-37485-1761699249168-2:5, clientId = xmpp-37485-1761699249168-3:5, clientIp = null, userName = admin, password = *****, brokerPath = null, brokerMasterConnector = false, manageable = false, clientMaster = true, faultTolerant = false, failoverReconnect = false} | org.apache.activemq.broker.TransportConnection | ActiveMQ Transport: tcp:///172.18.0.3:57936@61222
2025-10-29 02:48:19,127 | DEBUG | Completed create sesssion | org.apache.activemq.transport.xmpp.ProtocolConverter | ActiveMQ Transport: tcp:///172.18.0.3:57936@61222
2025-10-29 02:48:19,128 | DEBUG | Completed create producer | org.apache.activemq.transport.xmpp.ProtocolConverter | ActiveMQ Transport: tcp:///172.18.0.3:57936@61222
2025-10-29 02:48:19,128 | DEBUG | localhost adding consumer: ID:351d5895b329-37485-1761699249168-2:5:-1:1 for destination: topic://admin | org.apache.activemq.broker.region.AbstractRegion | ActiveMQ Transport: tcp:///172.18.0.3:57936@61222
2025-10-29 02:48:19,129 | DEBUG | Setting the maximumPendingMessages size to: 1000 for consumer: ID:351d5895b329-37485-1761699249168-2:5:-1:1 | org.apache.activemq.broker.region.policy.PolicyEntry | ActiveMQ Transport: tcp:///172.18.0.3:57936@61222
2025-10-29 02:48:19,132 | DEBUG | Completed subscribe to destination: topic://admin | org.apache.activemq.transport.xmpp.ProtocolConverter | ActiveMQ Transport: tcp:///172.18.0.3:57936@61222
2025-10-29 02:48:19,133 | DEBUG | localhost adding destination: temp-queue://ID:351d5895b329-37485-1761699249168-2:5:1 | org.apache.activemq.broker.region.AbstractRegion | ActiveMQ Transport: tcp:///172.18.0.3:57936@61222
2025-10-29 02:48:19,137 | DEBUG | ID:351d5895b329-37485-1761699249168-2:5:1 toPageIn: 0, Inflight: 0, pagedInMessages.size 0, enqueueCount: 0, dequeueCount: 0 | org.apache.activemq.broker.region.Queue | ActiveMQ Transport: tcp:///172.18.0.3:57936@61222
2025-10-29 02:48:19,139 | DEBUG | localhost adding consumer: ID:351d5895b329-37485-1761699249168-2:5:-1:2 for destination: temp-queue://ID:351d5895b329-37485-1761699249168-2:5:1 | org.apache.activemq.broker.region.AbstractRegion | ActiveMQ Transport: tcp:///172.18.0.3:57936@61222
2025-10-29 02:48:19,140 | DEBUG | temp-queue://ID:351d5895b329-37485-1761699249168-2:5:1 add sub: QueueSubscription: consumer=ID:351d5895b329-37485-1761699249168-2:5:-1:2, destinations=0, dispatched=0, delivered=0, pending=0, dequeues: 0, dispatched: 0, inflight: 0 | org.apache.activemq.broker.region.Queue | ActiveMQ Transport: tcp:///172.18.0.3:57936@61222
2025-10-29 02:48:19,141 | DEBUG | localhost adding destination: topic://ActiveMQ.Advisory.Consumer.Queue.ID:351d5895b329-37485-1761699249168-2:5:1 | org.apache.activemq.broker.region.AbstractRegion | ActiveMQ Transport: tcp:///172.18.0.3:57936@61222
2025-10-29 02:48:19,145 | DEBUG | Completed subscribe to destination: temp-queue://ID:351d5895b329-37485-1761699249168-2:5:1 | org.apache.activemq.transport.xmpp.ProtocolConverter | ActiveMQ Transport: tcp:///172.18.0.3:57936@61222
2025-10-29 02:48:19,146 | DEBUG | Unmarshalled new incoming event - jabber.client.Iq | org.apache.activemq.transport.xmpp.XmppTransport | ActiveMQ Transport: tcp:///172.18.0.3:57936@61222
2025-10-29 02:48:19,146 | DEBUG | Iq Roster to: null type: get from: null id: Bbhvw-2 item: [] | org.apache.activemq.transport.xmpp.ProtocolConverter | ActiveMQ Transport: tcp:///172.18.0.3:57936@61222
2025-10-29 02:48:19,148 | DEBUG | Unmarshalled new incoming event - jabber.client.Presence | org.apache.activemq.transport.xmpp.XmppTransport | ActiveMQ Transport: tcp:///172.18.0.3:57936@61222
2025-10-29 02:48:19,148 | DEBUG | Presence: null id: Bbhvw-3 to: null type: null showOrStatusOrPriority: [] any: [] | org.apache.activemq.transport.xmpp.ProtocolConverter | ActiveMQ Transport: tcp:///172.18.0.3:57936@61222
2025-10-29 02:48:19,149 | DEBUG | Unable to create destination for null | org.apache.activemq.transport.xmpp.ProtocolConverter | ActiveMQ Transport: tcp:///172.18.0.3:57936@61222
2025-10-29 02:48:19,418 | DEBUG | Unmarshalled new incoming event - jabber.client.Presence | org.apache.activemq.transport.xmpp.XmppTransport | ActiveMQ Transport: tcp:///172.18.0.3:57936@61222
2025-10-29 02:48:19,419 | DEBUG | Presence: null id: Bbhvw-4 to: null type: unavailable showOrStatusOrPriority: [] any: [] | org.apache.activemq.transport.xmpp.ProtocolConverter | ActiveMQ Transport: tcp:///172.18.0.3:57936@61222
2025-10-29 02:48:19,420 | DEBUG | Unable to create destination for null | org.apache.activemq.transport.xmpp.ProtocolConverter | ActiveMQ Transport: tcp:///172.18.0.3:57936@61222
2025-10-29 02:48:19,422 | DEBUG | XMPP consumer thread starting | org.apache.activemq.transport.xmpp.XmppTransport | ActiveMQ Transport: tcp:///172.18.0.3:57936@61222
2025-10-29 02:48:19,429 | DEBUG | Transport Connection to: tcp://172.18.0.3:57936 failed: java.io.IOException: Unexpected EOF in prolog
 at [row,col {unknown-source}]: [1,0] | org.apache.activemq.broker.TransportConnection.Transport | ActiveMQ Transport: tcp:///172.18.0.3:57936@61222
java.io.IOException: Unexpected EOF in prolog
 at [row,col {unknown-source}]: [1,0]
	at org.apache.activemq.util.IOExceptionSupport.create(IOExceptionSupport.java:45)
	at org.apache.activemq.transport.xmpp.XmppTransport.doRun(XmppTransport.java:189)
	at org.apache.activemq.transport.tcp.TcpTransport.run(TcpTransport.java:196)
	at java.lang.Thread.run(Thread.java:750)
Caused by: com.ctc.wstx.exc.WstxEOFException: Unexpected EOF in prolog
 at [row,col {unknown-source}]: [1,0]
	at com.ctc.wstx.sr.StreamScanner.throwUnexpectedEOF(StreamScanner.java:677)
	at com.ctc.wstx.sr.BasicStreamReader.handleEOF(BasicStreamReader.java:2116)
	at com.ctc.wstx.sr.BasicStreamReader.nextFromProlog(BasicStreamReader.java:2022)
	at com.ctc.wstx.sr.BasicStreamReader.next(BasicStreamReader.java:1114)
	at org.codehaus.stax2.ri.Stax2EventReaderImpl.nextTag(Stax2EventReaderImpl.java:320)
	at org.apache.activemq.transport.xmpp.XmppTransport.doRun(XmppTransport.java:155)
	... 2 more
2025-10-29 02:48:19,430 | DEBUG | Unregistering MBean org.apache.activemq:type=Broker,brokerName=localhost,connector=clientConnectors,connectorName=xmpp,connectionViewType=clientId,connectionName=xmpp-37485-1761699249168-3_5 | org.apache.activemq.broker.jmx.ManagementContext | ActiveMQ Transport: tcp:///172.18.0.3:57936@61222
2025-10-29 02:48:19,431 | DEBUG | Unregistering MBean org.apache.activemq:type=Broker,brokerName=localhost,connector=clientConnectors,connectorName=xmpp,connectionViewType=remoteAddress,connectionName=tcp_//172.18.0.3_57936 | org.apache.activemq.broker.jmx.ManagementContext | ActiveMQ Transport: tcp:///172.18.0.3:57936@61222
2025-10-29 02:48:19,431 | DEBUG | Stopping connection: tcp://172.18.0.3:57936 | org.apache.activemq.broker.TransportConnection | ActiveMQ BrokerService[localhost] Task-26
2025-10-29 02:48:19,432 | DEBUG | Stopping transport tcp:///172.18.0.3:57936@61222 | org.apache.activemq.transport.tcp.TcpTransport | ActiveMQ BrokerService[localhost] Task-26
2025-10-29 02:48:19,432 | DEBUG | Initialized TaskRunnerFactory[ActiveMQ Task] using ExecutorService: java.util.concurrent.ThreadPoolExecutor@7705040a[Running, pool size = 0, active threads = 0, queued tasks = 0, completed tasks = 0] | org.apache.activemq.thread.TaskRunnerFactory | ActiveMQ BrokerService[localhost] Task-26
2025-10-29 02:48:19,434 | DEBUG | Closed socket Socket[addr=/172.18.0.3,port=57936,localport=61222] | org.apache.activemq.transport.tcp.TcpTransport | ActiveMQ Task-1
2025-10-29 02:48:19,434 | DEBUG | Forcing shutdown of ExecutorService: java.util.concurrent.ThreadPoolExecutor@7705040a[Running, pool size = 1, active threads = 0, queued tasks = 0, completed tasks = 1] | org.apache.activemq.util.ThreadPoolUtils | ActiveMQ BrokerService[localhost] Task-26
2025-10-29 02:48:19,434 | DEBUG | Stopped transport: tcp://172.18.0.3:57936 | org.apache.activemq.broker.TransportConnection | ActiveMQ BrokerService[localhost] Task-26
2025-10-29 02:48:19,435 | DEBUG | Cleaning up connection resources: tcp://172.18.0.3:57936 | org.apache.activemq.broker.TransportConnection | ActiveMQ BrokerService[localhost] Task-26
2025-10-29 02:48:19,435 | DEBUG | remove connection id: ID:351d5895b329-37485-1761699249168-2:5 | org.apache.activemq.broker.TransportConnection | ActiveMQ BrokerService[localhost] Task-26
2025-10-29 02:48:19,436 | DEBUG | Unregistering MBean org.apache.activemq:type=Broker,brokerName=localhost,destinationType=TempQueue,destinationName=ID_351d5895b329-37485-1761699249168-2_5_1,endpoint=Consumer,clientId=xmpp-37485-1761699249168-3_5,consumerId=ID_351d5895b329-37485-1761699249168-2_5_-1_2 | org.apache.activemq.broker.jmx.ManagementContext | ActiveMQ BrokerService[localhost] Task-26
2025-10-29 02:48:19,436 | DEBUG | localhost removing consumer: ID:351d5895b329-37485-1761699249168-2:5:-1:2 for destination: temp-queue://ID:351d5895b329-37485-1761699249168-2:5:1 | org.apache.activemq.broker.region.AbstractRegion | ActiveMQ BrokerService[localhost] Task-26
2025-10-29 02:48:19,436 | DEBUG | temp-queue://ID:351d5895b329-37485-1761699249168-2:5:1 remove sub: QueueSubscription: consumer=ID:351d5895b329-37485-1761699249168-2:5:-1:2, destinations=1, dispatched=0, delivered=0, pending=0, lastDeliveredSeqId: 0, dequeues: 0, dispatched: 0, inflight: 0 | org.apache.activemq.broker.region.Queue | ActiveMQ BrokerService[localhost] Task-26
2025-10-29 02:48:19,438 | DEBUG | Unregistering MBean org.apache.activemq:type=Broker,brokerName=localhost,destinationType=Topic,destinationName=admin,endpoint=Consumer,clientId=xmpp-37485-1761699249168-3_5,consumerId=ID_351d5895b329-37485-1761699249168-2_5_-1_1 | org.apache.activemq.broker.jmx.ManagementContext | ActiveMQ BrokerService[localhost] Task-26
2025-10-29 02:48:19,439 | DEBUG | localhost removing consumer: ID:351d5895b329-37485-1761699249168-2:5:-1:1 for destination: topic://admin | org.apache.activemq.broker.region.AbstractRegion | ActiveMQ BrokerService[localhost] Task-26
2025-10-29 02:48:19,442 | DEBUG | Unregistering MBean org.apache.activemq:type=Broker,brokerName=localhost,endpoint=dynamicProducer,clientId=xmpp-37485-1761699249168-3_5,producerId=ID_351d5895b329-37485-1761699249168-2_5_-1_1 | org.apache.activemq.broker.jmx.ManagementContext | ActiveMQ BrokerService[localhost] Task-26
2025-10-29 02:48:19,442 | DEBUG | localhost removing destination: temp-queue://ID:351d5895b329-37485-1761699249168-2:5:1 | org.apache.activemq.broker.region.AbstractRegion | ActiveMQ BrokerService[localhost] Task-26
2025-10-29 02:48:19,443 | DEBUG | ID:351d5895b329-37485-1761699249168-2:5:1 toPageIn: 0, Inflight: 0, pagedInMessages.size 0, enqueueCount: 0, dequeueCount: 0 | org.apache.activemq.broker.region.Queue | ActiveMQ BrokerService[localhost] Task-26
2025-10-29 02:48:19,443 | DEBUG | Unregistering MBean org.apache.activemq:type=Broker,brokerName=localhost,destinationType=TempQueue,destinationName=ID_351d5895b329-37485-1761699249168-2_5_1 | org.apache.activemq.broker.jmx.ManagementContext | ActiveMQ BrokerService[localhost] Task-26
2025-10-29 02:48:19,445 | DEBUG | localhost removing destination: topic://ActiveMQ.Advisory.Consumer.Queue.ID:351d5895b329-37485-1761699249168-2:5:1 | org.apache.activemq.broker.region.AbstractRegion | ActiveMQ BrokerService[localhost] Task-26
2025-10-29 02:48:19,445 | DEBUG | Unregistering MBean org.apache.activemq:type=Broker,brokerName=localhost,destinationType=Topic,destinationName=ActiveMQ.Advisory.Consumer.Queue.ID_351d5895b329-37485-1761699249168-2_5_1 | org.apache.activemq.broker.jmx.ManagementContext | ActiveMQ BrokerService[localhost] Task-26
2025-10-29 02:48:19,446 | DEBUG | Connection Stopped: tcp://172.18.0.3:57936 | org.apache.activemq.broker.TransportConnection | ActiveMQ BrokerService[localhost] Task-26
2025-10-29 02:48:19,912 | DEBUG | WriteChecker 10000 ms elapsed since last write check. | org.apache.activemq.transport.AbstractInactivityMonitor | ActiveMQ InactivityMonitor WriteCheckTimer
2025-10-29 02:48:20,079 | DEBUG | queue://analysis.queue expiring messages .. | org.apache.activemq.broker.region.Queue | ActiveMQ Broker[localhost] Scheduler
2025-10-29 02:48:20,080 | DEBUG | analysis.queue toPageIn: 0, Inflight: 0, pagedInMessages.size 1, enqueueCount: 1, dequeueCount: 0 | org.apache.activemq.broker.region.Queue | ActiveMQ Broker[localhost] Scheduler
2025-10-29 02:48:20,080 | DEBUG | analysis.queue toPageIn: 0, Inflight: 0, pagedInMessages.size 1, enqueueCount: 1, dequeueCount: 0 | org.apache.activemq.broker.region.Queue | ActiveMQ BrokerService[localhost] Task-26
2025-10-29 02:48:20,080 | DEBUG | queue://analysis.queue expiring messages done. | org.apache.activemq.broker.region.Queue | ActiveMQ Broker[localhost] Scheduler
2025-10-29 02:48:20,281 | DEBUG | Checkpoint started. | org.apache.activemq.store.kahadb.MessageDatabase | ActiveMQ Journal Checkpoint Worker
2025-10-29 02:48:20,299 | DEBUG | Checkpoint done. | org.apache.activemq.store.kahadb.MessageDatabase | ActiveMQ Journal Checkpoint Worker
2025-10-29 02:48:25,301 | DEBUG | Checkpoint started. | org.apache.activemq.store.kahadb.MessageDatabase | ActiveMQ Journal Checkpoint Worker
2025-10-29 02:48:25,317 | DEBUG | Checkpoint done. | org.apache.activemq.store.kahadb.MessageDatabase | ActiveMQ Journal Checkpoint Worker
2025-10-29 02:48:26,076 | DEBUG | 30000 ms elapsed since last read check. | org.apache.activemq.transport.AbstractInactivityMonitor | ActiveMQ InactivityMonitor ReadCheckTimer
2025-10-29 02:48:26,089 | DEBUG | WriteChecker 10000 ms elapsed since last write check. | org.apache.activemq.transport.AbstractInactivityMonitor | ActiveMQ InactivityMonitor WriteCheckTimer
2025-10-29 02:48:26,110 | DEBUG | 30000 ms elapsed since last read check. | org.apache.activemq.transport.AbstractInactivityMonitor | ActiveMQ InactivityMonitor ReadCheckTimer
2025-10-29 02:48:26,120 | DEBUG | WriteChecker 10000 ms elapsed since last write check. | org.apache.activemq.transport.AbstractInactivityMonitor | ActiveMQ InactivityMonitor WriteCheckTimer
2025-10-29 02:48:29,849 | DEBUG | 30000 ms elapsed since last read check. | org.apache.activemq.transport.AbstractInactivityMonitor | ActiveMQ InactivityMonitor ReadCheckTimer
2025-10-29 02:48:29,912 | DEBUG | WriteChecker 10000 ms elapsed since last write check. | org.apache.activemq.transport.AbstractInactivityMonitor | ActiveMQ InactivityMonitor WriteCheckTimer
2025-10-29 02:48:29,914 | DEBUG | Running WriteCheck[tcp://172.18.0.1:40982] | org.apache.activemq.transport.AbstractInactivityMonitor | ActiveMQ InactivityMonitor Worker
2025-10-29 02:48:30,319 | DEBUG | Checkpoint started. | org.apache.activemq.store.kahadb.MessageDatabase | ActiveMQ Journal Checkpoint Worker
2025-10-29 02:48:30,334 | DEBUG | Checkpoint done. | org.apache.activemq.store.kahadb.MessageDatabase | ActiveMQ Journal Checkpoint Worker
2025-10-29 02:48:35,336 | DEBUG | Checkpoint started. | org.apache.activemq.store.kahadb.MessageDatabase | ActiveMQ Journal Checkpoint Worker
2025-10-29 02:48:35,349 | DEBUG | Checkpoint done. | org.apache.activemq.store.kahadb.MessageDatabase | ActiveMQ Journal Checkpoint Worker
2025-10-29 02:48:36,090 | DEBUG | WriteChecker 10001 ms elapsed since last write check. | org.apache.activemq.transport.AbstractInactivityMonitor | ActiveMQ InactivityMonitor WriteCheckTimer
2025-10-29 02:48:36,090 | DEBUG | Running WriteCheck[tcp://172.18.0.1:49490] | org.apache.activemq.transport.AbstractInactivityMonitor | ActiveMQ InactivityMonitor Worker
2025-10-29 02:48:36,120 | DEBUG | WriteChecker 10000 ms elapsed since last write check. | org.apache.activemq.transport.AbstractInactivityMonitor | ActiveMQ InactivityMonitor WriteCheckTimer
2025-10-29 02:48:36,121 | DEBUG | Running WriteCheck[tcp://172.18.0.1:49496] | org.apache.activemq.transport.AbstractInactivityMonitor | ActiveMQ InactivityMonitor Worker
2025-10-29 02:48:39,482 | DEBUG | queue://Consumer.A.VirtualTopic.Analysis expiring messages .. | org.apache.activemq.broker.region.Queue | ActiveMQ Broker[localhost] Scheduler
2025-10-29 02:48:39,482 | DEBUG | Consumer.A.VirtualTopic.Analysis toPageIn: 0, Inflight: 0, pagedInMessages.size 0, enqueueCount: 0, dequeueCount: 0 | org.apache.activemq.broker.region.Queue | ActiveMQ Broker[localhost] Scheduler
2025-10-29 02:48:39,482 | DEBUG | queue://Consumer.A.VirtualTopic.Analysis expiring messages done. | org.apache.activemq.broker.region.Queue | ActiveMQ Broker[localhost] Scheduler
2025-10-29 02:48:39,542 | DEBUG | queue://queue.analysis expiring messages .. | org.apache.activemq.broker.region.Queue | ActiveMQ Broker[localhost] Scheduler
2025-10-29 02:48:39,542 | DEBUG | queue.analysis toPageIn: 0, Inflight: 0, pagedInMessages.size 0, enqueueCount: 0, dequeueCount: 0 | org.apache.activemq.broker.region.Queue | ActiveMQ Broker[localhost] Scheduler
2025-10-29 02:48:39,542 | DEBUG | queue://queue.analysis expiring messages done. | org.apache.activemq.broker.region.Queue | ActiveMQ Broker[localhost] Scheduler
2025-10-29 02:48:39,912 | DEBUG | WriteChecker 10000 ms elapsed since last write check. | org.apache.activemq.transport.AbstractInactivityMonitor | ActiveMQ InactivityMonitor WriteCheckTimer
2025-10-29 02:48:39,913 | DEBUG | Running WriteCheck[tcp://172.18.0.1:40982] | org.apache.activemq.transport.AbstractInactivityMonitor | ActiveMQ InactivityMonitor Worker
2025-10-29 02:48:40,351 | DEBUG | Checkpoint started. | org.apache.activemq.store.kahadb.MessageDatabase | ActiveMQ Journal Checkpoint Worker
2025-10-29 02:48:40,367 | DEBUG | Checkpoint done. | org.apache.activemq.store.kahadb.MessageDatabase | ActiveMQ Journal Checkpoint Worker
2025-10-29 02:48:45,369 | DEBUG | Checkpoint started. | org.apache.activemq.store.kahadb.MessageDatabase | ActiveMQ Journal Checkpoint Worker
2025-10-29 02:48:45,386 | DEBUG | Checkpoint done. | org.apache.activemq.store.kahadb.MessageDatabase | ActiveMQ Journal Checkpoint Worker
2025-10-29 02:48:46,090 | DEBUG | WriteChecker 10000 ms elapsed since last write check. | org.apache.activemq.transport.AbstractInactivityMonitor | ActiveMQ InactivityMonitor WriteCheckTimer
2025-10-29 02:48:46,091 | DEBUG | Running WriteCheck[tcp://172.18.0.1:49490] | org.apache.activemq.transport.AbstractInactivityMonitor | ActiveMQ InactivityMonitor Worker
2025-10-29 02:48:46,120 | DEBUG | WriteChecker 10000 ms elapsed since last write check. | org.apache.activemq.transport.AbstractInactivityMonitor | ActiveMQ InactivityMonitor WriteCheckTimer
2025-10-29 02:48:46,121 | DEBUG | Running WriteCheck[tcp://172.18.0.1:49496] | org.apache.activemq.transport.AbstractInactivityMonitor | ActiveMQ InactivityMonitor Worker
2025-10-29 02:48:49,912 | DEBUG | WriteChecker 10000 ms elapsed since last write check. | org.apache.activemq.transport.AbstractInactivityMonitor | ActiveMQ InactivityMonitor WriteCheckTimer
2025-10-29 02:48:49,912 | DEBUG | Running WriteCheck[tcp://172.18.0.1:40982] | org.apache.activemq.transport.AbstractInactivityMonitor | ActiveMQ InactivityMonitor Worker
2025-10-29 02:48:50,080 | DEBUG | queue://analysis.queue expiring messages .. | org.apache.activemq.broker.region.Queue | ActiveMQ Broker[localhost] Scheduler
2025-10-29 02:48:50,080 | DEBUG | analysis.queue toPageIn: 0, Inflight: 0, pagedInMessages.size 1, enqueueCount: 1, dequeueCount: 0 | org.apache.activemq.broker.region.Queue | ActiveMQ Broker[localhost] Scheduler
2025-10-29 02:48:50,081 | DEBUG | queue://analysis.queue expiring messages done. | org.apache.activemq.broker.region.Queue | ActiveMQ Broker[localhost] Scheduler
2025-10-29 02:48:50,084 | DEBUG | analysis.queue toPageIn: 0, Inflight: 0, pagedInMessages.size 1, enqueueCount: 1, dequeueCount: 0 | org.apache.activemq.broker.region.Queue | ActiveMQ BrokerService[localhost] Task-28
2025-10-29 02:48:50,389 | DEBUG | Checkpoint started. | org.apache.activemq.store.kahadb.MessageDatabase | ActiveMQ Journal Checkpoint Worker
2025-10-29 02:48:50,403 | DEBUG | Checkpoint done. | org.apache.activemq.store.kahadb.MessageDatabase | ActiveMQ Journal Checkpoint Worker
2025-10-29 02:48:55,404 | DEBUG | Checkpoint started. | org.apache.activemq.store.kahadb.MessageDatabase | ActiveMQ Journal Checkpoint Worker
2025-10-29 02:48:55,415 | DEBUG | Checkpoint done. | org.apache.activemq.store.kahadb.MessageDatabase | ActiveMQ Journal Checkpoint Worker
2025-10-29 02:48:56,076 | DEBUG | 30000 ms elapsed since last read check. | org.apache.activemq.transport.AbstractInactivityMonitor | ActiveMQ InactivityMonitor ReadCheckTimer
2025-10-29 02:48:56,090 | DEBUG | WriteChecker 10000 ms elapsed since last write check. | org.apache.activemq.transport.AbstractInactivityMonitor | ActiveMQ InactivityMonitor WriteCheckTimer
2025-10-29 02:48:56,091 | DEBUG | Running WriteCheck[tcp://172.18.0.1:49490] | org.apache.activemq.transport.AbstractInactivityMonitor | ActiveMQ InactivityMonitor Worker
2025-10-29 02:48:56,110 | DEBUG | 30000 ms elapsed since last read check. | org.apache.activemq.transport.AbstractInactivityMonitor | ActiveMQ InactivityMonitor ReadCheckTimer
2025-10-29 02:48:56,120 | DEBUG | WriteChecker 10000 ms elapsed since last write check. | org.apache.activemq.transport.AbstractInactivityMonitor | ActiveMQ InactivityMonitor WriteCheckTimer
2025-10-29 02:48:56,120 | DEBUG | Running WriteCheck[tcp://172.18.0.1:49496] | org.apache.activemq.transport.AbstractInactivityMonitor | ActiveMQ InactivityMonitor Worker
2025-10-29 02:48:59,850 | DEBUG | 30001 ms elapsed since last read check. | org.apache.activemq.transport.AbstractInactivityMonitor | ActiveMQ InactivityMonitor ReadCheckTimer
2025-10-29 02:48:59,913 | DEBUG | WriteChecker 10000 ms elapsed since last write check. | org.apache.activemq.transport.AbstractInactivityMonitor | ActiveMQ InactivityMonitor WriteCheckTimer
2025-10-29 02:48:59,914 | DEBUG | Running WriteCheck[tcp://172.18.0.1:40982] | org.apache.activemq.transport.AbstractInactivityMonitor | ActiveMQ InactivityMonitor Worker
2025-10-29 02:49:00,418 | DEBUG | Checkpoint started. | org.apache.activemq.store.kahadb.MessageDatabase | ActiveMQ Journal Checkpoint Worker
2025-10-29 02:49:00,431 | DEBUG | Checkpoint done. | org.apache.activemq.store.kahadb.MessageDatabase | ActiveMQ Journal Checkpoint Worker
2025-10-29 02:49:05,434 | DEBUG | Checkpoint started. | org.apache.activemq.store.kahadb.MessageDatabase | ActiveMQ Journal Checkpoint Worker
2025-10-29 02:49:05,447 | DEBUG | Checkpoint done. | org.apache.activemq.store.kahadb.MessageDatabase | ActiveMQ Journal Checkpoint Worker
2025-10-29 02:49:06,090 | DEBUG | WriteChecker 10000 ms elapsed since last write check. | org.apache.activemq.transport.AbstractInactivityMonitor | ActiveMQ InactivityMonitor WriteCheckTimer
2025-10-29 02:49:06,090 | DEBUG | Running WriteCheck[tcp://172.18.0.1:49490] | org.apache.activemq.transport.AbstractInactivityMonitor | ActiveMQ InactivityMonitor Worker
2025-10-29 02:49:06,120 | DEBUG | WriteChecker 10000 ms elapsed since last write check. | org.apache.activemq.transport.AbstractInactivityMonitor | ActiveMQ InactivityMonitor WriteCheckTimer
2025-10-29 02:49:06,121 | DEBUG | Running WriteCheck[tcp://172.18.0.1:49496] | org.apache.activemq.transport.AbstractInactivityMonitor | ActiveMQ InactivityMonitor Worker
2025-10-29 02:49:09,482 | DEBUG | queue://Consumer.A.VirtualTopic.Analysis expiring messages .. | org.apache.activemq.broker.region.Queue | ActiveMQ Broker[localhost] Scheduler
2025-10-29 02:49:09,482 | DEBUG | Consumer.A.VirtualTopic.Analysis toPageIn: 0, Inflight: 0, pagedInMessages.size 0, enqueueCount: 0, dequeueCount: 0 | org.apache.activemq.broker.region.Queue | ActiveMQ Broker[localhost] Scheduler
2025-10-29 02:49:09,483 | DEBUG | queue://Consumer.A.VirtualTopic.Analysis expiring messages done. | org.apache.activemq.broker.region.Queue | ActiveMQ Broker[localhost] Scheduler
2025-10-29 02:49:09,542 | DEBUG | queue://queue.analysis expiring messages .. | org.apache.activemq.broker.region.Queue | ActiveMQ Broker[localhost] Scheduler
2025-10-29 02:49:09,543 | DEBUG | queue.analysis toPageIn: 0, Inflight: 0, pagedInMessages.size 0, enqueueCount: 0, dequeueCount: 0 | org.apache.activemq.broker.region.Queue | ActiveMQ Broker[localhost] Scheduler
2025-10-29 02:49:09,543 | DEBUG | queue://queue.analysis expiring messages done. | org.apache.activemq.broker.region.Queue | ActiveMQ Broker[localhost] Scheduler
2025-10-29 02:49:09,912 | DEBUG | WriteChecker 10000 ms elapsed since last write check. | org.apache.activemq.transport.AbstractInactivityMonitor | ActiveMQ InactivityMonitor WriteCheckTimer
2025-10-29 02:49:09,913 | DEBUG | Running WriteCheck[tcp://172.18.0.1:40982] | org.apache.activemq.transport.AbstractInactivityMonitor | ActiveMQ InactivityMonitor Worker
2025-10-29 02:49:10,450 | DEBUG | Checkpoint started. | org.apache.activemq.store.kahadb.MessageDatabase | ActiveMQ Journal Checkpoint Worker
2025-10-29 02:49:10,465 | DEBUG | Checkpoint done. | org.apache.activemq.store.kahadb.MessageDatabase | ActiveMQ Journal Checkpoint Worker
2025-10-29 02:49:15,467 | DEBUG | Checkpoint started. | org.apache.activemq.store.kahadb.MessageDatabase | ActiveMQ Journal Checkpoint Worker
2025-10-29 02:49:15,483 | DEBUG | Checkpoint done. | org.apache.activemq.store.kahadb.MessageDatabase | ActiveMQ Journal Checkpoint Worker
2025-10-29 02:49:16,090 | DEBUG | WriteChecker 10000 ms elapsed since last write check. | org.apache.activemq.transport.AbstractInactivityMonitor | ActiveMQ InactivityMonitor WriteCheckTimer
2025-10-29 02:49:16,090 | DEBUG | Running WriteCheck[tcp://172.18.0.1:49490] | org.apache.activemq.transport.AbstractInactivityMonitor | ActiveMQ InactivityMonitor Worker
2025-10-29 02:49:16,120 | DEBUG | WriteChecker 10000 ms elapsed since last write check. | org.apache.activemq.transport.AbstractInactivityMonitor | ActiveMQ InactivityMonitor WriteCheckTimer
2025-10-29 02:49:16,121 | DEBUG | Running WriteCheck[tcp://172.18.0.1:49496] | org.apache.activemq.transport.AbstractInactivityMonitor | ActiveMQ InactivityMonitor Worker
2025-10-29 02:49:19,912 | DEBUG | WriteChecker 10000 ms elapsed since last write check. | org.apache.activemq.transport.AbstractInactivityMonitor | ActiveMQ InactivityMonitor WriteCheckTimer
2025-10-29 02:49:19,913 | DEBUG | Running WriteCheck[tcp://172.18.0.1:40982] | org.apache.activemq.transport.AbstractInactivityMonitor | ActiveMQ InactivityMonitor Worker
2025-10-29 02:49:20,079 | DEBUG | queue://analysis.queue expiring messages .. | org.apache.activemq.broker.region.Queue | ActiveMQ Broker[localhost] Scheduler
2025-10-29 02:49:20,079 | DEBUG | analysis.queue toPageIn: 0, Inflight: 0, pagedInMessages.size 1, enqueueCount: 1, dequeueCount: 0 | org.apache.activemq.broker.region.Queue | ActiveMQ Broker[localhost] Scheduler
2025-10-29 02:49:20,080 | DEBUG | queue://analysis.queue expiring messages done. | org.apache.activemq.broker.region.Queue | ActiveMQ Broker[localhost] Scheduler
2025-10-29 02:49:20,080 | DEBUG | analysis.queue toPageIn: 0, Inflight: 0, pagedInMessages.size 1, enqueueCount: 1, dequeueCount: 0 | org.apache.activemq.broker.region.Queue | ActiveMQ BrokerService[localhost] Task-28
2025-10-29 02:49:20,486 | DEBUG | Checkpoint started. | org.apache.activemq.store.kahadb.MessageDatabase | ActiveMQ Journal Checkpoint Worker
2025-10-29 02:49:20,503 | DEBUG | Checkpoint done. | org.apache.activemq.store.kahadb.MessageDatabase | ActiveMQ Journal Checkpoint Worker
2025-10-29 02:49:25,504 | DEBUG | Checkpoint started. | org.apache.activemq.store.kahadb.MessageDatabase | ActiveMQ Journal Checkpoint Worker
2025-10-29 02:49:25,519 | DEBUG | Checkpoint done. | org.apache.activemq.store.kahadb.MessageDatabase | ActiveMQ Journal Checkpoint Worker
2025-10-29 02:49:26,077 | DEBUG | 30001 ms elapsed since last read check. | org.apache.activemq.transport.AbstractInactivityMonitor | ActiveMQ InactivityMonitor ReadCheckTimer
2025-10-29 02:49:26,091 | DEBUG | WriteChecker 10001 ms elapsed since last write check. | org.apache.activemq.transport.AbstractInactivityMonitor | ActiveMQ InactivityMonitor WriteCheckTimer
2025-10-29 02:49:26,091 | DEBUG | Running WriteCheck[tcp://172.18.0.1:49490] | org.apache.activemq.transport.AbstractInactivityMonitor | ActiveMQ InactivityMonitor Worker
2025-10-29 02:49:26,110 | DEBUG | 30000 ms elapsed since last read check. | org.apache.activemq.transport.AbstractInactivityMonitor | ActiveMQ InactivityMonitor ReadCheckTimer
2025-10-29 02:49:26,120 | DEBUG | WriteChecker 10000 ms elapsed since last write check. | org.apache.activemq.transport.AbstractInactivityMonitor | ActiveMQ InactivityMonitor WriteCheckTimer
2025-10-29 02:49:26,122 | DEBUG | Running WriteCheck[tcp://172.18.0.1:49496] | org.apache.activemq.transport.AbstractInactivityMonitor | ActiveMQ InactivityMonitor Worker
2025-10-29 02:49:29,850 | DEBUG | 30000 ms elapsed since last read check. | org.apache.activemq.transport.AbstractInactivityMonitor | ActiveMQ InactivityMonitor ReadCheckTimer
2025-10-29 02:49:29,912 | DEBUG | WriteChecker 10000 ms elapsed since last write check. | org.apache.activemq.transport.AbstractInactivityMonitor | ActiveMQ InactivityMonitor WriteCheckTimer
2025-10-29 02:49:29,912 | DEBUG | Running WriteCheck[tcp://172.18.0.1:40982] | org.apache.activemq.transport.AbstractInactivityMonitor | ActiveMQ InactivityMonitor Worker
2025-10-29 02:49:30,522 | DEBUG | Checkpoint started. | org.apache.activemq.store.kahadb.MessageDatabase | ActiveMQ Journal Checkpoint Worker
2025-10-29 02:49:30,538 | DEBUG | Checkpoint done. | org.apache.activemq.store.kahadb.MessageDatabase | ActiveMQ Journal Checkpoint Worker
2025-10-29 02:49:35,541 | DEBUG | Checkpoint started. | org.apache.activemq.store.kahadb.MessageDatabase | ActiveMQ Journal Checkpoint Worker
2025-10-29 02:49:35,555 | DEBUG | Checkpoint done. | org.apache.activemq.store.kahadb.MessageDatabase | ActiveMQ Journal Checkpoint Worker
2025-10-29 02:49:36,091 | DEBUG | WriteChecker 10000 ms elapsed since last write check. | org.apache.activemq.transport.AbstractInactivityMonitor | ActiveMQ InactivityMonitor WriteCheckTimer
2025-10-29 02:49:36,093 | DEBUG | Running WriteCheck[tcp://172.18.0.1:49490] | org.apache.activemq.transport.AbstractInactivityMonitor | ActiveMQ InactivityMonitor Worker
2025-10-29 02:49:36,120 | DEBUG | WriteChecker 10000 ms elapsed since last write check. | org.apache.activemq.transport.AbstractInactivityMonitor | ActiveMQ InactivityMonitor WriteCheckTimer
2025-10-29 02:49:36,121 | DEBUG | Running WriteCheck[tcp://172.18.0.1:49496] | org.apache.activemq.transport.AbstractInactivityMonitor | ActiveMQ InactivityMonitor Worker
2025-10-29 02:49:39,482 | DEBUG | queue://Consumer.A.VirtualTopic.Analysis expiring messages .. | org.apache.activemq.broker.region.Queue | ActiveMQ Broker[localhost] Scheduler
2025-10-29 02:49:39,482 | DEBUG | Consumer.A.VirtualTopic.Analysis toPageIn: 0, Inflight: 0, pagedInMessages.size 0, enqueueCount: 0, dequeueCount: 0 | org.apache.activemq.broker.region.Queue | ActiveMQ Broker[localhost] Scheduler
2025-10-29 02:49:39,482 | DEBUG | queue://Consumer.A.VirtualTopic.Analysis expiring messages done. | org.apache.activemq.broker.region.Queue | ActiveMQ Broker[localhost] Scheduler
2025-10-29 02:49:39,542 | DEBUG | queue://queue.analysis expiring messages .. | org.apache.activemq.broker.region.Queue | ActiveMQ Broker[localhost] Scheduler
2025-10-29 02:49:39,542 | DEBUG | queue.analysis toPageIn: 0, Inflight: 0, pagedInMessages.size 0, enqueueCount: 0, dequeueCount: 0 | org.apache.activemq.broker.region.Queue | ActiveMQ Broker[localhost] Scheduler
2025-10-29 02:49:39,543 | DEBUG | queue://queue.analysis expiring messages done. | org.apache.activemq.broker.region.Queue | ActiveMQ Broker[localhost] Scheduler
2025-10-29 02:49:39,912 | DEBUG | WriteChecker 10000 ms elapsed since last write check. | org.apache.activemq.transport.AbstractInactivityMonitor | ActiveMQ InactivityMonitor WriteCheckTimer
2025-10-29 02:49:39,913 | DEBUG | Running WriteCheck[tcp://172.18.0.1:40982] | org.apache.activemq.transport.AbstractInactivityMonitor | ActiveMQ InactivityMonitor Worker
2025-10-29 02:49:40,558 | DEBUG | Checkpoint started. | org.apache.activemq.store.kahadb.MessageDatabase | ActiveMQ Journal Checkpoint Worker
2025-10-29 02:49:40,571 | DEBUG | Checkpoint done. | org.apache.activemq.store.kahadb.MessageDatabase | ActiveMQ Journal Checkpoint Worker
2025-10-29 02:49:45,574 | DEBUG | Checkpoint started. | org.apache.activemq.store.kahadb.MessageDatabase | ActiveMQ Journal Checkpoint Worker
2025-10-29 02:49:45,586 | DEBUG | Checkpoint done. | org.apache.activemq.store.kahadb.MessageDatabase | ActiveMQ Journal Checkpoint Worker
2025-10-29 02:49:46,091 | DEBUG | WriteChecker 10000 ms elapsed since last write check. | org.apache.activemq.transport.AbstractInactivityMonitor | ActiveMQ InactivityMonitor WriteCheckTimer
2025-10-29 02:49:46,091 | DEBUG | Running WriteCheck[tcp://172.18.0.1:49490] | org.apache.activemq.transport.AbstractInactivityMonitor | ActiveMQ InactivityMonitor Worker
2025-10-29 02:49:46,120 | DEBUG | WriteChecker 10000 ms elapsed since last write check. | org.apache.activemq.transport.AbstractInactivityMonitor | ActiveMQ InactivityMonitor WriteCheckTimer
2025-10-29 02:49:46,121 | DEBUG | Running WriteCheck[tcp://172.18.0.1:49496] | org.apache.activemq.transport.AbstractInactivityMonitor | ActiveMQ InactivityMonitor Worker
2025-10-29 02:49:49,912 | DEBUG | WriteChecker 10000 ms elapsed since last write check. | org.apache.activemq.transport.AbstractInactivityMonitor | ActiveMQ InactivityMonitor WriteCheckTimer
2025-10-29 02:49:49,912 | DEBUG | Running WriteCheck[tcp://172.18.0.1:40982] | org.apache.activemq.transport.AbstractInactivityMonitor | ActiveMQ InactivityMonitor Worker
2025-10-29 02:49:50,079 | DEBUG | queue://analysis.queue expiring messages .. | org.apache.activemq.broker.region.Queue | ActiveMQ Broker[localhost] Scheduler
2025-10-29 02:49:50,079 | DEBUG | analysis.queue toPageIn: 0, Inflight: 0, pagedInMessages.size 1, enqueueCount: 1, dequeueCount: 0 | org.apache.activemq.broker.region.Queue | ActiveMQ Broker[localhost] Scheduler
2025-10-29 02:49:50,080 | DEBUG | queue://analysis.queue expiring messages done. | org.apache.activemq.broker.region.Queue | ActiveMQ Broker[localhost] Scheduler
2025-10-29 02:49:50,082 | DEBUG | analysis.queue toPageIn: 0, Inflight: 0, pagedInMessages.size 1, enqueueCount: 1, dequeueCount: 0 | org.apache.activemq.broker.region.Queue | ActiveMQ BrokerService[localhost] Task-29
2025-10-29 02:49:50,588 | DEBUG | Checkpoint started. | org.apache.activemq.store.kahadb.MessageDatabase | ActiveMQ Journal Checkpoint Worker
2025-10-29 02:49:50,602 | DEBUG | Checkpoint done. | org.apache.activemq.store.kahadb.MessageDatabase | ActiveMQ Journal Checkpoint Worker
2025-10-29 02:49:55,602 | DEBUG | Checkpoint started. | org.apache.activemq.store.kahadb.MessageDatabase | ActiveMQ Journal Checkpoint Worker
2025-10-29 02:49:55,616 | DEBUG | Checkpoint done. | org.apache.activemq.store.kahadb.MessageDatabase | ActiveMQ Journal Checkpoint Worker
2025-10-29 02:49:56,077 | DEBUG | 30000 ms elapsed since last read check. | org.apache.activemq.transport.AbstractInactivityMonitor | ActiveMQ InactivityMonitor ReadCheckTimer
2025-10-29 02:49:56,091 | DEBUG | WriteChecker 10000 ms elapsed since last write check. | org.apache.activemq.transport.AbstractInactivityMonitor | ActiveMQ InactivityMonitor WriteCheckTimer
2025-10-29 02:49:56,091 | DEBUG | Running WriteCheck[tcp://172.18.0.1:49490] | org.apache.activemq.transport.AbstractInactivityMonitor | ActiveMQ InactivityMonitor Worker
2025-10-29 02:49:56,110 | DEBUG | 30000 ms elapsed since last read check. | org.apache.activemq.transport.AbstractInactivityMonitor | ActiveMQ InactivityMonitor ReadCheckTimer
2025-10-29 02:49:56,121 | DEBUG | WriteChecker 10001 ms elapsed since last write check. | org.apache.activemq.transport.AbstractInactivityMonitor | ActiveMQ InactivityMonitor WriteCheckTimer
2025-10-29 02:49:56,122 | DEBUG | Running WriteCheck[tcp://172.18.0.1:49496] | org.apache.activemq.transport.AbstractInactivityMonitor | ActiveMQ InactivityMonitor Worker
2025-10-29 02:49:59,850 | DEBUG | 30000 ms elapsed since last read check. | org.apache.activemq.transport.AbstractInactivityMonitor | ActiveMQ InactivityMonitor ReadCheckTimer
2025-10-29 02:49:59,912 | DEBUG | WriteChecker 10000 ms elapsed since last write check. | org.apache.activemq.transport.AbstractInactivityMonitor | ActiveMQ InactivityMonitor WriteCheckTimer
2025-10-29 02:49:59,912 | DEBUG | Running WriteCheck[tcp://172.18.0.1:40982] | org.apache.activemq.transport.AbstractInactivityMonitor | ActiveMQ InactivityMonitor Worker
2025-10-29 02:50:00,617 | DEBUG | Checkpoint started. | org.apache.activemq.store.kahadb.MessageDatabase | ActiveMQ Journal Checkpoint Worker
2025-10-29 02:50:00,628 | DEBUG | Checkpoint done. | org.apache.activemq.store.kahadb.MessageDatabase | ActiveMQ Journal Checkpoint Worker
2025-10-29 02:50:05,630 | DEBUG | Checkpoint started. | org.apache.activemq.store.kahadb.MessageDatabase | ActiveMQ Journal Checkpoint Worker
2025-10-29 02:50:05,644 | DEBUG | Checkpoint done. | org.apache.activemq.store.kahadb.MessageDatabase | ActiveMQ Journal Checkpoint Worker
2025-10-29 02:50:06,091 | DEBUG | WriteChecker 10000 ms elapsed since last write check. | org.apache.activemq.transport.AbstractInactivityMonitor | ActiveMQ InactivityMonitor WriteCheckTimer
2025-10-29 02:50:06,092 | DEBUG | Running WriteCheck[tcp://172.18.0.1:49490] | org.apache.activemq.transport.AbstractInactivityMonitor | ActiveMQ InactivityMonitor Worker
2025-10-29 02:50:06,121 | DEBUG | WriteChecker 10000 ms elapsed since last write check. | org.apache.activemq.transport.AbstractInactivityMonitor | ActiveMQ InactivityMonitor WriteCheckTimer
2025-10-29 02:50:06,121 | DEBUG | Running WriteCheck[tcp://172.18.0.1:49496] | org.apache.activemq.transport.AbstractInactivityMonitor | ActiveMQ InactivityMonitor Worker
2025-10-29 02:50:09,482 | DEBUG | queue://Consumer.A.VirtualTopic.Analysis expiring messages .. | org.apache.activemq.broker.region.Queue | ActiveMQ Broker[localhost] Scheduler
2025-10-29 02:50:09,483 | DEBUG | Consumer.A.VirtualTopic.Analysis toPageIn: 0, Inflight: 0, pagedInMessages.size 0, enqueueCount: 0, dequeueCount: 0 | org.apache.activemq.broker.region.Queue | ActiveMQ Broker[localhost] Scheduler
2025-10-29 02:50:09,483 | DEBUG | queue://Consumer.A.VirtualTopic.Analysis expiring messages done. | org.apache.activemq.broker.region.Queue | ActiveMQ Broker[localhost] Scheduler
2025-10-29 02:50:09,543 | DEBUG | queue://queue.analysis expiring messages .. | org.apache.activemq.broker.region.Queue | ActiveMQ Broker[localhost] Scheduler
2025-10-29 02:50:09,543 | DEBUG | queue.analysis toPageIn: 0, Inflight: 0, pagedInMessages.size 0, enqueueCount: 0, dequeueCount: 0 | org.apache.activemq.broker.region.Queue | ActiveMQ Broker[localhost] Scheduler
2025-10-29 02:50:09,543 | DEBUG | queue://queue.analysis expiring messages done. | org.apache.activemq.broker.region.Queue | ActiveMQ Broker[localhost] Scheduler
2025-10-29 02:50:09,912 | DEBUG | WriteChecker 10000 ms elapsed since last write check. | org.apache.activemq.transport.AbstractInactivityMonitor | ActiveMQ InactivityMonitor WriteCheckTimer
2025-10-29 02:50:09,913 | DEBUG | Running WriteCheck[tcp://172.18.0.1:40982] | org.apache.activemq.transport.AbstractInactivityMonitor | ActiveMQ InactivityMonitor Worker
2025-10-29 02:50:10,646 | DEBUG | Checkpoint started. | org.apache.activemq.store.kahadb.MessageDatabase | ActiveMQ Journal Checkpoint Worker
2025-10-29 02:50:10,662 | DEBUG | Checkpoint done. | org.apache.activemq.store.kahadb.MessageDatabase | ActiveMQ Journal Checkpoint Worker
2025-10-29 02:50:15,664 | DEBUG | Checkpoint started. | org.apache.activemq.store.kahadb.MessageDatabase | ActiveMQ Journal Checkpoint Worker
2025-10-29 02:50:15,678 | DEBUG | Checkpoint done. | org.apache.activemq.store.kahadb.MessageDatabase | ActiveMQ Journal Checkpoint Worker
2025-10-29 02:50:16,091 | DEBUG | WriteChecker 10000 ms elapsed since last write check. | org.apache.activemq.transport.AbstractInactivityMonitor | ActiveMQ InactivityMonitor WriteCheckTimer
2025-10-29 02:50:16,092 | DEBUG | Running WriteCheck[tcp://172.18.0.1:49490] | org.apache.activemq.transport.AbstractInactivityMonitor | ActiveMQ InactivityMonitor Worker
2025-10-29 02:50:16,121 | DEBUG | WriteChecker 10000 ms elapsed since last write check. | org.apache.activemq.transport.AbstractInactivityMonitor | ActiveMQ InactivityMonitor WriteCheckTimer
2025-10-29 02:50:16,121 | DEBUG | Running WriteCheck[tcp://172.18.0.1:49496] | org.apache.activemq.transport.AbstractInactivityMonitor | ActiveMQ InactivityMonitor Worker
2025-10-29 02:50:19,912 | DEBUG | WriteChecker 10000 ms elapsed since last write check. | org.apache.activemq.transport.AbstractInactivityMonitor | ActiveMQ InactivityMonitor WriteCheckTimer
2025-10-29 02:50:19,913 | DEBUG | Running WriteCheck[tcp://172.18.0.1:40982] | org.apache.activemq.transport.AbstractInactivityMonitor | ActiveMQ InactivityMonitor Worker
2025-10-29 02:50:20,079 | DEBUG | queue://analysis.queue expiring messages .. | org.apache.activemq.broker.region.Queue | ActiveMQ Broker[localhost] Scheduler
2025-10-29 02:50:20,080 | DEBUG | analysis.queue toPageIn: 0, Inflight: 0, pagedInMessages.size 1, enqueueCount: 1, dequeueCount: 0 | org.apache.activemq.broker.region.Queue | ActiveMQ Broker[localhost] Scheduler
2025-10-29 02:50:20,080 | DEBUG | queue://analysis.queue expiring messages done. | org.apache.activemq.broker.region.Queue | ActiveMQ Broker[localhost] Scheduler
2025-10-29 02:50:20,080 | DEBUG | analysis.queue toPageIn: 0, Inflight: 0, pagedInMessages.size 1, enqueueCount: 1, dequeueCount: 0 | org.apache.activemq.broker.region.Queue | ActiveMQ BrokerService[localhost] Task-29
2025-10-29 02:50:20,681 | DEBUG | Checkpoint started. | org.apache.activemq.store.kahadb.MessageDatabase | ActiveMQ Journal Checkpoint Worker
2025-10-29 02:50:20,696 | DEBUG | Checkpoint done. | org.apache.activemq.store.kahadb.MessageDatabase | ActiveMQ Journal Checkpoint Worker
2025-10-29 02:50:25,697 | DEBUG | Checkpoint started. | org.apache.activemq.store.kahadb.MessageDatabase | ActiveMQ Journal Checkpoint Worker
2025-10-29 02:50:25,710 | DEBUG | Checkpoint done. | org.apache.activemq.store.kahadb.MessageDatabase | ActiveMQ Journal Checkpoint Worker
2025-10-29 02:50:26,077 | DEBUG | 30000 ms elapsed since last read check. | org.apache.activemq.transport.AbstractInactivityMonitor | ActiveMQ InactivityMonitor ReadCheckTimer
2025-10-29 02:50:26,091 | DEBUG | WriteChecker 10000 ms elapsed since last write check. | org.apache.activemq.transport.AbstractInactivityMonitor | ActiveMQ InactivityMonitor WriteCheckTimer
2025-10-29 02:50:26,092 | DEBUG | Running WriteCheck[tcp://172.18.0.1:49490] | org.apache.activemq.transport.AbstractInactivityMonitor | ActiveMQ InactivityMonitor Worker
2025-10-29 02:50:26,110 | DEBUG | 30000 ms elapsed since last read check. | org.apache.activemq.transport.AbstractInactivityMonitor | ActiveMQ InactivityMonitor ReadCheckTimer
2025-10-29 02:50:26,121 | DEBUG | WriteChecker 10000 ms elapsed since last write check. | org.apache.activemq.transport.AbstractInactivityMonitor | ActiveMQ InactivityMonitor WriteCheckTimer
2025-10-29 02:50:26,124 | DEBUG | Running WriteCheck[tcp://172.18.0.1:49496] | org.apache.activemq.transport.AbstractInactivityMonitor | ActiveMQ InactivityMonitor Worker
2025-10-29 02:50:29,850 | DEBUG | 30000 ms elapsed since last read check. | org.apache.activemq.transport.AbstractInactivityMonitor | ActiveMQ InactivityMonitor ReadCheckTimer
2025-10-29 02:50:29,912 | DEBUG | WriteChecker 10000 ms elapsed since last write check. | org.apache.activemq.transport.AbstractInactivityMonitor | ActiveMQ InactivityMonitor WriteCheckTimer
2025-10-29 02:50:29,913 | DEBUG | Running WriteCheck[tcp://172.18.0.1:40982] | org.apache.activemq.transport.AbstractInactivityMonitor | ActiveMQ InactivityMonitor Worker
2025-10-29 02:50:30,712 | DEBUG | Checkpoint started. | org.apache.activemq.store.kahadb.MessageDatabase | ActiveMQ Journal Checkpoint Worker
2025-10-29 02:50:30,726 | DEBUG | Checkpoint done. | org.apache.activemq.store.kahadb.MessageDatabase | ActiveMQ Journal Checkpoint Worker
2025-10-29 02:50:35,730 | DEBUG | Checkpoint started. | org.apache.activemq.store.kahadb.MessageDatabase | ActiveMQ Journal Checkpoint Worker
2025-10-29 02:50:35,746 | DEBUG | Checkpoint done. | org.apache.activemq.store.kahadb.MessageDatabase | ActiveMQ Journal Checkpoint Worker
2025-10-29 02:50:36,091 | DEBUG | WriteChecker 10000 ms elapsed since last write check. | org.apache.activemq.transport.AbstractInactivityMonitor | ActiveMQ InactivityMonitor WriteCheckTimer
2025-10-29 02:50:36,092 | DEBUG | Running WriteCheck[tcp://172.18.0.1:49490] | org.apache.activemq.transport.AbstractInactivityMonitor | ActiveMQ InactivityMonitor Worker
2025-10-29 02:50:36,122 | DEBUG | WriteChecker 10001 ms elapsed since last write check. | org.apache.activemq.transport.AbstractInactivityMonitor | ActiveMQ InactivityMonitor WriteCheckTimer
2025-10-29 02:50:36,122 | DEBUG | Running WriteCheck[tcp://172.18.0.1:49496] | org.apache.activemq.transport.AbstractInactivityMonitor | ActiveMQ InactivityMonitor Worker
2025-10-29 02:50:39,482 | DEBUG | queue://Consumer.A.VirtualTopic.Analysis expiring messages .. | org.apache.activemq.broker.region.Queue | ActiveMQ Broker[localhost] Scheduler
2025-10-29 02:50:39,482 | DEBUG | Consumer.A.VirtualTopic.Analysis toPageIn: 0, Inflight: 0, pagedInMessages.size 0, enqueueCount: 0, dequeueCount: 0 | org.apache.activemq.broker.region.Queue | ActiveMQ Broker[localhost] Scheduler
2025-10-29 02:50:39,482 | DEBUG | queue://Consumer.A.VirtualTopic.Analysis expiring messages done. | org.apache.activemq.broker.region.Queue | ActiveMQ Broker[localhost] Scheduler
2025-10-29 02:50:39,543 | DEBUG | queue://queue.analysis expiring messages .. | org.apache.activemq.broker.region.Queue | ActiveMQ Broker[localhost] Scheduler
2025-10-29 02:50:39,543 | DEBUG | queue.analysis toPageIn: 0, Inflight: 0, pagedInMessages.size 0, enqueueCount: 0, dequeueCount: 0 | org.apache.activemq.broker.region.Queue | ActiveMQ Broker[localhost] Scheduler
2025-10-29 02:50:39,544 | DEBUG | queue://queue.analysis expiring messages done. | org.apache.activemq.broker.region.Queue | ActiveMQ Broker[localhost] Scheduler
2025-10-29 02:50:39,912 | DEBUG | WriteChecker 10000 ms elapsed since last write check. | org.apache.activemq.transport.AbstractInactivityMonitor | ActiveMQ InactivityMonitor WriteCheckTimer
2025-10-29 02:50:39,913 | DEBUG | Running WriteCheck[tcp://172.18.0.1:40982] | org.apache.activemq.transport.AbstractInactivityMonitor | ActiveMQ InactivityMonitor Worker
2025-10-29 02:50:40,748 | DEBUG | Checkpoint started. | org.apache.activemq.store.kahadb.MessageDatabase | ActiveMQ Journal Checkpoint Worker
2025-10-29 02:50:40,763 | DEBUG | Checkpoint done. | org.apache.activemq.store.kahadb.MessageDatabase | ActiveMQ Journal Checkpoint Worker
2025-10-29 02:50:45,765 | DEBUG | Checkpoint started. | org.apache.activemq.store.kahadb.MessageDatabase | ActiveMQ Journal Checkpoint Worker
2025-10-29 02:50:45,780 | DEBUG | Checkpoint done. | org.apache.activemq.store.kahadb.MessageDatabase | ActiveMQ Journal Checkpoint Worker
2025-10-29 02:50:46,091 | DEBUG | WriteChecker 10000 ms elapsed since last write check. | org.apache.activemq.transport.AbstractInactivityMonitor | ActiveMQ InactivityMonitor WriteCheckTimer
2025-10-29 02:50:46,092 | DEBUG | Running WriteCheck[tcp://172.18.0.1:49490] | org.apache.activemq.transport.AbstractInactivityMonitor | ActiveMQ InactivityMonitor Worker
2025-10-29 02:50:46,123 | DEBUG | WriteChecker 10001 ms elapsed since last write check. | org.apache.activemq.transport.AbstractInactivityMonitor | ActiveMQ InactivityMonitor WriteCheckTimer
2025-10-29 02:50:46,123 | DEBUG | Running WriteCheck[tcp://172.18.0.1:49496] | org.apache.activemq.transport.AbstractInactivityMonitor | ActiveMQ InactivityMonitor Worker
2025-10-29 02:50:49,913 | DEBUG | WriteChecker 10001 ms elapsed since last write check. | org.apache.activemq.transport.AbstractInactivityMonitor | ActiveMQ InactivityMonitor WriteCheckTimer
2025-10-29 02:50:49,914 | DEBUG | Running WriteCheck[tcp://172.18.0.1:40982] | org.apache.activemq.transport.AbstractInactivityMonitor | ActiveMQ InactivityMonitor Worker
2025-10-29 02:50:50,079 | DEBUG | queue://analysis.queue expiring messages .. | org.apache.activemq.broker.region.Queue | ActiveMQ Broker[localhost] Scheduler
2025-10-29 02:50:50,079 | DEBUG | analysis.queue toPageIn: 0, Inflight: 0, pagedInMessages.size 1, enqueueCount: 1, dequeueCount: 0 | org.apache.activemq.broker.region.Queue | ActiveMQ Broker[localhost] Scheduler
2025-10-29 02:50:50,080 | DEBUG | queue://analysis.queue expiring messages done. | org.apache.activemq.broker.region.Queue | ActiveMQ Broker[localhost] Scheduler
2025-10-29 02:50:50,083 | DEBUG | analysis.queue toPageIn: 0, Inflight: 0, pagedInMessages.size 1, enqueueCount: 1, dequeueCount: 0 | org.apache.activemq.broker.region.Queue | ActiveMQ BrokerService[localhost] Task-30
2025-10-29 02:50:50,783 | DEBUG | Checkpoint started. | org.apache.activemq.store.kahadb.MessageDatabase | ActiveMQ Journal Checkpoint Worker
2025-10-29 02:50:50,799 | DEBUG | Checkpoint done. | org.apache.activemq.store.kahadb.MessageDatabase | ActiveMQ Journal Checkpoint Worker
2025-10-29 02:50:55,801 | DEBUG | Checkpoint started. | org.apache.activemq.store.kahadb.MessageDatabase | ActiveMQ Journal Checkpoint Worker
2025-10-29 02:50:55,817 | DEBUG | Checkpoint done. | org.apache.activemq.store.kahadb.MessageDatabase | ActiveMQ Journal Checkpoint Worker
2025-10-29 02:50:56,077 | DEBUG | 30000 ms elapsed since last read check. | org.apache.activemq.transport.AbstractInactivityMonitor | ActiveMQ InactivityMonitor ReadCheckTimer
2025-10-29 02:50:56,092 | DEBUG | WriteChecker 10001 ms elapsed since last write check. | org.apache.activemq.transport.AbstractInactivityMonitor | ActiveMQ InactivityMonitor WriteCheckTimer
2025-10-29 02:50:56,092 | DEBUG | Running WriteCheck[tcp://172.18.0.1:49490] | org.apache.activemq.transport.AbstractInactivityMonitor | ActiveMQ InactivityMonitor Worker
2025-10-29 02:50:56,110 | DEBUG | 30000 ms elapsed since last read check. | org.apache.activemq.transport.AbstractInactivityMonitor | ActiveMQ InactivityMonitor ReadCheckTimer
2025-10-29 02:50:56,123 | DEBUG | WriteChecker 10000 ms elapsed since last write check. | org.apache.activemq.transport.AbstractInactivityMonitor | ActiveMQ InactivityMonitor WriteCheckTimer
2025-10-29 02:50:56,124 | DEBUG | Running WriteCheck[tcp://172.18.0.1:49496] | org.apache.activemq.transport.AbstractInactivityMonitor | ActiveMQ InactivityMonitor Worker
2025-10-29 02:50:59,850 | DEBUG | 30000 ms elapsed since last read check. | org.apache.activemq.transport.AbstractInactivityMonitor | ActiveMQ InactivityMonitor ReadCheckTimer
2025-10-29 02:50:59,913 | DEBUG | WriteChecker 10000 ms elapsed since last write check. | org.apache.activemq.transport.AbstractInactivityMonitor | ActiveMQ InactivityMonitor WriteCheckTimer
2025-10-29 02:50:59,914 | DEBUG | Running WriteCheck[tcp://172.18.0.1:40982] | org.apache.activemq.transport.AbstractInactivityMonitor | ActiveMQ InactivityMonitor Worker
2025-10-29 02:51:00,819 | DEBUG | Checkpoint started. | org.apache.activemq.store.kahadb.MessageDatabase | ActiveMQ Journal Checkpoint Worker
2025-10-29 02:51:00,834 | DEBUG | Checkpoint done. | org.apache.activemq.store.kahadb.MessageDatabase | ActiveMQ Journal Checkpoint Worker
2025-10-29 02:51:05,836 | DEBUG | Checkpoint started. | org.apache.activemq.store.kahadb.MessageDatabase | ActiveMQ Journal Checkpoint Worker
2025-10-29 02:51:05,849 | DEBUG | Checkpoint done. | org.apache.activemq.store.kahadb.MessageDatabase | ActiveMQ Journal Checkpoint Worker
2025-10-29 02:51:06,092 | DEBUG | WriteChecker 10000 ms elapsed since last write check. | org.apache.activemq.transport.AbstractInactivityMonitor | ActiveMQ InactivityMonitor WriteCheckTimer
2025-10-29 02:51:06,093 | DEBUG | Running WriteCheck[tcp://172.18.0.1:49490] | org.apache.activemq.transport.AbstractInactivityMonitor | ActiveMQ InactivityMonitor Worker
2025-10-29 02:51:06,123 | DEBUG | WriteChecker 10000 ms elapsed since last write check. | org.apache.activemq.transport.AbstractInactivityMonitor | ActiveMQ InactivityMonitor WriteCheckTimer
2025-10-29 02:51:06,123 | DEBUG | Running WriteCheck[tcp://172.18.0.1:49496] | org.apache.activemq.transport.AbstractInactivityMonitor | ActiveMQ InactivityMonitor Worker
2025-10-29 02:51:09,482 | DEBUG | queue://Consumer.A.VirtualTopic.Analysis expiring messages .. | org.apache.activemq.broker.region.Queue | ActiveMQ Broker[localhost] Scheduler
2025-10-29 02:51:09,482 | DEBUG | Consumer.A.VirtualTopic.Analysis toPageIn: 0, Inflight: 0, pagedInMessages.size 0, enqueueCount: 0, dequeueCount: 0 | org.apache.activemq.broker.region.Queue | ActiveMQ Broker[localhost] Scheduler
2025-10-29 02:51:09,483 | DEBUG | queue://Consumer.A.VirtualTopic.Analysis expiring messages done. | org.apache.activemq.broker.region.Queue | ActiveMQ Broker[localhost] Scheduler
2025-10-29 02:51:09,543 | DEBUG | queue://queue.analysis expiring messages .. | org.apache.activemq.broker.region.Queue | ActiveMQ Broker[localhost] Scheduler
2025-10-29 02:51:09,544 | DEBUG | queue.analysis toPageIn: 0, Inflight: 0, pagedInMessages.size 0, enqueueCount: 0, dequeueCount: 0 | org.apache.activemq.broker.region.Queue | ActiveMQ Broker[localhost] Scheduler
2025-10-29 02:51:09,544 | DEBUG | queue://queue.analysis expiring messages done. | org.apache.activemq.broker.region.Queue | ActiveMQ Broker[localhost] Scheduler
2025-10-29 02:51:09,914 | DEBUG | WriteChecker 10001 ms elapsed since last write check. | org.apache.activemq.transport.AbstractInactivityMonitor | ActiveMQ InactivityMonitor WriteCheckTimer
2025-10-29 02:51:09,914 | DEBUG | Running WriteCheck[tcp://172.18.0.1:40982] | org.apache.activemq.transport.AbstractInactivityMonitor | ActiveMQ InactivityMonitor Worker
2025-10-29 02:51:10,851 | DEBUG | Checkpoint started. | org.apache.activemq.store.kahadb.MessageDatabase | ActiveMQ Journal Checkpoint Worker
2025-10-29 02:51:10,865 | DEBUG | Checkpoint done. | org.apache.activemq.store.kahadb.MessageDatabase | ActiveMQ Journal Checkpoint Worker
2025-10-29 02:51:15,868 | DEBUG | Checkpoint started. | org.apache.activemq.store.kahadb.MessageDatabase | ActiveMQ Journal Checkpoint Worker
2025-10-29 02:51:15,883 | DEBUG | Checkpoint done. | org.apache.activemq.store.kahadb.MessageDatabase | ActiveMQ Journal Checkpoint Worker
2025-10-29 02:51:16,092 | DEBUG | WriteChecker 10000 ms elapsed since last write check. | org.apache.activemq.transport.AbstractInactivityMonitor | ActiveMQ InactivityMonitor WriteCheckTimer
2025-10-29 02:51:16,093 | DEBUG | Running WriteCheck[tcp://172.18.0.1:49490] | org.apache.activemq.transport.AbstractInactivityMonitor | ActiveMQ InactivityMonitor Worker
2025-10-29 02:51:16,123 | DEBUG | WriteChecker 10000 ms elapsed since last write check. | org.apache.activemq.transport.AbstractInactivityMonitor | ActiveMQ InactivityMonitor WriteCheckTimer
2025-10-29 02:51:16,123 | DEBUG | Running WriteCheck[tcp://172.18.0.1:49496] | org.apache.activemq.transport.AbstractInactivityMonitor | ActiveMQ InactivityMonitor Worker
2025-10-29 02:51:19,914 | DEBUG | WriteChecker 10000 ms elapsed since last write check. | org.apache.activemq.transport.AbstractInactivityMonitor | ActiveMQ InactivityMonitor WriteCheckTimer
2025-10-29 02:51:19,915 | DEBUG | Running WriteCheck[tcp://172.18.0.1:40982] | org.apache.activemq.transport.AbstractInactivityMonitor | ActiveMQ InactivityMonitor Worker
2025-10-29 02:51:20,079 | DEBUG | queue://analysis.queue expiring messages .. | org.apache.activemq.broker.region.Queue | ActiveMQ Broker[localhost] Scheduler
2025-10-29 02:51:20,080 | DEBUG | analysis.queue toPageIn: 0, Inflight: 0, pagedInMessages.size 1, enqueueCount: 1, dequeueCount: 0 | org.apache.activemq.broker.region.Queue | ActiveMQ Broker[localhost] Scheduler
2025-10-29 02:51:20,081 | DEBUG | queue://analysis.queue expiring messages done. | org.apache.activemq.broker.region.Queue | ActiveMQ Broker[localhost] Scheduler
2025-10-29 02:51:20,081 | DEBUG | analysis.queue toPageIn: 0, Inflight: 0, pagedInMessages.size 1, enqueueCount: 1, dequeueCount: 0 | org.apache.activemq.broker.region.Queue | ActiveMQ BrokerService[localhost] Task-30
2025-10-29 02:51:20,886 | DEBUG | Checkpoint started. | org.apache.activemq.store.kahadb.MessageDatabase | ActiveMQ Journal Checkpoint Worker
2025-10-29 02:51:20,900 | DEBUG | Checkpoint done. | org.apache.activemq.store.kahadb.MessageDatabase | ActiveMQ Journal Checkpoint Worker
2025-10-29 02:51:25,902 | DEBUG | Checkpoint started. | org.apache.activemq.store.kahadb.MessageDatabase | ActiveMQ Journal Checkpoint Worker
2025-10-29 02:51:25,918 | DEBUG | Checkpoint done. | org.apache.activemq.store.kahadb.MessageDatabase | ActiveMQ Journal Checkpoint Worker
2025-10-29 02:51:26,077 | DEBUG | 30000 ms elapsed since last read check. | org.apache.activemq.transport.AbstractInactivityMonitor | ActiveMQ InactivityMonitor ReadCheckTimer
2025-10-29 02:51:26,092 | DEBUG | WriteChecker 10000 ms elapsed since last write check. | org.apache.activemq.transport.AbstractInactivityMonitor | ActiveMQ InactivityMonitor WriteCheckTimer
2025-10-29 02:51:26,093 | DEBUG | Running WriteCheck[tcp://172.18.0.1:49490] | org.apache.activemq.transport.AbstractInactivityMonitor | ActiveMQ InactivityMonitor Worker
2025-10-29 02:51:26,110 | DEBUG | 30000 ms elapsed since last read check. | org.apache.activemq.transport.AbstractInactivityMonitor | ActiveMQ InactivityMonitor ReadCheckTimer
2025-10-29 02:51:26,123 | DEBUG | WriteChecker 10000 ms elapsed since last write check. | org.apache.activemq.transport.AbstractInactivityMonitor | ActiveMQ InactivityMonitor WriteCheckTimer
2025-10-29 02:51:26,123 | DEBUG | Running WriteCheck[tcp://172.18.0.1:49496] | org.apache.activemq.transport.AbstractInactivityMonitor | ActiveMQ InactivityMonitor Worker
2025-10-29 02:51:29,850 | DEBUG | 30000 ms elapsed since last read check. | org.apache.activemq.transport.AbstractInactivityMonitor | ActiveMQ InactivityMonitor ReadCheckTimer
2025-10-29 02:51:29,915 | DEBUG | WriteChecker 10001 ms elapsed since last write check. | org.apache.activemq.transport.AbstractInactivityMonitor | ActiveMQ InactivityMonitor WriteCheckTimer
2025-10-29 02:51:29,916 | DEBUG | Running WriteCheck[tcp://172.18.0.1:40982] | org.apache.activemq.transport.AbstractInactivityMonitor | ActiveMQ InactivityMonitor Worker
2025-10-29 02:51:30,921 | DEBUG | Checkpoint started. | org.apache.activemq.store.kahadb.MessageDatabase | ActiveMQ Journal Checkpoint Worker
2025-10-29 02:51:30,936 | DEBUG | Checkpoint done. | org.apache.activemq.store.kahadb.MessageDatabase | ActiveMQ Journal Checkpoint Worker
2025-10-29 02:51:35,938 | DEBUG | Checkpoint started. | org.apache.activemq.store.kahadb.MessageDatabase | ActiveMQ Journal Checkpoint Worker
2025-10-29 02:51:35,953 | DEBUG | Checkpoint done. | org.apache.activemq.store.kahadb.MessageDatabase | ActiveMQ Journal Checkpoint Worker
2025-10-29 02:51:36,092 | DEBUG | WriteChecker 10000 ms elapsed since last write check. | org.apache.activemq.transport.AbstractInactivityMonitor | ActiveMQ InactivityMonitor WriteCheckTimer
2025-10-29 02:51:36,092 | DEBUG | Running WriteCheck[tcp://172.18.0.1:49490] | org.apache.activemq.transport.AbstractInactivityMonitor | ActiveMQ InactivityMonitor Worker
2025-10-29 02:51:36,123 | DEBUG | WriteChecker 10000 ms elapsed since last write check. | org.apache.activemq.transport.AbstractInactivityMonitor | ActiveMQ InactivityMonitor WriteCheckTimer
2025-10-29 02:51:36,124 | DEBUG | Running WriteCheck[tcp://172.18.0.1:49496] | org.apache.activemq.transport.AbstractInactivityMonitor | ActiveMQ InactivityMonitor Worker
2025-10-29 02:51:39,482 | DEBUG | queue://Consumer.A.VirtualTopic.Analysis expiring messages .. | org.apache.activemq.broker.region.Queue | ActiveMQ Broker[localhost] Scheduler
2025-10-29 02:51:39,482 | DEBUG | Consumer.A.VirtualTopic.Analysis toPageIn: 0, Inflight: 0, pagedInMessages.size 0, enqueueCount: 0, dequeueCount: 0 | org.apache.activemq.broker.region.Queue | ActiveMQ Broker[localhost] Scheduler
2025-10-29 02:51:39,483 | DEBUG | queue://Consumer.A.VirtualTopic.Analysis expiring messages done. | org.apache.activemq.broker.region.Queue | ActiveMQ Broker[localhost] Scheduler
2025-10-29 02:51:39,543 | DEBUG | queue://queue.analysis expiring messages .. | org.apache.activemq.broker.region.Queue | ActiveMQ Broker[localhost] Scheduler
2025-10-29 02:51:39,543 | DEBUG | queue.analysis toPageIn: 0, Inflight: 0, pagedInMessages.size 0, enqueueCount: 0, dequeueCount: 0 | org.apache.activemq.broker.region.Queue | ActiveMQ Broker[localhost] Scheduler
2025-10-29 02:51:39,544 | DEBUG | queue://queue.analysis expiring messages done. | org.apache.activemq.broker.region.Queue | ActiveMQ Broker[localhost] Scheduler
2025-10-29 02:51:39,915 | DEBUG | WriteChecker 10000 ms elapsed since last write check. | org.apache.activemq.transport.AbstractInactivityMonitor | ActiveMQ InactivityMonitor WriteCheckTimer
2025-10-29 02:51:39,916 | DEBUG | Running WriteCheck[tcp://172.18.0.1:40982] | org.apache.activemq.transport.AbstractInactivityMonitor | ActiveMQ InactivityMonitor Worker
2025-10-29 02:51:40,955 | DEBUG | Checkpoint started. | org.apache.activemq.store.kahadb.MessageDatabase | ActiveMQ Journal Checkpoint Worker
2025-10-29 02:51:40,970 | DEBUG | Checkpoint done. | org.apache.activemq.store.kahadb.MessageDatabase | ActiveMQ Journal Checkpoint Worker
2025-10-29 02:51:45,973 | DEBUG | Checkpoint started. | org.apache.activemq.store.kahadb.MessageDatabase | ActiveMQ Journal Checkpoint Worker
2025-10-29 02:51:45,989 | DEBUG | Checkpoint done. | org.apache.activemq.store.kahadb.MessageDatabase | ActiveMQ Journal Checkpoint Worker
2025-10-29 02:51:46,092 | DEBUG | WriteChecker 10000 ms elapsed since last write check. | org.apache.activemq.transport.AbstractInactivityMonitor | ActiveMQ InactivityMonitor WriteCheckTimer
2025-10-29 02:51:46,093 | DEBUG | Running WriteCheck[tcp://172.18.0.1:49490] | org.apache.activemq.transport.AbstractInactivityMonitor | ActiveMQ InactivityMonitor Worker
2025-10-29 02:51:46,123 | DEBUG | WriteChecker 10000 ms elapsed since last write check. | org.apache.activemq.transport.AbstractInactivityMonitor | ActiveMQ InactivityMonitor WriteCheckTimer
2025-10-29 02:51:46,123 | DEBUG | Running WriteCheck[tcp://172.18.0.1:49496] | org.apache.activemq.transport.AbstractInactivityMonitor | ActiveMQ InactivityMonitor Worker
2025-10-29 02:51:49,915 | DEBUG | WriteChecker 10000 ms elapsed since last write check. | org.apache.activemq.transport.AbstractInactivityMonitor | ActiveMQ InactivityMonitor WriteCheckTimer
2025-10-29 02:51:49,916 | DEBUG | Running WriteCheck[tcp://172.18.0.1:40982] | org.apache.activemq.transport.AbstractInactivityMonitor | ActiveMQ InactivityMonitor Worker
2025-10-29 02:51:50,079 | DEBUG | queue://analysis.queue expiring messages .. | org.apache.activemq.broker.region.Queue | ActiveMQ Broker[localhost] Scheduler
2025-10-29 02:51:50,080 | DEBUG | analysis.queue toPageIn: 0, Inflight: 0, pagedInMessages.size 1, enqueueCount: 1, dequeueCount: 0 | org.apache.activemq.broker.region.Queue | ActiveMQ Broker[localhost] Scheduler
2025-10-29 02:51:50,083 | DEBUG | queue://analysis.queue expiring messages done. | org.apache.activemq.broker.region.Queue | ActiveMQ Broker[localhost] Scheduler
2025-10-29 02:51:50,084 | DEBUG | analysis.queue toPageIn: 0, Inflight: 0, pagedInMessages.size 1, enqueueCount: 1, dequeueCount: 0 | org.apache.activemq.broker.region.Queue | ActiveMQ BrokerService[localhost] Task-31
2025-10-29 02:51:50,991 | DEBUG | Checkpoint started. | org.apache.activemq.store.kahadb.MessageDatabase | ActiveMQ Journal Checkpoint Worker
2025-10-29 02:51:51,008 | DEBUG | Checkpoint done. | org.apache.activemq.store.kahadb.MessageDatabase | ActiveMQ Journal Checkpoint Worker
2025-10-29 02:51:56,008 | DEBUG | Checkpoint started. | org.apache.activemq.store.kahadb.MessageDatabase | ActiveMQ Journal Checkpoint Worker
2025-10-29 02:51:56,023 | DEBUG | Checkpoint done. | org.apache.activemq.store.kahadb.MessageDatabase | ActiveMQ Journal Checkpoint Worker
2025-10-29 02:51:56,077 | DEBUG | 30000 ms elapsed since last read check. | org.apache.activemq.transport.AbstractInactivityMonitor | ActiveMQ InactivityMonitor ReadCheckTimer
2025-10-29 02:51:56,092 | DEBUG | WriteChecker 10000 ms elapsed since last write check. | org.apache.activemq.transport.AbstractInactivityMonitor | ActiveMQ InactivityMonitor WriteCheckTimer
2025-10-29 02:51:56,093 | DEBUG | Running WriteCheck[tcp://172.18.0.1:49490] | org.apache.activemq.transport.AbstractInactivityMonitor | ActiveMQ InactivityMonitor Worker
2025-10-29 02:51:56,110 | DEBUG | 30000 ms elapsed since last read check. | org.apache.activemq.transport.AbstractInactivityMonitor | ActiveMQ InactivityMonitor ReadCheckTimer
2025-10-29 02:51:56,123 | DEBUG | WriteChecker 10000 ms elapsed since last write check. | org.apache.activemq.transport.AbstractInactivityMonitor | ActiveMQ InactivityMonitor WriteCheckTimer
2025-10-29 02:51:56,124 | DEBUG | Running WriteCheck[tcp://172.18.0.1:49496] | org.apache.activemq.transport.AbstractInactivityMonitor | ActiveMQ InactivityMonitor Worker
2025-10-29 02:51:59,850 | DEBUG | 30000 ms elapsed since last read check. | org.apache.activemq.transport.AbstractInactivityMonitor | ActiveMQ InactivityMonitor ReadCheckTimer
2025-10-29 02:51:59,915 | DEBUG | WriteChecker 10000 ms elapsed since last write check. | org.apache.activemq.transport.AbstractInactivityMonitor | ActiveMQ InactivityMonitor WriteCheckTimer
2025-10-29 02:51:59,916 | DEBUG | Running WriteCheck[tcp://172.18.0.1:40982] | org.apache.activemq.transport.AbstractInactivityMonitor | ActiveMQ InactivityMonitor Worker
2025-10-29 02:52:01,025 | DEBUG | Checkpoint started. | org.apache.activemq.store.kahadb.MessageDatabase | ActiveMQ Journal Checkpoint Worker
2025-10-29 02:52:01,039 | DEBUG | Checkpoint done. | org.apache.activemq.store.kahadb.MessageDatabase | ActiveMQ Journal Checkpoint Worker
2025-10-29 02:52:06,042 | DEBUG | Checkpoint started. | org.apache.activemq.store.kahadb.MessageDatabase | ActiveMQ Journal Checkpoint Worker
2025-10-29 02:52:06,056 | DEBUG | Checkpoint done. | org.apache.activemq.store.kahadb.MessageDatabase | ActiveMQ Journal Checkpoint Worker
2025-10-29 02:52:06,092 | DEBUG | WriteChecker 10000 ms elapsed since last write check. | org.apache.activemq.transport.AbstractInactivityMonitor | ActiveMQ InactivityMonitor WriteCheckTimer
2025-10-29 02:52:06,093 | DEBUG | Running WriteCheck[tcp://172.18.0.1:49490] | org.apache.activemq.transport.AbstractInactivityMonitor | ActiveMQ InactivityMonitor Worker
2025-10-29 02:52:06,123 | DEBUG | WriteChecker 10000 ms elapsed since last write check. | org.apache.activemq.transport.AbstractInactivityMonitor | ActiveMQ InactivityMonitor WriteCheckTimer
2025-10-29 02:52:06,123 | DEBUG | Running WriteCheck[tcp://172.18.0.1:49496] | org.apache.activemq.transport.AbstractInactivityMonitor | ActiveMQ InactivityMonitor Worker
2025-10-29 02:52:09,482 | DEBUG | queue://Consumer.A.VirtualTopic.Analysis expiring messages .. | org.apache.activemq.broker.region.Queue | ActiveMQ Broker[localhost] Scheduler
2025-10-29 02:52:09,483 | DEBUG | Consumer.A.VirtualTopic.Analysis toPageIn: 0, Inflight: 0, pagedInMessages.size 0, enqueueCount: 0, dequeueCount: 0 | org.apache.activemq.broker.region.Queue | ActiveMQ Broker[localhost] Scheduler
2025-10-29 02:52:09,483 | DEBUG | queue://Consumer.A.VirtualTopic.Analysis expiring messages done. | org.apache.activemq.broker.region.Queue | ActiveMQ Broker[localhost] Scheduler
2025-10-29 02:52:09,544 | DEBUG | queue://queue.analysis expiring messages .. | org.apache.activemq.broker.region.Queue | ActiveMQ Broker[localhost] Scheduler
2025-10-29 02:52:09,544 | DEBUG | queue.analysis toPageIn: 0, Inflight: 0, pagedInMessages.size 0, enqueueCount: 0, dequeueCount: 0 | org.apache.activemq.broker.region.Queue | ActiveMQ Broker[localhost] Scheduler
2025-10-29 02:52:09,545 | DEBUG | queue://queue.analysis expiring messages done. | org.apache.activemq.broker.region.Queue | ActiveMQ Broker[localhost] Scheduler
2025-10-29 02:52:09,916 | DEBUG | WriteChecker 10001 ms elapsed since last write check. | org.apache.activemq.transport.AbstractInactivityMonitor | ActiveMQ InactivityMonitor WriteCheckTimer
2025-10-29 02:52:09,916 | DEBUG | Running WriteCheck[tcp://172.18.0.1:40982] | org.apache.activemq.transport.AbstractInactivityMonitor | ActiveMQ InactivityMonitor Worker
2025-10-29 02:52:11,058 | DEBUG | Checkpoint started. | org.apache.activemq.store.kahadb.MessageDatabase | ActiveMQ Journal Checkpoint Worker
2025-10-29 02:52:11,075 | DEBUG | Checkpoint done. | org.apache.activemq.store.kahadb.MessageDatabase | ActiveMQ Journal Checkpoint Worker
2025-10-29 02:52:16,077 | DEBUG | Checkpoint started. | org.apache.activemq.store.kahadb.MessageDatabase | ActiveMQ Journal Checkpoint Worker
2025-10-29 02:52:16,092 | DEBUG | WriteChecker 10000 ms elapsed since last write check. | org.apache.activemq.transport.AbstractInactivityMonitor | ActiveMQ InactivityMonitor WriteCheckTimer
2025-10-29 02:52:16,092 | DEBUG | Running WriteCheck[tcp://172.18.0.1:49490] | org.apache.activemq.transport.AbstractInactivityMonitor | ActiveMQ InactivityMonitor Worker
2025-10-29 02:52:16,097 | DEBUG | Checkpoint done. | org.apache.activemq.store.kahadb.MessageDatabase | ActiveMQ Journal Checkpoint Worker
2025-10-29 02:52:16,124 | DEBUG | WriteChecker 10001 ms elapsed since last write check. | org.apache.activemq.transport.AbstractInactivityMonitor | ActiveMQ InactivityMonitor WriteCheckTimer
2025-10-29 02:52:16,124 | DEBUG | Running WriteCheck[tcp://172.18.0.1:49496] | org.apache.activemq.transport.AbstractInactivityMonitor | ActiveMQ InactivityMonitor Worker
2025-10-29 02:52:19,917 | DEBUG | WriteChecker 10001 ms elapsed since last write check. | org.apache.activemq.transport.AbstractInactivityMonitor | ActiveMQ InactivityMonitor WriteCheckTimer
2025-10-29 02:52:19,918 | DEBUG | Running WriteCheck[tcp://172.18.0.1:40982] | org.apache.activemq.transport.AbstractInactivityMonitor | ActiveMQ InactivityMonitor Worker
2025-10-29 02:52:20,079 | DEBUG | queue://analysis.queue expiring messages .. | org.apache.activemq.broker.region.Queue | ActiveMQ Broker[localhost] Scheduler
2025-10-29 02:52:20,080 | DEBUG | analysis.queue toPageIn: 0, Inflight: 0, pagedInMessages.size 1, enqueueCount: 1, dequeueCount: 0 | org.apache.activemq.broker.region.Queue | ActiveMQ Broker[localhost] Scheduler
2025-10-29 02:52:20,080 | DEBUG | queue://analysis.queue expiring messages done. | org.apache.activemq.broker.region.Queue | ActiveMQ Broker[localhost] Scheduler
2025-10-29 02:52:20,080 | DEBUG | analysis.queue toPageIn: 0, Inflight: 0, pagedInMessages.size 1, enqueueCount: 1, dequeueCount: 0 | org.apache.activemq.broker.region.Queue | ActiveMQ BrokerService[localhost] Task-31
2025-10-29 02:52:21,099 | DEBUG | Checkpoint started. | org.apache.activemq.store.kahadb.MessageDatabase | ActiveMQ Journal Checkpoint Worker
2025-10-29 02:52:21,113 | DEBUG | Checkpoint done. | org.apache.activemq.store.kahadb.MessageDatabase | ActiveMQ Journal Checkpoint Worker
2025-10-29 02:52:26,077 | DEBUG | 30000 ms elapsed since last read check. | org.apache.activemq.transport.AbstractInactivityMonitor | ActiveMQ InactivityMonitor ReadCheckTimer
2025-10-29 02:52:26,093 | DEBUG | WriteChecker 10001 ms elapsed since last write check. | org.apache.activemq.transport.AbstractInactivityMonitor | ActiveMQ InactivityMonitor WriteCheckTimer
2025-10-29 02:52:26,093 | DEBUG | Running WriteCheck[tcp://172.18.0.1:49490] | org.apache.activemq.transport.AbstractInactivityMonitor | ActiveMQ InactivityMonitor Worker
2025-10-29 02:52:26,110 | DEBUG | 30000 ms elapsed since last read check. | org.apache.activemq.transport.AbstractInactivityMonitor | ActiveMQ InactivityMonitor ReadCheckTimer
2025-10-29 02:52:26,113 | DEBUG | Checkpoint started. | org.apache.activemq.store.kahadb.MessageDatabase | ActiveMQ Journal Checkpoint Worker
2025-10-29 02:52:26,124 | DEBUG | WriteChecker 10000 ms elapsed since last write check. | org.apache.activemq.transport.AbstractInactivityMonitor | ActiveMQ InactivityMonitor WriteCheckTimer
2025-10-29 02:52:26,125 | DEBUG | Running WriteCheck[tcp://172.18.0.1:49496] | org.apache.activemq.transport.AbstractInactivityMonitor | ActiveMQ InactivityMonitor Worker
2025-10-29 02:52:26,125 | DEBUG | Checkpoint done. | org.apache.activemq.store.kahadb.MessageDatabase | ActiveMQ Journal Checkpoint Worker
2025-10-29 02:52:29,850 | DEBUG | 30000 ms elapsed since last read check. | org.apache.activemq.transport.AbstractInactivityMonitor | ActiveMQ InactivityMonitor ReadCheckTimer
2025-10-29 02:52:29,917 | DEBUG | WriteChecker 10000 ms elapsed since last write check. | org.apache.activemq.transport.AbstractInactivityMonitor | ActiveMQ InactivityMonitor WriteCheckTimer
2025-10-29 02:52:29,918 | DEBUG | Running WriteCheck[tcp://172.18.0.1:40982] | org.apache.activemq.transport.AbstractInactivityMonitor | ActiveMQ InactivityMonitor Worker
2025-10-29 02:52:31,127 | DEBUG | Checkpoint started. | org.apache.activemq.store.kahadb.MessageDatabase | ActiveMQ Journal Checkpoint Worker
2025-10-29 02:52:31,140 | DEBUG | Checkpoint done. | org.apache.activemq.store.kahadb.MessageDatabase | ActiveMQ Journal Checkpoint Worker
2025-10-29 02:52:36,094 | DEBUG | WriteChecker 10001 ms elapsed since last write check. | org.apache.activemq.transport.AbstractInactivityMonitor | ActiveMQ InactivityMonitor WriteCheckTimer
2025-10-29 02:52:36,095 | DEBUG | Running WriteCheck[tcp://172.18.0.1:49490] | org.apache.activemq.transport.AbstractInactivityMonitor | ActiveMQ InactivityMonitor Worker
2025-10-29 02:52:36,124 | DEBUG | WriteChecker 10000 ms elapsed since last write check. | org.apache.activemq.transport.AbstractInactivityMonitor | ActiveMQ InactivityMonitor WriteCheckTimer
2025-10-29 02:52:36,125 | DEBUG | Running WriteCheck[tcp://172.18.0.1:49496] | org.apache.activemq.transport.AbstractInactivityMonitor | ActiveMQ InactivityMonitor Worker
2025-10-29 02:52:36,142 | DEBUG | Checkpoint started. | org.apache.activemq.store.kahadb.MessageDatabase | ActiveMQ Journal Checkpoint Worker
2025-10-29 02:52:36,159 | DEBUG | Checkpoint done. | org.apache.activemq.store.kahadb.MessageDatabase | ActiveMQ Journal Checkpoint Worker
2025-10-29 02:52:39,482 | DEBUG | queue://Consumer.A.VirtualTopic.Analysis expiring messages .. | org.apache.activemq.broker.region.Queue | ActiveMQ Broker[localhost] Scheduler
2025-10-29 02:52:39,483 | DEBUG | Consumer.A.VirtualTopic.Analysis toPageIn: 0, Inflight: 0, pagedInMessages.size 0, enqueueCount: 0, dequeueCount: 0 | org.apache.activemq.broker.region.Queue | ActiveMQ Broker[localhost] Scheduler
2025-10-29 02:52:39,483 | DEBUG | queue://Consumer.A.VirtualTopic.Analysis expiring messages done. | org.apache.activemq.broker.region.Queue | ActiveMQ Broker[localhost] Scheduler
2025-10-29 02:52:39,544 | DEBUG | queue://queue.analysis expiring messages .. | org.apache.activemq.broker.region.Queue | ActiveMQ Broker[localhost] Scheduler
2025-10-29 02:52:39,545 | DEBUG | queue.analysis toPageIn: 0, Inflight: 0, pagedInMessages.size 0, enqueueCount: 0, dequeueCount: 0 | org.apache.activemq.broker.region.Queue | ActiveMQ Broker[localhost] Scheduler
2025-10-29 02:52:39,545 | DEBUG | queue://queue.analysis expiring messages done. | org.apache.activemq.broker.region.Queue | ActiveMQ Broker[localhost] Scheduler
2025-10-29 02:52:39,917 | DEBUG | WriteChecker 10000 ms elapsed since last write check. | org.apache.activemq.transport.AbstractInactivityMonitor | ActiveMQ InactivityMonitor WriteCheckTimer
2025-10-29 02:52:39,917 | DEBUG | Running WriteCheck[tcp://172.18.0.1:40982] | org.apache.activemq.transport.AbstractInactivityMonitor | ActiveMQ InactivityMonitor Worker
2025-10-29 02:52:41,162 | DEBUG | Checkpoint started. | org.apache.activemq.store.kahadb.MessageDatabase | ActiveMQ Journal Checkpoint Worker
2025-10-29 02:52:41,177 | DEBUG | Checkpoint done. | org.apache.activemq.store.kahadb.MessageDatabase | ActiveMQ Journal Checkpoint Worker
2025-10-29 02:52:46,094 | DEBUG | WriteChecker 10000 ms elapsed since last write check. | org.apache.activemq.transport.AbstractInactivityMonitor | ActiveMQ InactivityMonitor WriteCheckTimer
2025-10-29 02:52:46,095 | DEBUG | Running WriteCheck[tcp://172.18.0.1:49490] | org.apache.activemq.transport.AbstractInactivityMonitor | ActiveMQ InactivityMonitor Worker
2025-10-29 02:52:46,124 | DEBUG | WriteChecker 10000 ms elapsed since last write check. | org.apache.activemq.transport.AbstractInactivityMonitor | ActiveMQ InactivityMonitor WriteCheckTimer
2025-10-29 02:52:46,125 | DEBUG | Running WriteCheck[tcp://172.18.0.1:49496] | org.apache.activemq.transport.AbstractInactivityMonitor | ActiveMQ InactivityMonitor Worker
2025-10-29 02:52:46,179 | DEBUG | Checkpoint started. | org.apache.activemq.store.kahadb.MessageDatabase | ActiveMQ Journal Checkpoint Worker
2025-10-29 02:52:46,192 | DEBUG | Checkpoint done. | org.apache.activemq.store.kahadb.MessageDatabase | ActiveMQ Journal Checkpoint Worker
2025-10-29 02:52:49,917 | DEBUG | WriteChecker 10000 ms elapsed since last write check. | org.apache.activemq.transport.AbstractInactivityMonitor | ActiveMQ InactivityMonitor WriteCheckTimer
2025-10-29 02:52:49,918 | DEBUG | Running WriteCheck[tcp://172.18.0.1:40982] | org.apache.activemq.transport.AbstractInactivityMonitor | ActiveMQ InactivityMonitor Worker
2025-10-29 02:52:50,079 | DEBUG | queue://analysis.queue expiring messages .. | org.apache.activemq.broker.region.Queue | ActiveMQ Broker[localhost] Scheduler
2025-10-29 02:52:50,079 | DEBUG | analysis.queue toPageIn: 0, Inflight: 0, pagedInMessages.size 1, enqueueCount: 1, dequeueCount: 0 | org.apache.activemq.broker.region.Queue | ActiveMQ Broker[localhost] Scheduler
2025-10-29 02:52:50,080 | DEBUG | queue://analysis.queue expiring messages done. | org.apache.activemq.broker.region.Queue | ActiveMQ Broker[localhost] Scheduler
2025-10-29 02:52:50,083 | DEBUG | analysis.queue toPageIn: 0, Inflight: 0, pagedInMessages.size 1, enqueueCount: 1, dequeueCount: 0 | org.apache.activemq.broker.region.Queue | ActiveMQ BrokerService[localhost] Task-32
2025-10-29 02:52:51,194 | DEBUG | Checkpoint started. | org.apache.activemq.store.kahadb.MessageDatabase | ActiveMQ Journal Checkpoint Worker
2025-10-29 02:52:51,210 | DEBUG | Checkpoint done. | org.apache.activemq.store.kahadb.MessageDatabase | ActiveMQ Journal Checkpoint Worker
2025-10-29 02:52:56,077 | DEBUG | 30000 ms elapsed since last read check. | org.apache.activemq.transport.AbstractInactivityMonitor | ActiveMQ InactivityMonitor ReadCheckTimer
2025-10-29 02:52:56,094 | DEBUG | WriteChecker 10000 ms elapsed since last write check. | org.apache.activemq.transport.AbstractInactivityMonitor | ActiveMQ InactivityMonitor WriteCheckTimer
2025-10-29 02:52:56,095 | DEBUG | Running WriteCheck[tcp://172.18.0.1:49490] | org.apache.activemq.transport.AbstractInactivityMonitor | ActiveMQ InactivityMonitor Worker
2025-10-29 02:52:56,110 | DEBUG | 30000 ms elapsed since last read check. | org.apache.activemq.transport.AbstractInactivityMonitor | ActiveMQ InactivityMonitor ReadCheckTimer
2025-10-29 02:52:56,124 | DEBUG | WriteChecker 10000 ms elapsed since last write check. | org.apache.activemq.transport.AbstractInactivityMonitor | ActiveMQ InactivityMonitor WriteCheckTimer
2025-10-29 02:52:56,125 | DEBUG | Running WriteCheck[tcp://172.18.0.1:49496] | org.apache.activemq.transport.AbstractInactivityMonitor | ActiveMQ InactivityMonitor Worker
2025-10-29 02:52:56,211 | DEBUG | Checkpoint started. | org.apache.activemq.store.kahadb.MessageDatabase | ActiveMQ Journal Checkpoint Worker
2025-10-29 02:52:56,224 | DEBUG | Checkpoint done. | org.apache.activemq.store.kahadb.MessageDatabase | ActiveMQ Journal Checkpoint Worker
2025-10-29 02:52:59,850 | DEBUG | 30000 ms elapsed since last read check. | org.apache.activemq.transport.AbstractInactivityMonitor | ActiveMQ InactivityMonitor ReadCheckTimer
2025-10-29 02:52:59,917 | DEBUG | WriteChecker 10000 ms elapsed since last write check. | org.apache.activemq.transport.AbstractInactivityMonitor | ActiveMQ InactivityMonitor WriteCheckTimer
2025-10-29 02:52:59,917 | DEBUG | Running WriteCheck[tcp://172.18.0.1:40982] | org.apache.activemq.transport.AbstractInactivityMonitor | ActiveMQ InactivityMonitor Worker
2025-10-29 02:53:01,227 | DEBUG | Checkpoint started. | org.apache.activemq.store.kahadb.MessageDatabase | ActiveMQ Journal Checkpoint Worker
2025-10-29 02:53:01,241 | DEBUG | Checkpoint done. | org.apache.activemq.store.kahadb.MessageDatabase | ActiveMQ Journal Checkpoint Worker
2025-10-29 02:53:06,094 | DEBUG | WriteChecker 10000 ms elapsed since last write check. | org.apache.activemq.transport.AbstractInactivityMonitor | ActiveMQ InactivityMonitor WriteCheckTimer
2025-10-29 02:53:06,095 | DEBUG | Running WriteCheck[tcp://172.18.0.1:49490] | org.apache.activemq.transport.AbstractInactivityMonitor | ActiveMQ InactivityMonitor Worker
2025-10-29 02:53:06,124 | DEBUG | WriteChecker 10000 ms elapsed since last write check. | org.apache.activemq.transport.AbstractInactivityMonitor | ActiveMQ InactivityMonitor WriteCheckTimer
2025-10-29 02:53:06,125 | DEBUG | Running WriteCheck[tcp://172.18.0.1:49496] | org.apache.activemq.transport.AbstractInactivityMonitor | ActiveMQ InactivityMonitor Worker
2025-10-29 02:53:06,243 | DEBUG | Checkpoint started. | org.apache.activemq.store.kahadb.MessageDatabase | ActiveMQ Journal Checkpoint Worker
2025-10-29 02:53:06,257 | DEBUG | Checkpoint done. | org.apache.activemq.store.kahadb.MessageDatabase | ActiveMQ Journal Checkpoint Worker
2025-10-29 02:53:09,482 | DEBUG | queue://Consumer.A.VirtualTopic.Analysis expiring messages .. | org.apache.activemq.broker.region.Queue | ActiveMQ Broker[localhost] Scheduler
2025-10-29 02:53:09,482 | DEBUG | Consumer.A.VirtualTopic.Analysis toPageIn: 0, Inflight: 0, pagedInMessages.size 0, enqueueCount: 0, dequeueCount: 0 | org.apache.activemq.broker.region.Queue | ActiveMQ Broker[localhost] Scheduler
2025-10-29 02:53:09,483 | DEBUG | queue://Consumer.A.VirtualTopic.Analysis expiring messages done. | org.apache.activemq.broker.region.Queue | ActiveMQ Broker[localhost] Scheduler
2025-10-29 02:53:09,544 | DEBUG | queue://queue.analysis expiring messages .. | org.apache.activemq.broker.region.Queue | ActiveMQ Broker[localhost] Scheduler
2025-10-29 02:53:09,545 | DEBUG | queue.analysis toPageIn: 0, Inflight: 0, pagedInMessages.size 0, enqueueCount: 0, dequeueCount: 0 | org.apache.activemq.broker.region.Queue | ActiveMQ Broker[localhost] Scheduler
2025-10-29 02:53:09,545 | DEBUG | queue://queue.analysis expiring messages done. | org.apache.activemq.broker.region.Queue | ActiveMQ Broker[localhost] Scheduler
2025-10-29 02:53:09,918 | DEBUG | WriteChecker 10001 ms elapsed since last write check. | org.apache.activemq.transport.AbstractInactivityMonitor | ActiveMQ InactivityMonitor WriteCheckTimer
2025-10-29 02:53:09,918 | DEBUG | Running WriteCheck[tcp://172.18.0.1:40982] | org.apache.activemq.transport.AbstractInactivityMonitor | ActiveMQ InactivityMonitor Worker
2025-10-29 02:53:11,260 | DEBUG | Checkpoint started. | org.apache.activemq.store.kahadb.MessageDatabase | ActiveMQ Journal Checkpoint Worker
2025-10-29 02:53:11,274 | DEBUG | Checkpoint done. | org.apache.activemq.store.kahadb.MessageDatabase | ActiveMQ Journal Checkpoint Worker
2025-10-29 02:53:16,094 | DEBUG | WriteChecker 10000 ms elapsed since last write check. | org.apache.activemq.transport.AbstractInactivityMonitor | ActiveMQ InactivityMonitor WriteCheckTimer
2025-10-29 02:53:16,095 | DEBUG | Running WriteCheck[tcp://172.18.0.1:49490] | org.apache.activemq.transport.AbstractInactivityMonitor | ActiveMQ InactivityMonitor Worker
2025-10-29 02:53:16,125 | DEBUG | WriteChecker 10000 ms elapsed since last write check. | org.apache.activemq.transport.AbstractInactivityMonitor | ActiveMQ InactivityMonitor WriteCheckTimer
2025-10-29 02:53:16,125 | DEBUG | Running WriteCheck[tcp://172.18.0.1:49496] | org.apache.activemq.transport.AbstractInactivityMonitor | ActiveMQ InactivityMonitor Worker
2025-10-29 02:53:16,277 | DEBUG | Checkpoint started. | org.apache.activemq.store.kahadb.MessageDatabase | ActiveMQ Journal Checkpoint Worker
2025-10-29 02:53:16,289 | DEBUG | Checkpoint done. | org.apache.activemq.store.kahadb.MessageDatabase | ActiveMQ Journal Checkpoint Worker
2025-10-29 02:53:19,918 | DEBUG | WriteChecker 10000 ms elapsed since last write check. | org.apache.activemq.transport.AbstractInactivityMonitor | ActiveMQ InactivityMonitor WriteCheckTimer
2025-10-29 02:53:19,919 | DEBUG | Running WriteCheck[tcp://172.18.0.1:40982] | org.apache.activemq.transport.AbstractInactivityMonitor | ActiveMQ InactivityMonitor Worker
2025-10-29 02:53:20,079 | DEBUG | queue://analysis.queue expiring messages .. | org.apache.activemq.broker.region.Queue | ActiveMQ Broker[localhost] Scheduler
2025-10-29 02:53:20,080 | DEBUG | analysis.queue toPageIn: 0, Inflight: 0, pagedInMessages.size 1, enqueueCount: 1, dequeueCount: 0 | org.apache.activemq.broker.region.Queue | ActiveMQ Broker[localhost] Scheduler
2025-10-29 02:53:20,080 | DEBUG | queue://analysis.queue expiring messages done. | org.apache.activemq.broker.region.Queue | ActiveMQ Broker[localhost] Scheduler
2025-10-29 02:53:20,080 | DEBUG | analysis.queue toPageIn: 0, Inflight: 0, pagedInMessages.size 1, enqueueCount: 1, dequeueCount: 0 | org.apache.activemq.broker.region.Queue | ActiveMQ BrokerService[localhost] Task-32
2025-10-29 02:53:21,291 | DEBUG | Checkpoint started. | org.apache.activemq.store.kahadb.MessageDatabase | ActiveMQ Journal Checkpoint Worker
2025-10-29 02:53:21,306 | DEBUG | Checkpoint done. | org.apache.activemq.store.kahadb.MessageDatabase | ActiveMQ Journal Checkpoint Worker
2025-10-29 02:53:26,077 | DEBUG | 30000 ms elapsed since last read check. | org.apache.activemq.transport.AbstractInactivityMonitor | ActiveMQ InactivityMonitor ReadCheckTimer
2025-10-29 02:53:26,094 | DEBUG | WriteChecker 10000 ms elapsed since last write check. | org.apache.activemq.transport.AbstractInactivityMonitor | ActiveMQ InactivityMonitor WriteCheckTimer
2025-10-29 02:53:26,095 | DEBUG | Running WriteCheck[tcp://172.18.0.1:49490] | org.apache.activemq.transport.AbstractInactivityMonitor | ActiveMQ InactivityMonitor Worker
2025-10-29 02:53:26,110 | DEBUG | 30000 ms elapsed since last read check. | org.apache.activemq.transport.AbstractInactivityMonitor | ActiveMQ InactivityMonitor ReadCheckTimer
2025-10-29 02:53:26,124 | DEBUG | WriteChecker 10000 ms elapsed since last write check. | org.apache.activemq.transport.AbstractInactivityMonitor | ActiveMQ InactivityMonitor WriteCheckTimer
2025-10-29 02:53:26,124 | DEBUG | Running WriteCheck[tcp://172.18.0.1:49496] | org.apache.activemq.transport.AbstractInactivityMonitor | ActiveMQ InactivityMonitor Worker
2025-10-29 02:53:26,305 | DEBUG | Checkpoint started. | org.apache.activemq.store.kahadb.MessageDatabase | ActiveMQ Journal Checkpoint Worker
2025-10-29 02:53:26,319 | DEBUG | Checkpoint done. | org.apache.activemq.store.kahadb.MessageDatabase | ActiveMQ Journal Checkpoint Worker
2025-10-29 02:53:29,851 | DEBUG | 30001 ms elapsed since last read check. | org.apache.activemq.transport.AbstractInactivityMonitor | ActiveMQ InactivityMonitor ReadCheckTimer
2025-10-29 02:53:29,918 | DEBUG | WriteChecker 10000 ms elapsed since last write check. | org.apache.activemq.transport.AbstractInactivityMonitor | ActiveMQ InactivityMonitor WriteCheckTimer
2025-10-29 02:53:29,919 | DEBUG | Running WriteCheck[tcp://172.18.0.1:40982] | org.apache.activemq.transport.AbstractInactivityMonitor | ActiveMQ InactivityMonitor Worker
2025-10-29 02:53:31,321 | DEBUG | Checkpoint started. | org.apache.activemq.store.kahadb.MessageDatabase | ActiveMQ Journal Checkpoint Worker
2025-10-29 02:53:31,340 | DEBUG | Checkpoint done. | org.apache.activemq.store.kahadb.MessageDatabase | ActiveMQ Journal Checkpoint Worker
2025-10-29 02:53:36,094 | DEBUG | WriteChecker 10000 ms elapsed since last write check. | org.apache.activemq.transport.AbstractInactivityMonitor | ActiveMQ InactivityMonitor WriteCheckTimer
2025-10-29 02:53:36,095 | DEBUG | Running WriteCheck[tcp://172.18.0.1:49490] | org.apache.activemq.transport.AbstractInactivityMonitor | ActiveMQ InactivityMonitor Worker
2025-10-29 02:53:36,124 | DEBUG | WriteChecker 10000 ms elapsed since last write check. | org.apache.activemq.transport.AbstractInactivityMonitor | ActiveMQ InactivityMonitor WriteCheckTimer
2025-10-29 02:53:36,124 | DEBUG | Running WriteCheck[tcp://172.18.0.1:49496] | org.apache.activemq.transport.AbstractInactivityMonitor | ActiveMQ InactivityMonitor Worker
2025-10-29 02:53:36,342 | DEBUG | Checkpoint started. | org.apache.activemq.store.kahadb.MessageDatabase | ActiveMQ Journal Checkpoint Worker
2025-10-29 02:53:36,357 | DEBUG | Checkpoint done. | org.apache.activemq.store.kahadb.MessageDatabase | ActiveMQ Journal Checkpoint Worker
2025-10-29 02:53:39,484 | DEBUG | queue://Consumer.A.VirtualTopic.Analysis expiring messages .. | org.apache.activemq.broker.region.Queue | ActiveMQ Broker[localhost] Scheduler
2025-10-29 02:53:39,485 | DEBUG | Consumer.A.VirtualTopic.Analysis toPageIn: 0, Inflight: 0, pagedInMessages.size 0, enqueueCount: 0, dequeueCount: 0 | org.apache.activemq.broker.region.Queue | ActiveMQ Broker[localhost] Scheduler
2025-10-29 02:53:39,485 | DEBUG | queue://Consumer.A.VirtualTopic.Analysis expiring messages done. | org.apache.activemq.broker.region.Queue | ActiveMQ Broker[localhost] Scheduler
2025-10-29 02:53:39,544 | DEBUG | Creating new instance of XmppTransport | org.apache.activemq.transport.xmpp.XmppTransport | ActiveMQ Transport Server Thread Handler: xmpp://0.0.0.0:61222
2025-10-29 02:53:39,544 | DEBUG | queue://queue.analysis expiring messages .. | org.apache.activemq.broker.region.Queue | ActiveMQ Broker[localhost] Scheduler
2025-10-29 02:53:39,545 | DEBUG | queue.analysis toPageIn: 0, Inflight: 0, pagedInMessages.size 0, enqueueCount: 0, dequeueCount: 0 | org.apache.activemq.broker.region.Queue | ActiveMQ Broker[localhost] Scheduler
2025-10-29 02:53:39,545 | DEBUG | queue://queue.analysis expiring messages done. | org.apache.activemq.broker.region.Queue | ActiveMQ Broker[localhost] Scheduler
2025-10-29 02:53:39,548 | DEBUG | XMPP consumer thread starting | org.apache.activemq.transport.xmpp.XmppTransport | ActiveMQ Transport: tcp:///172.18.0.3:46842@61222
2025-10-29 02:53:39,548 | DEBUG | Sending initial stream element | org.apache.activemq.transport.xmpp.XmppTransport | ActiveMQ BrokerService[localhost] Task-33
2025-10-29 02:53:39,551 | DEBUG | Initial stream element sent! | org.apache.activemq.transport.xmpp.XmppTransport | ActiveMQ BrokerService[localhost] Task-33
2025-10-29 02:53:39,562 | DEBUG | Unmarshalled new incoming event - jabber.client.Iq | org.apache.activemq.transport.xmpp.XmppTransport | ActiveMQ Transport: tcp:///172.18.0.3:46842@61222
2025-10-29 02:53:39,563 | DEBUG | Iq Auth Query to: null type: get from: null id: 79CmJ-0 resource: null username: admin | org.apache.activemq.transport.xmpp.ProtocolConverter | ActiveMQ Transport: tcp:///172.18.0.3:46842@61222
2025-10-29 02:53:39,567 | DEBUG | Unmarshalled new incoming event - jabber.client.Iq | org.apache.activemq.transport.xmpp.XmppTransport | ActiveMQ Transport: tcp:///172.18.0.3:46842@61222
2025-10-29 02:53:39,568 | DEBUG | Iq Auth Query to: null type: set from: null id: 79CmJ-1 resource: Smack username: admin | org.apache.activemq.transport.xmpp.ProtocolConverter | ActiveMQ Transport: tcp:///172.18.0.3:46842@61222
2025-10-29 02:53:39,569 | DEBUG | Setting up new connection id: ID:351d5895b329-37485-1761699249168-2:6, address: tcp://172.18.0.3:46842, info: ConnectionInfo {commandId = 0, responseRequired = true, connectionId = ID:351d5895b329-37485-1761699249168-2:6, clientId = xmpp-37485-1761699249168-3:6, clientIp = null, userName = admin, password = *****, brokerPath = null, brokerMasterConnector = false, manageable = false, clientMaster = true, faultTolerant = false, failoverReconnect = false} | org.apache.activemq.broker.TransportConnection | ActiveMQ Transport: tcp:///172.18.0.3:46842@61222
2025-10-29 02:53:39,572 | DEBUG | Completed create sesssion | org.apache.activemq.transport.xmpp.ProtocolConverter | ActiveMQ Transport: tcp:///172.18.0.3:46842@61222
2025-10-29 02:53:39,573 | DEBUG | Completed create producer | org.apache.activemq.transport.xmpp.ProtocolConverter | ActiveMQ Transport: tcp:///172.18.0.3:46842@61222
2025-10-29 02:53:39,573 | DEBUG | localhost adding consumer: ID:351d5895b329-37485-1761699249168-2:6:-1:1 for destination: topic://admin | org.apache.activemq.broker.region.AbstractRegion | ActiveMQ Transport: tcp:///172.18.0.3:46842@61222
2025-10-29 02:53:39,574 | DEBUG | Setting the maximumPendingMessages size to: 1000 for consumer: ID:351d5895b329-37485-1761699249168-2:6:-1:1 | org.apache.activemq.broker.region.policy.PolicyEntry | ActiveMQ Transport: tcp:///172.18.0.3:46842@61222
2025-10-29 02:53:39,576 | DEBUG | Completed subscribe to destination: topic://admin | org.apache.activemq.transport.xmpp.ProtocolConverter | ActiveMQ Transport: tcp:///172.18.0.3:46842@61222
2025-10-29 02:53:39,576 | DEBUG | localhost adding destination: temp-queue://ID:351d5895b329-37485-1761699249168-2:6:1 | org.apache.activemq.broker.region.AbstractRegion | ActiveMQ Transport: tcp:///172.18.0.3:46842@61222
2025-10-29 02:53:39,581 | DEBUG | ID:351d5895b329-37485-1761699249168-2:6:1 toPageIn: 0, Inflight: 0, pagedInMessages.size 0, enqueueCount: 0, dequeueCount: 0 | org.apache.activemq.broker.region.Queue | ActiveMQ Transport: tcp:///172.18.0.3:46842@61222
2025-10-29 02:53:39,583 | DEBUG | localhost adding consumer: ID:351d5895b329-37485-1761699249168-2:6:-1:2 for destination: temp-queue://ID:351d5895b329-37485-1761699249168-2:6:1 | org.apache.activemq.broker.region.AbstractRegion | ActiveMQ Transport: tcp:///172.18.0.3:46842@61222
2025-10-29 02:53:39,584 | DEBUG | temp-queue://ID:351d5895b329-37485-1761699249168-2:6:1 add sub: QueueSubscription: consumer=ID:351d5895b329-37485-1761699249168-2:6:-1:2, destinations=0, dispatched=0, delivered=0, pending=0, dequeues: 0, dispatched: 0, inflight: 0 | org.apache.activemq.broker.region.Queue | ActiveMQ Transport: tcp:///172.18.0.3:46842@61222
2025-10-29 02:53:39,585 | DEBUG | localhost adding destination: topic://ActiveMQ.Advisory.Consumer.Queue.ID:351d5895b329-37485-1761699249168-2:6:1 | org.apache.activemq.broker.region.AbstractRegion | ActiveMQ Transport: tcp:///172.18.0.3:46842@61222
2025-10-29 02:53:39,588 | DEBUG | Completed subscribe to destination: temp-queue://ID:351d5895b329-37485-1761699249168-2:6:1 | org.apache.activemq.transport.xmpp.ProtocolConverter | ActiveMQ Transport: tcp:///172.18.0.3:46842@61222
2025-10-29 02:53:39,589 | DEBUG | Unmarshalled new incoming event - jabber.client.Iq | org.apache.activemq.transport.xmpp.XmppTransport | ActiveMQ Transport: tcp:///172.18.0.3:46842@61222
2025-10-29 02:53:39,589 | DEBUG | Iq Roster to: null type: get from: null id: 79CmJ-2 item: [] | org.apache.activemq.transport.xmpp.ProtocolConverter | ActiveMQ Transport: tcp:///172.18.0.3:46842@61222
2025-10-29 02:53:39,590 | DEBUG | Unmarshalled new incoming event - jabber.client.Presence | org.apache.activemq.transport.xmpp.XmppTransport | ActiveMQ Transport: tcp:///172.18.0.3:46842@61222
2025-10-29 02:53:39,590 | DEBUG | Presence: null id: 79CmJ-3 to: null type: null showOrStatusOrPriority: [] any: [] | org.apache.activemq.transport.xmpp.ProtocolConverter | ActiveMQ Transport: tcp:///172.18.0.3:46842@61222
2025-10-29 02:53:39,591 | DEBUG | Unable to create destination for null | org.apache.activemq.transport.xmpp.ProtocolConverter | ActiveMQ Transport: tcp:///172.18.0.3:46842@61222
2025-10-29 02:53:39,921 | DEBUG | WriteChecker 10001 ms elapsed since last write check. | org.apache.activemq.transport.AbstractInactivityMonitor | ActiveMQ InactivityMonitor WriteCheckTimer
2025-10-29 02:53:41,360 | DEBUG | Checkpoint started. | org.apache.activemq.store.kahadb.MessageDatabase | ActiveMQ Journal Checkpoint Worker
2025-10-29 02:53:41,374 | DEBUG | Checkpoint done. | org.apache.activemq.store.kahadb.MessageDatabase | ActiveMQ Journal Checkpoint Worker
2025-10-29 02:53:46,094 | DEBUG | WriteChecker 10000 ms elapsed since last write check. | org.apache.activemq.transport.AbstractInactivityMonitor | ActiveMQ InactivityMonitor WriteCheckTimer
2025-10-29 02:53:46,124 | DEBUG | WriteChecker 10000 ms elapsed since last write check. | org.apache.activemq.transport.AbstractInactivityMonitor | ActiveMQ InactivityMonitor WriteCheckTimer
2025-10-29 02:53:46,377 | DEBUG | Checkpoint started. | org.apache.activemq.store.kahadb.MessageDatabase | ActiveMQ Journal Checkpoint Worker
2025-10-29 02:53:46,390 | DEBUG | Checkpoint done. | org.apache.activemq.store.kahadb.MessageDatabase | ActiveMQ Journal Checkpoint Worker
2025-10-29 02:53:49,919 | DEBUG | WriteChecker 10000 ms elapsed since last write check. | org.apache.activemq.transport.AbstractInactivityMonitor | ActiveMQ InactivityMonitor WriteCheckTimer
2025-10-29 02:53:49,924 | DEBUG | Running WriteCheck[tcp://172.18.0.1:40982] | org.apache.activemq.transport.AbstractInactivityMonitor | ActiveMQ InactivityMonitor Worker
2025-10-29 02:53:50,079 | DEBUG | queue://analysis.queue expiring messages .. | org.apache.activemq.broker.region.Queue | ActiveMQ Broker[localhost] Scheduler
2025-10-29 02:53:50,080 | DEBUG | analysis.queue toPageIn: 0, Inflight: 0, pagedInMessages.size 1, enqueueCount: 1, dequeueCount: 0 | org.apache.activemq.broker.region.Queue | ActiveMQ Broker[localhost] Scheduler
2025-10-29 02:53:50,080 | DEBUG | queue://analysis.queue expiring messages done. | org.apache.activemq.broker.region.Queue | ActiveMQ Broker[localhost] Scheduler
2025-10-29 02:53:50,080 | DEBUG | analysis.queue toPageIn: 0, Inflight: 0, pagedInMessages.size 1, enqueueCount: 1, dequeueCount: 0 | org.apache.activemq.broker.region.Queue | ActiveMQ BrokerService[localhost] Task-34
2025-10-29 02:53:51,393 | DEBUG | Checkpoint started. | org.apache.activemq.store.kahadb.MessageDatabase | ActiveMQ Journal Checkpoint Worker
2025-10-29 02:53:51,408 | DEBUG | Checkpoint done. | org.apache.activemq.store.kahadb.MessageDatabase | ActiveMQ Journal Checkpoint Worker
2025-10-29 02:53:56,078 | DEBUG | 30001 ms elapsed since last read check. | org.apache.activemq.transport.AbstractInactivityMonitor | ActiveMQ InactivityMonitor ReadCheckTimer
2025-10-29 02:53:56,094 | DEBUG | WriteChecker 10000 ms elapsed since last write check. | org.apache.activemq.transport.AbstractInactivityMonitor | ActiveMQ InactivityMonitor WriteCheckTimer
2025-10-29 02:53:56,095 | DEBUG | Running WriteCheck[tcp://172.18.0.1:49490] | org.apache.activemq.transport.AbstractInactivityMonitor | ActiveMQ InactivityMonitor Worker
2025-10-29 02:53:56,113 | DEBUG | 30000 ms elapsed since last read check. | org.apache.activemq.transport.AbstractInactivityMonitor | ActiveMQ InactivityMonitor ReadCheckTimer
2025-10-29 02:53:56,124 | DEBUG | WriteChecker 10000 ms elapsed since last write check. | org.apache.activemq.transport.AbstractInactivityMonitor | ActiveMQ InactivityMonitor WriteCheckTimer
2025-10-29 02:53:56,124 | DEBUG | Running WriteCheck[tcp://172.18.0.1:49496] | org.apache.activemq.transport.AbstractInactivityMonitor | ActiveMQ InactivityMonitor Worker
2025-10-29 02:53:56,409 | DEBUG | Checkpoint started. | org.apache.activemq.store.kahadb.MessageDatabase | ActiveMQ Journal Checkpoint Worker
2025-10-29 02:53:56,424 | DEBUG | Checkpoint done. | org.apache.activemq.store.kahadb.MessageDatabase | ActiveMQ Journal Checkpoint Worker
2025-10-29 02:53:59,851 | DEBUG | 30000 ms elapsed since last read check. | org.apache.activemq.transport.AbstractInactivityMonitor | ActiveMQ InactivityMonitor ReadCheckTimer
2025-10-29 02:53:59,920 | DEBUG | WriteChecker 10001 ms elapsed since last write check. | org.apache.activemq.transport.AbstractInactivityMonitor | ActiveMQ InactivityMonitor WriteCheckTimer
2025-10-29 02:53:59,920 | DEBUG | Running WriteCheck[tcp://172.18.0.1:40982] | org.apache.activemq.transport.AbstractInactivityMonitor | ActiveMQ InactivityMonitor Worker
2025-10-29 02:54:01,426 | DEBUG | Checkpoint started. | org.apache.activemq.store.kahadb.MessageDatabase | ActiveMQ Journal Checkpoint Worker
2025-10-29 02:54:01,439 | DEBUG | Checkpoint done. | org.apache.activemq.store.kahadb.MessageDatabase | ActiveMQ Journal Checkpoint Worker
2025-10-29 02:54:05,354 | DEBUG | Unmarshalled new incoming event - jabber.client.Presence | org.apache.activemq.transport.xmpp.XmppTransport | ActiveMQ Transport: tcp:///172.18.0.3:46842@61222
2025-10-29 02:54:05,354 | DEBUG | Presence: null id: 79CmJ-4 to: analysis.request@conference.localhost/spring type: null showOrStatusOrPriority: [] any: [org.jabber.protocol.muc.X@68f5634a] | org.apache.activemq.transport.xmpp.ProtocolConverter | ActiveMQ Transport: tcp:///172.18.0.3:46842@61222
2025-10-29 02:54:05,355 | DEBUG | localhost adding consumer: ID:351d5895b329-37485-1761699249168-2:6:-1:3 for destination: topic://analysis.request | org.apache.activemq.broker.region.AbstractRegion | ActiveMQ Transport: tcp:///172.18.0.3:46842@61222
2025-10-29 02:54:05,355 | DEBUG | Setting the maximumPendingMessages size to: 1000 for consumer: ID:351d5895b329-37485-1761699249168-2:6:-1:3 | org.apache.activemq.broker.region.policy.PolicyEntry | ActiveMQ Transport: tcp:///172.18.0.3:46842@61222
2025-10-29 02:54:05,357 | DEBUG | Completed subscribe to destination: topic://analysis.request | org.apache.activemq.transport.xmpp.ProtocolConverter | ActiveMQ Transport: tcp:///172.18.0.3:46842@61222
2025-10-29 02:54:05,357 | DEBUG | Unmarshalled new incoming event - jabber.client.Message | org.apache.activemq.transport.xmpp.XmppTransport | ActiveMQ Transport: tcp:///172.18.0.3:46842@61222
2025-10-29 02:54:05,358 | DEBUG | Message from: null to: analysis.request@conference.localhost subjectOrBodyOrThread: [jabber.client.Body@1771c0d3] | org.apache.activemq.transport.xmpp.ProtocolConverter | ActiveMQ Transport: tcp:///172.18.0.3:46842@61222
2025-10-29 02:54:05,358 | INFO  | Setting reply to destination to: temp-queue://ID:351d5895b329-37485-1761699249168-2:6:1 | org.apache.activemq.transport.xmpp.ProtocolConverter | ActiveMQ Transport: tcp:///172.18.0.3:46842@61222
2025-10-29 02:54:05,359 | DEBUG | Sending ActiveMQ message: ActiveMQTextMessage {commandId = 0, responseRequired = false, messageId = ID:351d5895b329-37485-1761699249168-2:6:-1:1:1, originalDestination = null, originalTransactionId = null, producerId = ID:351d5895b329-37485-1761699249168-2:6:-1:1, destination = topic://analysis.request, transactionId = null, expiration = 0, timestamp = 1761706445358, arrival = 0, brokerInTime = 0, brokerOutTime = 0, correlationId = null, replyTo = temp-queue://ID:351d5895b329-37485-1761699249168-2:6:1, persistent = false, type = groupchat, priority = 0, groupID = null, groupSequence = 0, targetConsumerId = null, compressed = false, userID = null, content = null, marshalledProperties = null, dataStructure = null, redeliveryCounter = 0, size = 0, properties = {XMPPLang=null, XMPPFrom=null, XMPPID=79CmJ-5, XMPPTo=analysis.request@conference.localhost}, readOnlyProperties = false, readOnlyBody = false, droppable = false, text = {"name":"hotyDev1","email":"iiec1337.2@gmail....cket":"apk"}} | org.apache.activemq.transport.xmpp.ProtocolConverter | ActiveMQ Transport: tcp:///172.18.0.3:46842@61222
2025-10-29 02:54:05,361 | DEBUG | Completed send message | org.apache.activemq.transport.xmpp.ProtocolConverter | ActiveMQ Transport: tcp:///172.18.0.3:46842@61222
2025-10-29 02:54:05,438 | DEBUG | localhost Message ID:Vyacheslav-65323-1761704775945-1:1:1:1:2 sent to queue://analysis.queue | org.apache.activemq.broker.region.Queue | ActiveMQ Transport: tcp:///172.18.0.1:49490@61616
2025-10-29 02:54:05,440 | DEBUG | analysis.queue toPageIn: 1, Inflight: 0, pagedInMessages.size 1, enqueueCount: 2, dequeueCount: 0 | org.apache.activemq.broker.region.Queue | ActiveMQ BrokerService[localhost] Task-33
2025-10-29 02:54:06,094 | DEBUG | WriteChecker 10000 ms elapsed since last write check. | org.apache.activemq.transport.AbstractInactivityMonitor | ActiveMQ InactivityMonitor WriteCheckTimer
2025-10-29 02:54:06,124 | DEBUG | WriteChecker 10000 ms elapsed since last write check. | org.apache.activemq.transport.AbstractInactivityMonitor | ActiveMQ InactivityMonitor WriteCheckTimer
2025-10-29 02:54:06,441 | DEBUG | Checkpoint started. | org.apache.activemq.store.kahadb.MessageDatabase | ActiveMQ Journal Checkpoint Worker
2025-10-29 02:54:06,460 | DEBUG | Checkpoint done. | org.apache.activemq.store.kahadb.MessageDatabase | ActiveMQ Journal Checkpoint Worker
2025-10-29 02:54:09,483 | DEBUG | queue://Consumer.A.VirtualTopic.Analysis expiring messages .. | org.apache.activemq.broker.region.Queue | ActiveMQ Broker[localhost] Scheduler
2025-10-29 02:54:09,484 | DEBUG | Consumer.A.VirtualTopic.Analysis toPageIn: 0, Inflight: 0, pagedInMessages.size 0, enqueueCount: 0, dequeueCount: 0 | org.apache.activemq.broker.region.Queue | ActiveMQ Broker[localhost] Scheduler
2025-10-29 02:54:09,485 | DEBUG | queue://Consumer.A.VirtualTopic.Analysis expiring messages done. | org.apache.activemq.broker.region.Queue | ActiveMQ Broker[localhost] Scheduler
2025-10-29 02:54:09,545 | DEBUG | queue://queue.analysis expiring messages .. | org.apache.activemq.broker.region.Queue | ActiveMQ Broker[localhost] Scheduler
2025-10-29 02:54:09,545 | DEBUG | queue.analysis toPageIn: 0, Inflight: 0, pagedInMessages.size 0, enqueueCount: 0, dequeueCount: 0 | org.apache.activemq.broker.region.Queue | ActiveMQ Broker[localhost] Scheduler
2025-10-29 02:54:09,546 | DEBUG | queue://queue.analysis expiring messages done. | org.apache.activemq.broker.region.Queue | ActiveMQ Broker[localhost] Scheduler
2025-10-29 02:54:09,581 | DEBUG | temp-queue://ID:351d5895b329-37485-1761699249168-2:6:1 expiring messages .. | org.apache.activemq.broker.region.Queue | ActiveMQ Broker[localhost] Scheduler
2025-10-29 02:54:09,582 | DEBUG | ID:351d5895b329-37485-1761699249168-2:6:1 toPageIn: 0, Inflight: 0, pagedInMessages.size 0, enqueueCount: 0, dequeueCount: 0 | org.apache.activemq.broker.region.Queue | ActiveMQ Broker[localhost] Scheduler
2025-10-29 02:54:09,582 | DEBUG | temp-queue://ID:351d5895b329-37485-1761699249168-2:6:1 expiring messages done. | org.apache.activemq.broker.region.Queue | ActiveMQ Broker[localhost] Scheduler
2025-10-29 02:54:09,920 | DEBUG | WriteChecker 10000 ms elapsed since last write check. | org.apache.activemq.transport.AbstractInactivityMonitor | ActiveMQ InactivityMonitor WriteCheckTimer
2025-10-29 02:54:11,463 | DEBUG | Checkpoint started. | org.apache.activemq.store.kahadb.MessageDatabase | ActiveMQ Journal Checkpoint Worker
2025-10-29 02:54:11,479 | DEBUG | Checkpoint done. | org.apache.activemq.store.kahadb.MessageDatabase | ActiveMQ Journal Checkpoint Worker
2025-10-29 02:54:16,094 | DEBUG | WriteChecker 10000 ms elapsed since last write check. | org.apache.activemq.transport.AbstractInactivityMonitor | ActiveMQ InactivityMonitor WriteCheckTimer
2025-10-29 02:54:16,096 | DEBUG | Running WriteCheck[tcp://172.18.0.1:49490] | org.apache.activemq.transport.AbstractInactivityMonitor | ActiveMQ InactivityMonitor Worker
2025-10-29 02:54:16,124 | DEBUG | WriteChecker 10000 ms elapsed since last write check. | org.apache.activemq.transport.AbstractInactivityMonitor | ActiveMQ InactivityMonitor WriteCheckTimer
2025-10-29 02:54:16,125 | DEBUG | Running WriteCheck[tcp://172.18.0.1:49496] | org.apache.activemq.transport.AbstractInactivityMonitor | ActiveMQ InactivityMonitor Worker
2025-10-29 02:54:16,482 | DEBUG | Checkpoint started. | org.apache.activemq.store.kahadb.MessageDatabase | ActiveMQ Journal Checkpoint Worker
2025-10-29 02:54:16,496 | DEBUG | Checkpoint done. | org.apache.activemq.store.kahadb.MessageDatabase | ActiveMQ Journal Checkpoint Worker
2025-10-29 02:54:19,920 | DEBUG | WriteChecker 10000 ms elapsed since last write check. | org.apache.activemq.transport.AbstractInactivityMonitor | ActiveMQ InactivityMonitor WriteCheckTimer
2025-10-29 02:54:19,921 | DEBUG | Running WriteCheck[tcp://172.18.0.1:40982] | org.apache.activemq.transport.AbstractInactivityMonitor | ActiveMQ InactivityMonitor Worker
2025-10-29 02:54:20,079 | DEBUG | queue://analysis.queue expiring messages .. | org.apache.activemq.broker.region.Queue | ActiveMQ Broker[localhost] Scheduler
2025-10-29 02:54:20,079 | DEBUG | analysis.queue toPageIn: 1, Inflight: 0, pagedInMessages.size 1, enqueueCount: 2, dequeueCount: 0 | org.apache.activemq.broker.region.Queue | ActiveMQ Broker[localhost] Scheduler
2025-10-29 02:54:20,081 | DEBUG | queue://analysis.queue expiring messages done. | org.apache.activemq.broker.region.Queue | ActiveMQ Broker[localhost] Scheduler
2025-10-29 02:54:20,081 | DEBUG | analysis.queue toPageIn: 0, Inflight: 0, pagedInMessages.size 2, enqueueCount: 2, dequeueCount: 0 | org.apache.activemq.broker.region.Queue | ActiveMQ BrokerService[localhost] Task-33
2025-10-29 02:54:20,082 | DEBUG | analysis.queue toPageIn: 0, Inflight: 0, pagedInMessages.size 2, enqueueCount: 2, dequeueCount: 0 | org.apache.activemq.broker.region.Queue | ActiveMQ BrokerService[localhost] Task-33
2025-10-29 02:54:21,499 | DEBUG | Checkpoint started. | org.apache.activemq.store.kahadb.MessageDatabase | ActiveMQ Journal Checkpoint Worker
2025-10-29 02:54:21,514 | DEBUG | Checkpoint done. | org.apache.activemq.store.kahadb.MessageDatabase | ActiveMQ Journal Checkpoint Worker
2025-10-29 02:54:26,078 | DEBUG | 30000 ms elapsed since last read check. | org.apache.activemq.transport.AbstractInactivityMonitor | ActiveMQ InactivityMonitor ReadCheckTimer
2025-10-29 02:54:26,094 | DEBUG | WriteChecker 10000 ms elapsed since last write check. | org.apache.activemq.transport.AbstractInactivityMonitor | ActiveMQ InactivityMonitor WriteCheckTimer
2025-10-29 02:54:26,094 | DEBUG | Running WriteCheck[tcp://172.18.0.1:49490] | org.apache.activemq.transport.AbstractInactivityMonitor | ActiveMQ InactivityMonitor Worker
2025-10-29 02:54:26,111 | DEBUG | 30001 ms elapsed since last read check. | org.apache.activemq.transport.AbstractInactivityMonitor | ActiveMQ InactivityMonitor ReadCheckTimer
2025-10-29 02:54:26,124 | DEBUG | WriteChecker 10000 ms elapsed since last write check. | org.apache.activemq.transport.AbstractInactivityMonitor | ActiveMQ InactivityMonitor WriteCheckTimer
2025-10-29 02:54:26,125 | DEBUG | Running WriteCheck[tcp://172.18.0.1:49496] | org.apache.activemq.transport.AbstractInactivityMonitor | ActiveMQ InactivityMonitor Worker
2025-10-29 02:54:26,516 | DEBUG | Checkpoint started. | org.apache.activemq.store.kahadb.MessageDatabase | ActiveMQ Journal Checkpoint Worker
2025-10-29 02:54:26,531 | DEBUG | Checkpoint done. | org.apache.activemq.store.kahadb.MessageDatabase | ActiveMQ Journal Checkpoint Worker
2025-10-29 02:54:29,852 | DEBUG | 30001 ms elapsed since last read check. | org.apache.activemq.transport.AbstractInactivityMonitor | ActiveMQ InactivityMonitor ReadCheckTimer
2025-10-29 02:54:29,920 | DEBUG | WriteChecker 10000 ms elapsed since last write check. | org.apache.activemq.transport.AbstractInactivityMonitor | ActiveMQ InactivityMonitor WriteCheckTimer
2025-10-29 02:54:29,921 | DEBUG | Running WriteCheck[tcp://172.18.0.1:40982] | org.apache.activemq.transport.AbstractInactivityMonitor | ActiveMQ InactivityMonitor Worker
2025-10-29 02:54:31,533 | DEBUG | Checkpoint started. | org.apache.activemq.store.kahadb.MessageDatabase | ActiveMQ Journal Checkpoint Worker
2025-10-29 02:54:31,547 | DEBUG | Checkpoint done. | org.apache.activemq.store.kahadb.MessageDatabase | ActiveMQ Journal Checkpoint Worker
2025-10-29 02:54:36,094 | DEBUG | WriteChecker 10000 ms elapsed since last write check. | org.apache.activemq.transport.AbstractInactivityMonitor | ActiveMQ InactivityMonitor WriteCheckTimer
2025-10-29 02:54:36,094 | DEBUG | Running WriteCheck[tcp://172.18.0.1:49490] | org.apache.activemq.transport.AbstractInactivityMonitor | ActiveMQ InactivityMonitor Worker
2025-10-29 02:54:36,124 | DEBUG | WriteChecker 10000 ms elapsed since last write check. | org.apache.activemq.transport.AbstractInactivityMonitor | ActiveMQ InactivityMonitor WriteCheckTimer
2025-10-29 02:54:36,125 | DEBUG | Running WriteCheck[tcp://172.18.0.1:49496] | org.apache.activemq.transport.AbstractInactivityMonitor | ActiveMQ InactivityMonitor Worker
2025-10-29 02:54:36,549 | DEBUG | Checkpoint started. | org.apache.activemq.store.kahadb.MessageDatabase | ActiveMQ Journal Checkpoint Worker
2025-10-29 02:54:36,564 | DEBUG | Checkpoint done. | org.apache.activemq.store.kahadb.MessageDatabase | ActiveMQ Journal Checkpoint Worker
2025-10-29 02:54:39,483 | DEBUG | queue://Consumer.A.VirtualTopic.Analysis expiring messages .. | org.apache.activemq.broker.region.Queue | ActiveMQ Broker[localhost] Scheduler
2025-10-29 02:54:39,484 | DEBUG | Consumer.A.VirtualTopic.Analysis toPageIn: 0, Inflight: 0, pagedInMessages.size 0, enqueueCount: 0, dequeueCount: 0 | org.apache.activemq.broker.region.Queue | ActiveMQ Broker[localhost] Scheduler
2025-10-29 02:54:39,484 | DEBUG | queue://Consumer.A.VirtualTopic.Analysis expiring messages done. | org.apache.activemq.broker.region.Queue | ActiveMQ Broker[localhost] Scheduler
2025-10-29 02:54:39,544 | DEBUG | queue://queue.analysis expiring messages .. | org.apache.activemq.broker.region.Queue | ActiveMQ Broker[localhost] Scheduler
2025-10-29 02:54:39,545 | DEBUG | queue.analysis toPageIn: 0, Inflight: 0, pagedInMessages.size 0, enqueueCount: 0, dequeueCount: 0 | org.apache.activemq.broker.region.Queue | ActiveMQ Broker[localhost] Scheduler
2025-10-29 02:54:39,545 | DEBUG | queue://queue.analysis expiring messages done. | org.apache.activemq.broker.region.Queue | ActiveMQ Broker[localhost] Scheduler
2025-10-29 02:54:39,582 | DEBUG | temp-queue://ID:351d5895b329-37485-1761699249168-2:6:1 expiring messages .. | org.apache.activemq.broker.region.Queue | ActiveMQ Broker[localhost] Scheduler
2025-10-29 02:54:39,582 | DEBUG | ID:351d5895b329-37485-1761699249168-2:6:1 toPageIn: 0, Inflight: 0, pagedInMessages.size 0, enqueueCount: 0, dequeueCount: 0 | org.apache.activemq.broker.region.Queue | ActiveMQ Broker[localhost] Scheduler
2025-10-29 02:54:39,582 | DEBUG | temp-queue://ID:351d5895b329-37485-1761699249168-2:6:1 expiring messages done. | org.apache.activemq.broker.region.Queue | ActiveMQ Broker[localhost] Scheduler
2025-10-29 02:54:39,920 | DEBUG | WriteChecker 10000 ms elapsed since last write check. | org.apache.activemq.transport.AbstractInactivityMonitor | ActiveMQ InactivityMonitor WriteCheckTimer
2025-10-29 02:54:39,921 | DEBUG | Running WriteCheck[tcp://172.18.0.1:40982] | org.apache.activemq.transport.AbstractInactivityMonitor | ActiveMQ InactivityMonitor Worker
2025-10-29 02:54:41,567 | DEBUG | Checkpoint started. | org.apache.activemq.store.kahadb.MessageDatabase | ActiveMQ Journal Checkpoint Worker
2025-10-29 02:54:41,586 | DEBUG | Checkpoint done. | org.apache.activemq.store.kahadb.MessageDatabase | ActiveMQ Journal Checkpoint Worker
2025-10-29 02:54:46,094 | DEBUG | WriteChecker 10000 ms elapsed since last write check. | org.apache.activemq.transport.AbstractInactivityMonitor | ActiveMQ InactivityMonitor WriteCheckTimer
2025-10-29 02:54:46,094 | DEBUG | Running WriteCheck[tcp://172.18.0.1:49490] | org.apache.activemq.transport.AbstractInactivityMonitor | ActiveMQ InactivityMonitor Worker
2025-10-29 02:54:46,125 | DEBUG | WriteChecker 10001 ms elapsed since last write check. | org.apache.activemq.transport.AbstractInactivityMonitor | ActiveMQ InactivityMonitor WriteCheckTimer
2025-10-29 02:54:46,125 | DEBUG | Running WriteCheck[tcp://172.18.0.1:49496] | org.apache.activemq.transport.AbstractInactivityMonitor | ActiveMQ InactivityMonitor Worker
2025-10-29 02:54:46,589 | DEBUG | Checkpoint started. | org.apache.activemq.store.kahadb.MessageDatabase | ActiveMQ Journal Checkpoint Worker
2025-10-29 02:54:46,604 | DEBUG | Checkpoint done. | org.apache.activemq.store.kahadb.MessageDatabase | ActiveMQ Journal Checkpoint Worker
2025-10-29 02:54:49,920 | DEBUG | WriteChecker 10000 ms elapsed since last write check. | org.apache.activemq.transport.AbstractInactivityMonitor | ActiveMQ InactivityMonitor WriteCheckTimer
2025-10-29 02:54:49,921 | DEBUG | Running WriteCheck[tcp://172.18.0.1:40982] | org.apache.activemq.transport.AbstractInactivityMonitor | ActiveMQ InactivityMonitor Worker
2025-10-29 02:54:50,079 | DEBUG | queue://analysis.queue expiring messages .. | org.apache.activemq.broker.region.Queue | ActiveMQ Broker[localhost] Scheduler
2025-10-29 02:54:50,080 | DEBUG | analysis.queue toPageIn: 0, Inflight: 0, pagedInMessages.size 2, enqueueCount: 2, dequeueCount: 0 | org.apache.activemq.broker.region.Queue | ActiveMQ Broker[localhost] Scheduler
2025-10-29 02:54:50,080 | DEBUG | queue://analysis.queue expiring messages done. | org.apache.activemq.broker.region.Queue | ActiveMQ Broker[localhost] Scheduler
2025-10-29 02:54:50,080 | DEBUG | analysis.queue toPageIn: 0, Inflight: 0, pagedInMessages.size 2, enqueueCount: 2, dequeueCount: 0 | org.apache.activemq.broker.region.Queue | ActiveMQ BrokerService[localhost] Task-33
2025-10-29 02:54:51,608 | DEBUG | Checkpoint started. | org.apache.activemq.store.kahadb.MessageDatabase | ActiveMQ Journal Checkpoint Worker
2025-10-29 02:54:51,621 | DEBUG | Checkpoint done. | org.apache.activemq.store.kahadb.MessageDatabase | ActiveMQ Journal Checkpoint Worker
2025-10-29 02:54:56,078 | DEBUG | 30000 ms elapsed since last read check. | org.apache.activemq.transport.AbstractInactivityMonitor | ActiveMQ InactivityMonitor ReadCheckTimer
2025-10-29 02:54:56,095 | DEBUG | WriteChecker 10001 ms elapsed since last write check. | org.apache.activemq.transport.AbstractInactivityMonitor | ActiveMQ InactivityMonitor WriteCheckTimer
2025-10-29 02:54:56,095 | DEBUG | Running WriteCheck[tcp://172.18.0.1:49490] | org.apache.activemq.transport.AbstractInactivityMonitor | ActiveMQ InactivityMonitor Worker
2025-10-29 02:54:56,110 | DEBUG | 29999 ms elapsed since last read check. | org.apache.activemq.transport.AbstractInactivityMonitor | ActiveMQ InactivityMonitor ReadCheckTimer
2025-10-29 02:54:56,126 | DEBUG | WriteChecker 10001 ms elapsed since last write check. | org.apache.activemq.transport.AbstractInactivityMonitor | ActiveMQ InactivityMonitor WriteCheckTimer
2025-10-29 02:54:56,127 | DEBUG | Running WriteCheck[tcp://172.18.0.1:49496] | org.apache.activemq.transport.AbstractInactivityMonitor | ActiveMQ InactivityMonitor Worker
2025-10-29 02:54:56,623 | DEBUG | Checkpoint started. | org.apache.activemq.store.kahadb.MessageDatabase | ActiveMQ Journal Checkpoint Worker
2025-10-29 02:54:56,637 | DEBUG | Checkpoint done. | org.apache.activemq.store.kahadb.MessageDatabase | ActiveMQ Journal Checkpoint Worker
2025-10-29 02:54:59,853 | DEBUG | 30001 ms elapsed since last read check. | org.apache.activemq.transport.AbstractInactivityMonitor | ActiveMQ InactivityMonitor ReadCheckTimer
2025-10-29 02:54:59,920 | DEBUG | WriteChecker 10000 ms elapsed since last write check. | org.apache.activemq.transport.AbstractInactivityMonitor | ActiveMQ InactivityMonitor WriteCheckTimer
2025-10-29 02:54:59,921 | DEBUG | Running WriteCheck[tcp://172.18.0.1:40982] | org.apache.activemq.transport.AbstractInactivityMonitor | ActiveMQ InactivityMonitor Worker
2025-10-29 02:55:01,640 | DEBUG | Checkpoint started. | org.apache.activemq.store.kahadb.MessageDatabase | ActiveMQ Journal Checkpoint Worker
2025-10-29 02:55:01,653 | DEBUG | Checkpoint done. | org.apache.activemq.store.kahadb.MessageDatabase | ActiveMQ Journal Checkpoint Worker
2025-10-29 02:55:06,095 | DEBUG | WriteChecker 10000 ms elapsed since last write check. | org.apache.activemq.transport.AbstractInactivityMonitor | ActiveMQ InactivityMonitor WriteCheckTimer
2025-10-29 02:55:06,095 | DEBUG | Running WriteCheck[tcp://172.18.0.1:49490] | org.apache.activemq.transport.AbstractInactivityMonitor | ActiveMQ InactivityMonitor Worker
2025-10-29 02:55:06,127 | DEBUG | WriteChecker 10001 ms elapsed since last write check. | org.apache.activemq.transport.AbstractInactivityMonitor | ActiveMQ InactivityMonitor WriteCheckTimer
2025-10-29 02:55:06,127 | DEBUG | Running WriteCheck[tcp://172.18.0.1:49496] | org.apache.activemq.transport.AbstractInactivityMonitor | ActiveMQ InactivityMonitor Worker
2025-10-29 02:55:06,655 | DEBUG | Checkpoint started. | org.apache.activemq.store.kahadb.MessageDatabase | ActiveMQ Journal Checkpoint Worker
2025-10-29 02:55:06,670 | DEBUG | Checkpoint done. | org.apache.activemq.store.kahadb.MessageDatabase | ActiveMQ Journal Checkpoint Worker
2025-10-29 02:55:09,484 | DEBUG | queue://Consumer.A.VirtualTopic.Analysis expiring messages .. | org.apache.activemq.broker.region.Queue | ActiveMQ Broker[localhost] Scheduler
2025-10-29 02:55:09,484 | DEBUG | Consumer.A.VirtualTopic.Analysis toPageIn: 0, Inflight: 0, pagedInMessages.size 0, enqueueCount: 0, dequeueCount: 0 | org.apache.activemq.broker.region.Queue | ActiveMQ Broker[localhost] Scheduler
2025-10-29 02:55:09,485 | DEBUG | queue://Consumer.A.VirtualTopic.Analysis expiring messages done. | org.apache.activemq.broker.region.Queue | ActiveMQ Broker[localhost] Scheduler
2025-10-29 02:55:09,544 | DEBUG | queue://queue.analysis expiring messages .. | org.apache.activemq.broker.region.Queue | ActiveMQ Broker[localhost] Scheduler
2025-10-29 02:55:09,544 | DEBUG | queue.analysis toPageIn: 0, Inflight: 0, pagedInMessages.size 0, enqueueCount: 0, dequeueCount: 0 | org.apache.activemq.broker.region.Queue | ActiveMQ Broker[localhost] Scheduler
2025-10-29 02:55:09,545 | DEBUG | queue://queue.analysis expiring messages done. | org.apache.activemq.broker.region.Queue | ActiveMQ Broker[localhost] Scheduler
2025-10-29 02:55:09,583 | DEBUG | temp-queue://ID:351d5895b329-37485-1761699249168-2:6:1 expiring messages .. | org.apache.activemq.broker.region.Queue | ActiveMQ Broker[localhost] Scheduler
2025-10-29 02:55:09,583 | DEBUG | ID:351d5895b329-37485-1761699249168-2:6:1 toPageIn: 0, Inflight: 0, pagedInMessages.size 0, enqueueCount: 0, dequeueCount: 0 | org.apache.activemq.broker.region.Queue | ActiveMQ Broker[localhost] Scheduler
2025-10-29 02:55:09,583 | DEBUG | temp-queue://ID:351d5895b329-37485-1761699249168-2:6:1 expiring messages done. | org.apache.activemq.broker.region.Queue | ActiveMQ Broker[localhost] Scheduler
2025-10-29 02:55:09,920 | DEBUG | WriteChecker 10000 ms elapsed since last write check. | org.apache.activemq.transport.AbstractInactivityMonitor | ActiveMQ InactivityMonitor WriteCheckTimer
2025-10-29 02:55:09,921 | DEBUG | Running WriteCheck[tcp://172.18.0.1:40982] | org.apache.activemq.transport.AbstractInactivityMonitor | ActiveMQ InactivityMonitor Worker
2025-10-29 02:55:11,672 | DEBUG | Checkpoint started. | org.apache.activemq.store.kahadb.MessageDatabase | ActiveMQ Journal Checkpoint Worker
2025-10-29 02:55:11,688 | DEBUG | Checkpoint done. | org.apache.activemq.store.kahadb.MessageDatabase | ActiveMQ Journal Checkpoint Worker
2025-10-29 02:55:16,096 | DEBUG | WriteChecker 10001 ms elapsed since last write check. | org.apache.activemq.transport.AbstractInactivityMonitor | ActiveMQ InactivityMonitor WriteCheckTimer
2025-10-29 02:55:16,096 | DEBUG | Running WriteCheck[tcp://172.18.0.1:49490] | org.apache.activemq.transport.AbstractInactivityMonitor | ActiveMQ InactivityMonitor Worker
2025-10-29 02:55:16,127 | DEBUG | WriteChecker 10000 ms elapsed since last write check. | org.apache.activemq.transport.AbstractInactivityMonitor | ActiveMQ InactivityMonitor WriteCheckTimer
2025-10-29 02:55:16,128 | DEBUG | Running WriteCheck[tcp://172.18.0.1:49496] | org.apache.activemq.transport.AbstractInactivityMonitor | ActiveMQ InactivityMonitor Worker
2025-10-29 02:55:16,692 | DEBUG | Checkpoint started. | org.apache.activemq.store.kahadb.MessageDatabase | ActiveMQ Journal Checkpoint Worker
2025-10-29 02:55:16,705 | DEBUG | Checkpoint done. | org.apache.activemq.store.kahadb.MessageDatabase | ActiveMQ Journal Checkpoint Worker
2025-10-29 02:55:19,920 | DEBUG | WriteChecker 10000 ms elapsed since last write check. | org.apache.activemq.transport.AbstractInactivityMonitor | ActiveMQ InactivityMonitor WriteCheckTimer
2025-10-29 02:55:19,921 | DEBUG | Running WriteCheck[tcp://172.18.0.1:40982] | org.apache.activemq.transport.AbstractInactivityMonitor | ActiveMQ InactivityMonitor Worker
2025-10-29 02:55:20,080 | DEBUG | queue://analysis.queue expiring messages .. | org.apache.activemq.broker.region.Queue | ActiveMQ Broker[localhost] Scheduler
2025-10-29 02:55:20,080 | DEBUG | analysis.queue toPageIn: 0, Inflight: 0, pagedInMessages.size 2, enqueueCount: 2, dequeueCount: 0 | org.apache.activemq.broker.region.Queue | ActiveMQ Broker[localhost] Scheduler
2025-10-29 02:55:20,080 | DEBUG | queue://analysis.queue expiring messages done. | org.apache.activemq.broker.region.Queue | ActiveMQ Broker[localhost] Scheduler
2025-10-29 02:55:20,081 | DEBUG | analysis.queue toPageIn: 0, Inflight: 0, pagedInMessages.size 2, enqueueCount: 2, dequeueCount: 0 | org.apache.activemq.broker.region.Queue | ActiveMQ BrokerService[localhost] Task-33
2025-10-29 02:55:21,708 | DEBUG | Checkpoint started. | org.apache.activemq.store.kahadb.MessageDatabase | ActiveMQ Journal Checkpoint Worker
2025-10-29 02:55:21,724 | DEBUG | Checkpoint done. | org.apache.activemq.store.kahadb.MessageDatabase | ActiveMQ Journal Checkpoint Worker
2025-10-29 02:55:26,078 | DEBUG | 30000 ms elapsed since last read check. | org.apache.activemq.transport.AbstractInactivityMonitor | ActiveMQ InactivityMonitor ReadCheckTimer
2025-10-29 02:55:26,096 | DEBUG | WriteChecker 10000 ms elapsed since last write check. | org.apache.activemq.transport.AbstractInactivityMonitor | ActiveMQ InactivityMonitor WriteCheckTimer
2025-10-29 02:55:26,096 | DEBUG | Running WriteCheck[tcp://172.18.0.1:49490] | org.apache.activemq.transport.AbstractInactivityMonitor | ActiveMQ InactivityMonitor Worker
2025-10-29 02:55:26,110 | DEBUG | 30000 ms elapsed since last read check. | org.apache.activemq.transport.AbstractInactivityMonitor | ActiveMQ InactivityMonitor ReadCheckTimer
2025-10-29 02:55:26,127 | DEBUG | WriteChecker 10000 ms elapsed since last write check. | org.apache.activemq.transport.AbstractInactivityMonitor | ActiveMQ InactivityMonitor WriteCheckTimer
2025-10-29 02:55:26,128 | DEBUG | Running WriteCheck[tcp://172.18.0.1:49496] | org.apache.activemq.transport.AbstractInactivityMonitor | ActiveMQ InactivityMonitor Worker
2025-10-29 02:55:26,724 | DEBUG | Checkpoint started. | org.apache.activemq.store.kahadb.MessageDatabase | ActiveMQ Journal Checkpoint Worker
2025-10-29 02:55:26,740 | DEBUG | Checkpoint done. | org.apache.activemq.store.kahadb.MessageDatabase | ActiveMQ Journal Checkpoint Worker
2025-10-29 02:55:29,854 | DEBUG | 30001 ms elapsed since last read check. | org.apache.activemq.transport.AbstractInactivityMonitor | ActiveMQ InactivityMonitor ReadCheckTimer
2025-10-29 02:55:29,920 | DEBUG | WriteChecker 10000 ms elapsed since last write check. | org.apache.activemq.transport.AbstractInactivityMonitor | ActiveMQ InactivityMonitor WriteCheckTimer
2025-10-29 02:55:29,921 | DEBUG | Running WriteCheck[tcp://172.18.0.1:40982] | org.apache.activemq.transport.AbstractInactivityMonitor | ActiveMQ InactivityMonitor Worker
2025-10-29 02:55:31,742 | DEBUG | Checkpoint started. | org.apache.activemq.store.kahadb.MessageDatabase | ActiveMQ Journal Checkpoint Worker
2025-10-29 02:55:31,754 | DEBUG | Checkpoint done. | org.apache.activemq.store.kahadb.MessageDatabase | ActiveMQ Journal Checkpoint Worker
2025-10-29 02:55:36,096 | DEBUG | WriteChecker 10000 ms elapsed since last write check. | org.apache.activemq.transport.AbstractInactivityMonitor | ActiveMQ InactivityMonitor WriteCheckTimer
2025-10-29 02:55:36,097 | DEBUG | Running WriteCheck[tcp://172.18.0.1:49490] | org.apache.activemq.transport.AbstractInactivityMonitor | ActiveMQ InactivityMonitor Worker
2025-10-29 02:55:36,127 | DEBUG | WriteChecker 10000 ms elapsed since last write check. | org.apache.activemq.transport.AbstractInactivityMonitor | ActiveMQ InactivityMonitor WriteCheckTimer
2025-10-29 02:55:36,127 | DEBUG | Running WriteCheck[tcp://172.18.0.1:49496] | org.apache.activemq.transport.AbstractInactivityMonitor | ActiveMQ InactivityMonitor Worker
2025-10-29 02:55:36,757 | DEBUG | Checkpoint started. | org.apache.activemq.store.kahadb.MessageDatabase | ActiveMQ Journal Checkpoint Worker
2025-10-29 02:55:36,771 | DEBUG | Checkpoint done. | org.apache.activemq.store.kahadb.MessageDatabase | ActiveMQ Journal Checkpoint Worker
2025-10-29 02:55:39,484 | DEBUG | queue://Consumer.A.VirtualTopic.Analysis expiring messages .. | org.apache.activemq.broker.region.Queue | ActiveMQ Broker[localhost] Scheduler
2025-10-29 02:55:39,484 | DEBUG | Consumer.A.VirtualTopic.Analysis toPageIn: 0, Inflight: 0, pagedInMessages.size 0, enqueueCount: 0, dequeueCount: 0 | org.apache.activemq.broker.region.Queue | ActiveMQ Broker[localhost] Scheduler
2025-10-29 02:55:39,485 | DEBUG | queue://Consumer.A.VirtualTopic.Analysis expiring messages done. | org.apache.activemq.broker.region.Queue | ActiveMQ Broker[localhost] Scheduler
2025-10-29 02:55:39,544 | DEBUG | queue://queue.analysis expiring messages .. | org.apache.activemq.broker.region.Queue | ActiveMQ Broker[localhost] Scheduler
2025-10-29 02:55:39,545 | DEBUG | queue.analysis toPageIn: 0, Inflight: 0, pagedInMessages.size 0, enqueueCount: 0, dequeueCount: 0 | org.apache.activemq.broker.region.Queue | ActiveMQ Broker[localhost] Scheduler
2025-10-29 02:55:39,546 | DEBUG | queue://queue.analysis expiring messages done. | org.apache.activemq.broker.region.Queue | ActiveMQ Broker[localhost] Scheduler
2025-10-29 02:55:39,582 | DEBUG | temp-queue://ID:351d5895b329-37485-1761699249168-2:6:1 expiring messages .. | org.apache.activemq.broker.region.Queue | ActiveMQ Broker[localhost] Scheduler
2025-10-29 02:55:39,583 | DEBUG | ID:351d5895b329-37485-1761699249168-2:6:1 toPageIn: 0, Inflight: 0, pagedInMessages.size 0, enqueueCount: 0, dequeueCount: 0 | org.apache.activemq.broker.region.Queue | ActiveMQ Broker[localhost] Scheduler
2025-10-29 02:55:39,583 | DEBUG | temp-queue://ID:351d5895b329-37485-1761699249168-2:6:1 expiring messages done. | org.apache.activemq.broker.region.Queue | ActiveMQ Broker[localhost] Scheduler
2025-10-29 02:55:39,921 | DEBUG | WriteChecker 10001 ms elapsed since last write check. | org.apache.activemq.transport.AbstractInactivityMonitor | ActiveMQ InactivityMonitor WriteCheckTimer
2025-10-29 02:55:39,921 | DEBUG | Running WriteCheck[tcp://172.18.0.1:40982] | org.apache.activemq.transport.AbstractInactivityMonitor | ActiveMQ InactivityMonitor Worker
2025-10-29 02:55:41,774 | DEBUG | Checkpoint started. | org.apache.activemq.store.kahadb.MessageDatabase | ActiveMQ Journal Checkpoint Worker
2025-10-29 02:55:41,789 | DEBUG | Checkpoint done. | org.apache.activemq.store.kahadb.MessageDatabase | ActiveMQ Journal Checkpoint Worker
2025-10-29 02:55:46,096 | DEBUG | WriteChecker 10000 ms elapsed since last write check. | org.apache.activemq.transport.AbstractInactivityMonitor | ActiveMQ InactivityMonitor WriteCheckTimer
2025-10-29 02:55:46,097 | DEBUG | Running WriteCheck[tcp://172.18.0.1:49490] | org.apache.activemq.transport.AbstractInactivityMonitor | ActiveMQ InactivityMonitor Worker
2025-10-29 02:55:46,127 | DEBUG | WriteChecker 10000 ms elapsed since last write check. | org.apache.activemq.transport.AbstractInactivityMonitor | ActiveMQ InactivityMonitor WriteCheckTimer
2025-10-29 02:55:46,128 | DEBUG | Running WriteCheck[tcp://172.18.0.1:49496] | org.apache.activemq.transport.AbstractInactivityMonitor | ActiveMQ InactivityMonitor Worker
2025-10-29 02:55:46,792 | DEBUG | Checkpoint started. | org.apache.activemq.store.kahadb.MessageDatabase | ActiveMQ Journal Checkpoint Worker
2025-10-29 02:55:46,809 | DEBUG | Checkpoint done. | org.apache.activemq.store.kahadb.MessageDatabase | ActiveMQ Journal Checkpoint Worker
2025-10-29 02:55:49,920 | DEBUG | WriteChecker 9999 ms elapsed since last write check. | org.apache.activemq.transport.AbstractInactivityMonitor | ActiveMQ InactivityMonitor WriteCheckTimer
2025-10-29 02:55:49,921 | DEBUG | Running WriteCheck[tcp://172.18.0.1:40982] | org.apache.activemq.transport.AbstractInactivityMonitor | ActiveMQ InactivityMonitor Worker
2025-10-29 02:55:50,081 | DEBUG | queue://analysis.queue expiring messages .. | org.apache.activemq.broker.region.Queue | ActiveMQ Broker[localhost] Scheduler
2025-10-29 02:55:50,082 | DEBUG | analysis.queue toPageIn: 0, Inflight: 0, pagedInMessages.size 2, enqueueCount: 2, dequeueCount: 0 | org.apache.activemq.broker.region.Queue | ActiveMQ Broker[localhost] Scheduler
2025-10-29 02:55:50,082 | DEBUG | queue://analysis.queue expiring messages done. | org.apache.activemq.broker.region.Queue | ActiveMQ Broker[localhost] Scheduler
2025-10-29 02:55:50,082 | DEBUG | analysis.queue toPageIn: 0, Inflight: 0, pagedInMessages.size 2, enqueueCount: 2, dequeueCount: 0 | org.apache.activemq.broker.region.Queue | ActiveMQ BrokerService[localhost] Task-33
2025-10-29 02:55:51,813 | DEBUG | Checkpoint started. | org.apache.activemq.store.kahadb.MessageDatabase | ActiveMQ Journal Checkpoint Worker
2025-10-29 02:55:51,828 | DEBUG | Checkpoint done. | org.apache.activemq.store.kahadb.MessageDatabase | ActiveMQ Journal Checkpoint Worker
2025-10-29 02:55:56,078 | DEBUG | 30000 ms elapsed since last read check. | org.apache.activemq.transport.AbstractInactivityMonitor | ActiveMQ InactivityMonitor ReadCheckTimer
2025-10-29 02:55:56,096 | DEBUG | WriteChecker 10000 ms elapsed since last write check. | org.apache.activemq.transport.AbstractInactivityMonitor | ActiveMQ InactivityMonitor WriteCheckTimer
2025-10-29 02:55:56,097 | DEBUG | Running WriteCheck[tcp://172.18.0.1:49490] | org.apache.activemq.transport.AbstractInactivityMonitor | ActiveMQ InactivityMonitor Worker
2025-10-29 02:55:56,110 | DEBUG | 30000 ms elapsed since last read check. | org.apache.activemq.transport.AbstractInactivityMonitor | ActiveMQ InactivityMonitor ReadCheckTimer
2025-10-29 02:55:56,127 | DEBUG | WriteChecker 10000 ms elapsed since last write check. | org.apache.activemq.transport.AbstractInactivityMonitor | ActiveMQ InactivityMonitor WriteCheckTimer
2025-10-29 02:55:56,128 | DEBUG | Running WriteCheck[tcp://172.18.0.1:49496] | org.apache.activemq.transport.AbstractInactivityMonitor | ActiveMQ InactivityMonitor Worker
2025-10-29 02:55:56,828 | DEBUG | Checkpoint started. | org.apache.activemq.store.kahadb.MessageDatabase | ActiveMQ Journal Checkpoint Worker
2025-10-29 02:55:56,842 | DEBUG | Checkpoint done. | org.apache.activemq.store.kahadb.MessageDatabase | ActiveMQ Journal Checkpoint Worker
2025-10-29 02:55:59,854 | DEBUG | 30000 ms elapsed since last read check. | org.apache.activemq.transport.AbstractInactivityMonitor | ActiveMQ InactivityMonitor ReadCheckTimer
2025-10-29 02:55:59,920 | DEBUG | WriteChecker 10000 ms elapsed since last write check. | org.apache.activemq.transport.AbstractInactivityMonitor | ActiveMQ InactivityMonitor WriteCheckTimer
2025-10-29 02:55:59,920 | DEBUG | Running WriteCheck[tcp://172.18.0.1:40982] | org.apache.activemq.transport.AbstractInactivityMonitor | ActiveMQ InactivityMonitor Worker
2025-10-29 02:56:01,845 | DEBUG | Checkpoint started. | org.apache.activemq.store.kahadb.MessageDatabase | ActiveMQ Journal Checkpoint Worker
2025-10-29 02:56:01,863 | DEBUG | Checkpoint done. | org.apache.activemq.store.kahadb.MessageDatabase | ActiveMQ Journal Checkpoint Worker
2025-10-29 02:56:06,097 | DEBUG | WriteChecker 10001 ms elapsed since last write check. | org.apache.activemq.transport.AbstractInactivityMonitor | ActiveMQ InactivityMonitor WriteCheckTimer
2025-10-29 02:56:06,097 | DEBUG | Running WriteCheck[tcp://172.18.0.1:49490] | org.apache.activemq.transport.AbstractInactivityMonitor | ActiveMQ InactivityMonitor Worker
2025-10-29 02:56:06,127 | DEBUG | WriteChecker 10000 ms elapsed since last write check. | org.apache.activemq.transport.AbstractInactivityMonitor | ActiveMQ InactivityMonitor WriteCheckTimer
2025-10-29 02:56:06,127 | DEBUG | Running WriteCheck[tcp://172.18.0.1:49496] | org.apache.activemq.transport.AbstractInactivityMonitor | ActiveMQ InactivityMonitor Worker
2025-10-29 02:56:06,865 | DEBUG | Checkpoint started. | org.apache.activemq.store.kahadb.MessageDatabase | ActiveMQ Journal Checkpoint Worker
2025-10-29 02:56:06,882 | DEBUG | Checkpoint done. | org.apache.activemq.store.kahadb.MessageDatabase | ActiveMQ Journal Checkpoint Worker
2025-10-29 02:56:09,484 | DEBUG | queue://Consumer.A.VirtualTopic.Analysis expiring messages .. | org.apache.activemq.broker.region.Queue | ActiveMQ Broker[localhost] Scheduler
2025-10-29 02:56:09,485 | DEBUG | Consumer.A.VirtualTopic.Analysis toPageIn: 0, Inflight: 0, pagedInMessages.size 0, enqueueCount: 0, dequeueCount: 0 | org.apache.activemq.broker.region.Queue | ActiveMQ Broker[localhost] Scheduler
2025-10-29 02:56:09,485 | DEBUG | queue://Consumer.A.VirtualTopic.Analysis expiring messages done. | org.apache.activemq.broker.region.Queue | ActiveMQ Broker[localhost] Scheduler
2025-10-29 02:56:09,544 | DEBUG | queue://queue.analysis expiring messages .. | org.apache.activemq.broker.region.Queue | ActiveMQ Broker[localhost] Scheduler
2025-10-29 02:56:09,544 | DEBUG | queue.analysis toPageIn: 0, Inflight: 0, pagedInMessages.size 0, enqueueCount: 0, dequeueCount: 0 | org.apache.activemq.broker.region.Queue | ActiveMQ Broker[localhost] Scheduler
2025-10-29 02:56:09,544 | DEBUG | queue://queue.analysis expiring messages done. | org.apache.activemq.broker.region.Queue | ActiveMQ Broker[localhost] Scheduler
2025-10-29 02:56:09,584 | DEBUG | temp-queue://ID:351d5895b329-37485-1761699249168-2:6:1 expiring messages .. | org.apache.activemq.broker.region.Queue | ActiveMQ Broker[localhost] Scheduler
2025-10-29 02:56:09,585 | DEBUG | ID:351d5895b329-37485-1761699249168-2:6:1 toPageIn: 0, Inflight: 0, pagedInMessages.size 0, enqueueCount: 0, dequeueCount: 0 | org.apache.activemq.broker.region.Queue | ActiveMQ Broker[localhost] Scheduler
2025-10-29 02:56:09,585 | DEBUG | temp-queue://ID:351d5895b329-37485-1761699249168-2:6:1 expiring messages done. | org.apache.activemq.broker.region.Queue | ActiveMQ Broker[localhost] Scheduler
2025-10-29 02:56:09,921 | DEBUG | WriteChecker 10001 ms elapsed since last write check. | org.apache.activemq.transport.AbstractInactivityMonitor | ActiveMQ InactivityMonitor WriteCheckTimer
2025-10-29 02:56:09,921 | DEBUG | Running WriteCheck[tcp://172.18.0.1:40982] | org.apache.activemq.transport.AbstractInactivityMonitor | ActiveMQ InactivityMonitor Worker
2025-10-29 02:56:11,884 | DEBUG | Checkpoint started. | org.apache.activemq.store.kahadb.MessageDatabase | ActiveMQ Journal Checkpoint Worker
2025-10-29 02:56:11,897 | DEBUG | Checkpoint done. | org.apache.activemq.store.kahadb.MessageDatabase | ActiveMQ Journal Checkpoint Worker
2025-10-29 02:56:13,722 | DEBUG | Unmarshalled new incoming event - jabber.client.Presence | org.apache.activemq.transport.xmpp.XmppTransport | ActiveMQ Transport: tcp:///172.18.0.3:46842@61222
2025-10-29 02:56:13,722 | DEBUG | Presence: null id: 79CmJ-6 to: null type: unavailable showOrStatusOrPriority: [] any: [] | org.apache.activemq.transport.xmpp.ProtocolConverter | ActiveMQ Transport: tcp:///172.18.0.3:46842@61222
2025-10-29 02:56:13,723 | DEBUG | Unable to create destination for null | org.apache.activemq.transport.xmpp.ProtocolConverter | ActiveMQ Transport: tcp:///172.18.0.3:46842@61222
2025-10-29 02:56:13,724 | DEBUG | XMPP consumer thread starting | org.apache.activemq.transport.xmpp.XmppTransport | ActiveMQ Transport: tcp:///172.18.0.3:46842@61222
2025-10-29 02:56:13,727 | DEBUG | Transport Connection to: tcp://172.18.0.3:46842 failed: java.io.IOException: Unexpected EOF in prolog
 at [row,col {unknown-source}]: [1,0] | org.apache.activemq.broker.TransportConnection.Transport | ActiveMQ Transport: tcp:///172.18.0.3:46842@61222
java.io.IOException: Unexpected EOF in prolog
 at [row,col {unknown-source}]: [1,0]
	at org.apache.activemq.util.IOExceptionSupport.create(IOExceptionSupport.java:45)
	at org.apache.activemq.transport.xmpp.XmppTransport.doRun(XmppTransport.java:189)
	at org.apache.activemq.transport.tcp.TcpTransport.run(TcpTransport.java:196)
	at java.lang.Thread.run(Thread.java:750)
Caused by: com.ctc.wstx.exc.WstxEOFException: Unexpected EOF in prolog
 at [row,col {unknown-source}]: [1,0]
	at com.ctc.wstx.sr.StreamScanner.throwUnexpectedEOF(StreamScanner.java:677)
	at com.ctc.wstx.sr.BasicStreamReader.handleEOF(BasicStreamReader.java:2116)
	at com.ctc.wstx.sr.BasicStreamReader.nextFromProlog(BasicStreamReader.java:2022)
	at com.ctc.wstx.sr.BasicStreamReader.next(BasicStreamReader.java:1114)
	at org.codehaus.stax2.ri.Stax2EventReaderImpl.nextTag(Stax2EventReaderImpl.java:320)
	at org.apache.activemq.transport.xmpp.XmppTransport.doRun(XmppTransport.java:155)
	... 2 more
2025-10-29 02:56:13,728 | DEBUG | Unregistering MBean org.apache.activemq:type=Broker,brokerName=localhost,connector=clientConnectors,connectorName=xmpp,connectionViewType=clientId,connectionName=xmpp-37485-1761699249168-3_6 | org.apache.activemq.broker.jmx.ManagementContext | ActiveMQ Transport: tcp:///172.18.0.3:46842@61222
2025-10-29 02:56:13,729 | DEBUG | Unregistering MBean org.apache.activemq:type=Broker,brokerName=localhost,connector=clientConnectors,connectorName=xmpp,connectionViewType=remoteAddress,connectionName=tcp_//172.18.0.3_46842 | org.apache.activemq.broker.jmx.ManagementContext | ActiveMQ Transport: tcp:///172.18.0.3:46842@61222
2025-10-29 02:56:13,730 | DEBUG | Stopping connection: tcp://172.18.0.3:46842 | org.apache.activemq.broker.TransportConnection | ActiveMQ BrokerService[localhost] Task-33
2025-10-29 02:56:13,730 | DEBUG | Stopping transport tcp:///172.18.0.3:46842@61222 | org.apache.activemq.transport.tcp.TcpTransport | ActiveMQ BrokerService[localhost] Task-33
2025-10-29 02:56:13,730 | DEBUG | Initialized TaskRunnerFactory[ActiveMQ Task] using ExecutorService: java.util.concurrent.ThreadPoolExecutor@56b1d72b[Running, pool size = 0, active threads = 0, queued tasks = 0, completed tasks = 0] | org.apache.activemq.thread.TaskRunnerFactory | ActiveMQ BrokerService[localhost] Task-33
2025-10-29 02:56:13,732 | DEBUG | Closed socket Socket[addr=/172.18.0.3,port=46842,localport=61222] | org.apache.activemq.transport.tcp.TcpTransport | ActiveMQ Task-1
2025-10-29 02:56:13,733 | DEBUG | Forcing shutdown of ExecutorService: java.util.concurrent.ThreadPoolExecutor@56b1d72b[Running, pool size = 1, active threads = 0, queued tasks = 0, completed tasks = 1] | org.apache.activemq.util.ThreadPoolUtils | ActiveMQ BrokerService[localhost] Task-33
2025-10-29 02:56:13,733 | DEBUG | Stopped transport: tcp://172.18.0.3:46842 | org.apache.activemq.broker.TransportConnection | ActiveMQ BrokerService[localhost] Task-33
2025-10-29 02:56:13,733 | DEBUG | Cleaning up connection resources: tcp://172.18.0.3:46842 | org.apache.activemq.broker.TransportConnection | ActiveMQ BrokerService[localhost] Task-33
2025-10-29 02:56:13,734 | DEBUG | remove connection id: ID:351d5895b329-37485-1761699249168-2:6 | org.apache.activemq.broker.TransportConnection | ActiveMQ BrokerService[localhost] Task-33
2025-10-29 02:56:13,734 | DEBUG | Unregistering MBean org.apache.activemq:type=Broker,brokerName=localhost,destinationType=Topic,destinationName=admin,endpoint=Consumer,clientId=xmpp-37485-1761699249168-3_6,consumerId=ID_351d5895b329-37485-1761699249168-2_6_-1_1 | org.apache.activemq.broker.jmx.ManagementContext | ActiveMQ BrokerService[localhost] Task-33
2025-10-29 02:56:13,734 | DEBUG | localhost removing consumer: ID:351d5895b329-37485-1761699249168-2:6:-1:1 for destination: topic://admin | org.apache.activemq.broker.region.AbstractRegion | ActiveMQ BrokerService[localhost] Task-33
2025-10-29 02:56:13,735 | DEBUG | Unregistering MBean org.apache.activemq:type=Broker,brokerName=localhost,destinationType=TempQueue,destinationName=ID_351d5895b329-37485-1761699249168-2_6_1,endpoint=Consumer,clientId=xmpp-37485-1761699249168-3_6,consumerId=ID_351d5895b329-37485-1761699249168-2_6_-1_2 | org.apache.activemq.broker.jmx.ManagementContext | ActiveMQ BrokerService[localhost] Task-33
2025-10-29 02:56:13,735 | DEBUG | localhost removing consumer: ID:351d5895b329-37485-1761699249168-2:6:-1:2 for destination: temp-queue://ID:351d5895b329-37485-1761699249168-2:6:1 | org.apache.activemq.broker.region.AbstractRegion | ActiveMQ BrokerService[localhost] Task-33
2025-10-29 02:56:13,737 | DEBUG | temp-queue://ID:351d5895b329-37485-1761699249168-2:6:1 remove sub: QueueSubscription: consumer=ID:351d5895b329-37485-1761699249168-2:6:-1:2, destinations=1, dispatched=0, delivered=0, pending=0, lastDeliveredSeqId: 0, dequeues: 0, dispatched: 0, inflight: 0 | org.apache.activemq.broker.region.Queue | ActiveMQ BrokerService[localhost] Task-33
2025-10-29 02:56:13,739 | DEBUG | Unregistering MBean org.apache.activemq:type=Broker,brokerName=localhost,destinationType=Topic,destinationName=analysis.request,endpoint=Consumer,clientId=xmpp-37485-1761699249168-3_6,consumerId=ID_351d5895b329-37485-1761699249168-2_6_-1_3 | org.apache.activemq.broker.jmx.ManagementContext | ActiveMQ BrokerService[localhost] Task-33
2025-10-29 02:56:13,739 | DEBUG | localhost removing consumer: ID:351d5895b329-37485-1761699249168-2:6:-1:3 for destination: topic://analysis.request | org.apache.activemq.broker.region.AbstractRegion | ActiveMQ BrokerService[localhost] Task-33
2025-10-29 02:56:13,740 | DEBUG | Unregistering MBean org.apache.activemq:type=Broker,brokerName=localhost,endpoint=dynamicProducer,clientId=xmpp-37485-1761699249168-3_6,producerId=ID_351d5895b329-37485-1761699249168-2_6_-1_1 | org.apache.activemq.broker.jmx.ManagementContext | ActiveMQ BrokerService[localhost] Task-33
2025-10-29 02:56:13,741 | DEBUG | localhost removing destination: temp-queue://ID:351d5895b329-37485-1761699249168-2:6:1 | org.apache.activemq.broker.region.AbstractRegion | ActiveMQ BrokerService[localhost] Task-33
2025-10-29 02:56:13,741 | DEBUG | ID:351d5895b329-37485-1761699249168-2:6:1 toPageIn: 0, Inflight: 0, pagedInMessages.size 0, enqueueCount: 0, dequeueCount: 0 | org.apache.activemq.broker.region.Queue | ActiveMQ BrokerService[localhost] Task-33
2025-10-29 02:56:13,741 | DEBUG | Unregistering MBean org.apache.activemq:type=Broker,brokerName=localhost,destinationType=TempQueue,destinationName=ID_351d5895b329-37485-1761699249168-2_6_1 | org.apache.activemq.broker.jmx.ManagementContext | ActiveMQ BrokerService[localhost] Task-33
2025-10-29 02:56:13,742 | DEBUG | localhost removing destination: topic://ActiveMQ.Advisory.Consumer.Queue.ID:351d5895b329-37485-1761699249168-2:6:1 | org.apache.activemq.broker.region.AbstractRegion | ActiveMQ BrokerService[localhost] Task-33
2025-10-29 02:56:13,743 | DEBUG | Unregistering MBean org.apache.activemq:type=Broker,brokerName=localhost,destinationType=Topic,destinationName=ActiveMQ.Advisory.Consumer.Queue.ID_351d5895b329-37485-1761699249168-2_6_1 | org.apache.activemq.broker.jmx.ManagementContext | ActiveMQ BrokerService[localhost] Task-33
2025-10-29 02:56:13,743 | DEBUG | Connection Stopped: tcp://172.18.0.3:46842 | org.apache.activemq.broker.TransportConnection | ActiveMQ BrokerService[localhost] Task-33
2025-10-29 02:56:16,097 | DEBUG | WriteChecker 10000 ms elapsed since last write check. | org.apache.activemq.transport.AbstractInactivityMonitor | ActiveMQ InactivityMonitor WriteCheckTimer
2025-10-29 02:56:16,127 | DEBUG | WriteChecker 10000 ms elapsed since last write check. | org.apache.activemq.transport.AbstractInactivityMonitor | ActiveMQ InactivityMonitor WriteCheckTimer
2025-10-29 02:56:16,899 | DEBUG | Checkpoint started. | org.apache.activemq.store.kahadb.MessageDatabase | ActiveMQ Journal Checkpoint Worker
2025-10-29 02:56:16,916 | DEBUG | Checkpoint done. | org.apache.activemq.store.kahadb.MessageDatabase | ActiveMQ Journal Checkpoint Worker
2025-10-29 02:56:19,921 | DEBUG | WriteChecker 10000 ms elapsed since last write check. | org.apache.activemq.transport.AbstractInactivityMonitor | ActiveMQ InactivityMonitor WriteCheckTimer
2025-10-29 02:56:20,081 | DEBUG | queue://analysis.queue expiring messages .. | org.apache.activemq.broker.region.Queue | ActiveMQ Broker[localhost] Scheduler
2025-10-29 02:56:20,082 | DEBUG | analysis.queue toPageIn: 0, Inflight: 0, pagedInMessages.size 2, enqueueCount: 2, dequeueCount: 0 | org.apache.activemq.broker.region.Queue | ActiveMQ Broker[localhost] Scheduler
2025-10-29 02:56:20,082 | DEBUG | queue://analysis.queue expiring messages done. | org.apache.activemq.broker.region.Queue | ActiveMQ Broker[localhost] Scheduler
2025-10-29 02:56:20,083 | DEBUG | analysis.queue toPageIn: 0, Inflight: 0, pagedInMessages.size 2, enqueueCount: 2, dequeueCount: 0 | org.apache.activemq.broker.region.Queue | ActiveMQ BrokerService[localhost] Task-33
2025-10-29 02:56:21,918 | DEBUG | Checkpoint started. | org.apache.activemq.store.kahadb.MessageDatabase | ActiveMQ Journal Checkpoint Worker
2025-10-29 02:56:21,932 | DEBUG | Checkpoint done. | org.apache.activemq.store.kahadb.MessageDatabase | ActiveMQ Journal Checkpoint Worker
2025-10-29 02:56:25,040 | DEBUG | Creating new instance of XmppTransport | org.apache.activemq.transport.xmpp.XmppTransport | ActiveMQ Transport Server Thread Handler: xmpp://0.0.0.0:61222
2025-10-29 02:56:25,045 | DEBUG | XMPP consumer thread starting | org.apache.activemq.transport.xmpp.XmppTransport | ActiveMQ Transport: tcp:///172.18.0.3:43688@61222
2025-10-29 02:56:25,046 | DEBUG | Sending initial stream element | org.apache.activemq.transport.xmpp.XmppTransport | ActiveMQ BrokerService[localhost] Task-36
2025-10-29 02:56:25,050 | DEBUG | Initial stream element sent! | org.apache.activemq.transport.xmpp.XmppTransport | ActiveMQ BrokerService[localhost] Task-36
2025-10-29 02:56:25,061 | DEBUG | Unmarshalled new incoming event - jabber.client.Iq | org.apache.activemq.transport.xmpp.XmppTransport | ActiveMQ Transport: tcp:///172.18.0.3:43688@61222
2025-10-29 02:56:25,062 | DEBUG | Iq Auth Query to: null type: get from: null id: Jg353-0 resource: null username: admin | org.apache.activemq.transport.xmpp.ProtocolConverter | ActiveMQ Transport: tcp:///172.18.0.3:43688@61222
2025-10-29 02:56:25,066 | DEBUG | Unmarshalled new incoming event - jabber.client.Iq | org.apache.activemq.transport.xmpp.XmppTransport | ActiveMQ Transport: tcp:///172.18.0.3:43688@61222
2025-10-29 02:56:25,066 | DEBUG | Iq Auth Query to: null type: set from: null id: Jg353-1 resource: Smack username: admin | org.apache.activemq.transport.xmpp.ProtocolConverter | ActiveMQ Transport: tcp:///172.18.0.3:43688@61222
2025-10-29 02:56:25,067 | DEBUG | Setting up new connection id: ID:351d5895b329-37485-1761699249168-2:7, address: tcp://172.18.0.3:43688, info: ConnectionInfo {commandId = 0, responseRequired = true, connectionId = ID:351d5895b329-37485-1761699249168-2:7, clientId = xmpp-37485-1761699249168-3:7, clientIp = null, userName = admin, password = *****, brokerPath = null, brokerMasterConnector = false, manageable = false, clientMaster = true, faultTolerant = false, failoverReconnect = false} | org.apache.activemq.broker.TransportConnection | ActiveMQ Transport: tcp:///172.18.0.3:43688@61222
2025-10-29 02:56:25,068 | DEBUG | Completed create sesssion | org.apache.activemq.transport.xmpp.ProtocolConverter | ActiveMQ Transport: tcp:///172.18.0.3:43688@61222
2025-10-29 02:56:25,069 | DEBUG | Completed create producer | org.apache.activemq.transport.xmpp.ProtocolConverter | ActiveMQ Transport: tcp:///172.18.0.3:43688@61222
2025-10-29 02:56:25,069 | DEBUG | localhost adding consumer: ID:351d5895b329-37485-1761699249168-2:7:-1:1 for destination: topic://admin | org.apache.activemq.broker.region.AbstractRegion | ActiveMQ Transport: tcp:///172.18.0.3:43688@61222
2025-10-29 02:56:25,070 | DEBUG | Setting the maximumPendingMessages size to: 1000 for consumer: ID:351d5895b329-37485-1761699249168-2:7:-1:1 | org.apache.activemq.broker.region.policy.PolicyEntry | ActiveMQ Transport: tcp:///172.18.0.3:43688@61222
2025-10-29 02:56:25,071 | DEBUG | Completed subscribe to destination: topic://admin | org.apache.activemq.transport.xmpp.ProtocolConverter | ActiveMQ Transport: tcp:///172.18.0.3:43688@61222
2025-10-29 02:56:25,072 | DEBUG | localhost adding destination: temp-queue://ID:351d5895b329-37485-1761699249168-2:7:1 | org.apache.activemq.broker.region.AbstractRegion | ActiveMQ Transport: tcp:///172.18.0.3:43688@61222
2025-10-29 02:56:25,077 | DEBUG | ID:351d5895b329-37485-1761699249168-2:7:1 toPageIn: 0, Inflight: 0, pagedInMessages.size 0, enqueueCount: 0, dequeueCount: 0 | org.apache.activemq.broker.region.Queue | ActiveMQ Transport: tcp:///172.18.0.3:43688@61222
2025-10-29 02:56:25,078 | DEBUG | localhost adding consumer: ID:351d5895b329-37485-1761699249168-2:7:-1:2 for destination: temp-queue://ID:351d5895b329-37485-1761699249168-2:7:1 | org.apache.activemq.broker.region.AbstractRegion | ActiveMQ Transport: tcp:///172.18.0.3:43688@61222
2025-10-29 02:56:25,080 | DEBUG | temp-queue://ID:351d5895b329-37485-1761699249168-2:7:1 add sub: QueueSubscription: consumer=ID:351d5895b329-37485-1761699249168-2:7:-1:2, destinations=0, dispatched=0, delivered=0, pending=0, dequeues: 0, dispatched: 0, inflight: 0 | org.apache.activemq.broker.region.Queue | ActiveMQ Transport: tcp:///172.18.0.3:43688@61222
2025-10-29 02:56:25,082 | DEBUG | localhost adding destination: topic://ActiveMQ.Advisory.Consumer.Queue.ID:351d5895b329-37485-1761699249168-2:7:1 | org.apache.activemq.broker.region.AbstractRegion | ActiveMQ Transport: tcp:///172.18.0.3:43688@61222
2025-10-29 02:56:25,085 | DEBUG | Completed subscribe to destination: temp-queue://ID:351d5895b329-37485-1761699249168-2:7:1 | org.apache.activemq.transport.xmpp.ProtocolConverter | ActiveMQ Transport: tcp:///172.18.0.3:43688@61222
2025-10-29 02:56:25,086 | DEBUG | Unmarshalled new incoming event - jabber.client.Iq | org.apache.activemq.transport.xmpp.XmppTransport | ActiveMQ Transport: tcp:///172.18.0.3:43688@61222
2025-10-29 02:56:25,087 | DEBUG | Iq Roster to: null type: get from: null id: Jg353-2 item: [] | org.apache.activemq.transport.xmpp.ProtocolConverter | ActiveMQ Transport: tcp:///172.18.0.3:43688@61222
2025-10-29 02:56:25,088 | DEBUG | Unmarshalled new incoming event - jabber.client.Presence | org.apache.activemq.transport.xmpp.XmppTransport | ActiveMQ Transport: tcp:///172.18.0.3:43688@61222
2025-10-29 02:56:25,088 | DEBUG | Presence: null id: Jg353-3 to: null type: null showOrStatusOrPriority: [] any: [] | org.apache.activemq.transport.xmpp.ProtocolConverter | ActiveMQ Transport: tcp:///172.18.0.3:43688@61222
2025-10-29 02:56:25,089 | DEBUG | Unable to create destination for null | org.apache.activemq.transport.xmpp.ProtocolConverter | ActiveMQ Transport: tcp:///172.18.0.3:43688@61222
2025-10-29 02:56:26,078 | DEBUG | 30000 ms elapsed since last read check. | org.apache.activemq.transport.AbstractInactivityMonitor | ActiveMQ InactivityMonitor ReadCheckTimer
2025-10-29 02:56:26,097 | DEBUG | WriteChecker 10000 ms elapsed since last write check. | org.apache.activemq.transport.AbstractInactivityMonitor | ActiveMQ InactivityMonitor WriteCheckTimer
2025-10-29 02:56:26,111 | DEBUG | 30001 ms elapsed since last read check. | org.apache.activemq.transport.AbstractInactivityMonitor | ActiveMQ InactivityMonitor ReadCheckTimer
2025-10-29 02:56:26,127 | DEBUG | WriteChecker 10000 ms elapsed since last write check. | org.apache.activemq.transport.AbstractInactivityMonitor | ActiveMQ InactivityMonitor WriteCheckTimer
2025-10-29 02:56:26,933 | DEBUG | Checkpoint started. | org.apache.activemq.store.kahadb.MessageDatabase | ActiveMQ Journal Checkpoint Worker
2025-10-29 02:56:26,948 | DEBUG | Checkpoint done. | org.apache.activemq.store.kahadb.MessageDatabase | ActiveMQ Journal Checkpoint Worker
2025-10-29 02:56:27,476 | DEBUG | Sending: WireFormatInfo { version=9, properties={TcpNoDelayEnabled=true, SizePrefixDisabled=false, CacheSize=1024, StackTraceEnabled=true, CacheEnabled=true, TightEncodingEnabled=true, MaxFrameSize=9223372036854775807, MaxInactivityDuration=30000, MaxInactivityDurationInitalDelay=10000}, magic=[A,c,t,i,v,e,M,Q]} | org.apache.activemq.transport.WireFormatNegotiator | ActiveMQ BrokerService[localhost] Task-36
2025-10-29 02:56:27,505 | DEBUG | Using min of local: WireFormatInfo { version=9, properties={TcpNoDelayEnabled=true, SizePrefixDisabled=false, CacheSize=1024, StackTraceEnabled=true, CacheEnabled=true, TightEncodingEnabled=true, MaxFrameSize=9223372036854775807, MaxInactivityDuration=30000, MaxInactivityDurationInitalDelay=10000}, magic=[A,c,t,i,v,e,M,Q]} and remote: WireFormatInfo { version=12, properties={StackTraceEnabled=true, PlatformDetails=Java, CacheEnabled=true, Host=activemq, TcpNoDelayEnabled=true, SizePrefixDisabled=false, CacheSize=1024, ProviderName=ActiveMQ, TightEncodingEnabled=true, MaxFrameSize=9223372036854775807, MaxInactivityDuration=30000, MaxInactivityDurationInitalDelay=10000, MaxFrameSizeEnabled=true, ProviderVersion=6.1.6}, magic=[A,c,t,i,v,e,M,Q]} | org.apache.activemq.transport.InactivityMonitor | ActiveMQ Transport: tcp:///172.18.0.3:38050@61616
2025-10-29 02:56:27,506 | DEBUG | Received WireFormat: WireFormatInfo { version=12, properties={StackTraceEnabled=true, PlatformDetails=Java, CacheEnabled=true, Host=activemq, TcpNoDelayEnabled=true, SizePrefixDisabled=false, CacheSize=1024, ProviderName=ActiveMQ, TightEncodingEnabled=true, MaxFrameSize=9223372036854775807, MaxInactivityDuration=30000, MaxInactivityDurationInitalDelay=10000, MaxFrameSizeEnabled=true, ProviderVersion=6.1.6}, magic=[A,c,t,i,v,e,M,Q]} | org.apache.activemq.transport.WireFormatNegotiator | ActiveMQ Transport: tcp:///172.18.0.3:38050@61616
2025-10-29 02:56:27,506 | DEBUG | tcp:///172.18.0.3:38050@61616 before negotiation: OpenWireFormat{version=9, cacheEnabled=false, stackTraceEnabled=false, tightEncodingEnabled=false, sizePrefixDisabled=false, maxFrameSize=9223372036854775807} | org.apache.activemq.transport.WireFormatNegotiator | ActiveMQ Transport: tcp:///172.18.0.3:38050@61616
2025-10-29 02:56:27,507 | DEBUG | tcp:///172.18.0.3:38050@61616 after negotiation: OpenWireFormat{version=9, cacheEnabled=true, stackTraceEnabled=true, tightEncodingEnabled=true, sizePrefixDisabled=false, maxFrameSize=9223372036854775807} | org.apache.activemq.transport.WireFormatNegotiator | ActiveMQ Transport: tcp:///172.18.0.3:38050@61616
2025-10-29 02:56:27,515 | DEBUG | Setting up new connection id: ID:e0301c8c9470-40495-1761706587348-1:1, address: tcp://172.18.0.3:38050, info: ConnectionInfo {commandId = 1, responseRequired = true, connectionId = ID:e0301c8c9470-40495-1761706587348-1:1, clientId = ID:e0301c8c9470-40495-1761706587348-0:1, clientIp = null, userName = admin, password = *****, brokerPath = null, brokerMasterConnector = false, manageable = true, clientMaster = true, faultTolerant = false, failoverReconnect = false} | org.apache.activemq.broker.TransportConnection | ActiveMQ Transport: tcp:///172.18.0.3:38050@61616
2025-10-29 02:56:27,526 | DEBUG | localhost adding consumer: ID:e0301c8c9470-40495-1761706587348-1:1:-1:1 for destination: ActiveMQ.Advisory.TempQueue,ActiveMQ.Advisory.TempTopic | org.apache.activemq.broker.region.AbstractRegion | ActiveMQ Transport: tcp:///172.18.0.3:38050@61616
2025-10-29 02:56:27,527 | DEBUG | Setting the maximumPendingMessages size to: 1000 for consumer: ID:e0301c8c9470-40495-1761706587348-1:1:-1:1 | org.apache.activemq.broker.region.policy.PolicyEntry | ActiveMQ Transport: tcp:///172.18.0.3:38050@61616
2025-10-29 02:56:27,580 | DEBUG | localhost adding consumer: ID:e0301c8c9470-40495-1761706587348-1:1:1:1 for destination: queue://analysis.queue | org.apache.activemq.broker.region.AbstractRegion | ActiveMQ Transport: tcp:///172.18.0.3:38050@61616
2025-10-29 02:56:27,585 | DEBUG | queue://analysis.queue add sub: QueueSubscription: consumer=ID:e0301c8c9470-40495-1761706587348-1:1:1:1, destinations=0, dispatched=0, delivered=0, pending=0, dequeues: 0, dispatched: 0, inflight: 0 | org.apache.activemq.broker.region.Queue | ActiveMQ Transport: tcp:///172.18.0.3:38050@61616
2025-10-29 02:56:27,587 | DEBUG | analysis.queue toPageIn: 0, Inflight: 0, pagedInMessages.size 2, enqueueCount: 2, dequeueCount: 0 | org.apache.activemq.broker.region.Queue | ActiveMQ BrokerService[localhost] Task-35
2025-10-29 02:56:27,588 | DEBUG | localhost adding destination: topic://ActiveMQ.Advisory.Consumer.Queue.analysis.queue | org.apache.activemq.broker.region.AbstractRegion | ActiveMQ Transport: tcp:///172.18.0.3:38050@61616
2025-10-29 02:56:29,854 | DEBUG | 30000 ms elapsed since last read check. | org.apache.activemq.transport.AbstractInactivityMonitor | ActiveMQ InactivityMonitor ReadCheckTimer
2025-10-29 02:56:29,921 | DEBUG | WriteChecker 10000 ms elapsed since last write check. | org.apache.activemq.transport.AbstractInactivityMonitor | ActiveMQ InactivityMonitor WriteCheckTimer
2025-10-29 02:56:31,950 | DEBUG | Checkpoint started. | org.apache.activemq.store.kahadb.MessageDatabase | ActiveMQ Journal Checkpoint Worker
2025-10-29 02:56:31,972 | DEBUG | Checkpoint done. | org.apache.activemq.store.kahadb.MessageDatabase | ActiveMQ Journal Checkpoint Worker
2025-10-29 02:56:36,098 | DEBUG | WriteChecker 10001 ms elapsed since last write check. | org.apache.activemq.transport.AbstractInactivityMonitor | ActiveMQ InactivityMonitor WriteCheckTimer
2025-10-29 02:56:36,099 | DEBUG | Running WriteCheck[tcp://172.18.0.1:49490] | org.apache.activemq.transport.AbstractInactivityMonitor | ActiveMQ InactivityMonitor Worker
2025-10-29 02:56:36,127 | DEBUG | WriteChecker 10000 ms elapsed since last write check. | org.apache.activemq.transport.AbstractInactivityMonitor | ActiveMQ InactivityMonitor WriteCheckTimer
2025-10-29 02:56:36,127 | DEBUG | Running WriteCheck[tcp://172.18.0.1:49496] | org.apache.activemq.transport.AbstractInactivityMonitor | ActiveMQ InactivityMonitor Worker
2025-10-29 02:56:36,974 | DEBUG | Checkpoint started. | org.apache.activemq.store.kahadb.MessageDatabase | ActiveMQ Journal Checkpoint Worker
2025-10-29 02:56:36,989 | DEBUG | Checkpoint done. | org.apache.activemq.store.kahadb.MessageDatabase | ActiveMQ Journal Checkpoint Worker
2025-10-29 02:56:39,485 | DEBUG | queue://Consumer.A.VirtualTopic.Analysis expiring messages .. | org.apache.activemq.broker.region.Queue | ActiveMQ Broker[localhost] Scheduler
2025-10-29 02:56:39,486 | DEBUG | Consumer.A.VirtualTopic.Analysis toPageIn: 0, Inflight: 0, pagedInMessages.size 0, enqueueCount: 0, dequeueCount: 0 | org.apache.activemq.broker.region.Queue | ActiveMQ Broker[localhost] Scheduler
2025-10-29 02:56:39,487 | DEBUG | queue://Consumer.A.VirtualTopic.Analysis expiring messages done. | org.apache.activemq.broker.region.Queue | ActiveMQ Broker[localhost] Scheduler
2025-10-29 02:56:39,544 | DEBUG | queue://queue.analysis expiring messages .. | org.apache.activemq.broker.region.Queue | ActiveMQ Broker[localhost] Scheduler
2025-10-29 02:56:39,545 | DEBUG | queue.analysis toPageIn: 0, Inflight: 0, pagedInMessages.size 0, enqueueCount: 0, dequeueCount: 0 | org.apache.activemq.broker.region.Queue | ActiveMQ Broker[localhost] Scheduler
2025-10-29 02:56:39,545 | DEBUG | queue://queue.analysis expiring messages done. | org.apache.activemq.broker.region.Queue | ActiveMQ Broker[localhost] Scheduler
2025-10-29 02:56:39,921 | DEBUG | WriteChecker 10000 ms elapsed since last write check. | org.apache.activemq.transport.AbstractInactivityMonitor | ActiveMQ InactivityMonitor WriteCheckTimer
2025-10-29 02:56:39,922 | DEBUG | Running WriteCheck[tcp://172.18.0.1:40982] | org.apache.activemq.transport.AbstractInactivityMonitor | ActiveMQ InactivityMonitor Worker
2025-10-29 02:56:41,992 | DEBUG | Checkpoint started. | org.apache.activemq.store.kahadb.MessageDatabase | ActiveMQ Journal Checkpoint Worker
2025-10-29 02:56:42,004 | DEBUG | Checkpoint done. | org.apache.activemq.store.kahadb.MessageDatabase | ActiveMQ Journal Checkpoint Worker
2025-10-29 02:56:46,097 | DEBUG | WriteChecker 9999 ms elapsed since last write check. | org.apache.activemq.transport.AbstractInactivityMonitor | ActiveMQ InactivityMonitor WriteCheckTimer
2025-10-29 02:56:46,098 | DEBUG | Running WriteCheck[tcp://172.18.0.1:49490] | org.apache.activemq.transport.AbstractInactivityMonitor | ActiveMQ InactivityMonitor Worker
2025-10-29 02:56:46,127 | DEBUG | WriteChecker 10000 ms elapsed since last write check. | org.apache.activemq.transport.AbstractInactivityMonitor | ActiveMQ InactivityMonitor WriteCheckTimer
2025-10-29 02:56:46,127 | DEBUG | Running WriteCheck[tcp://172.18.0.1:49496] | org.apache.activemq.transport.AbstractInactivityMonitor | ActiveMQ InactivityMonitor Worker
2025-10-29 02:56:47,006 | DEBUG | Checkpoint started. | org.apache.activemq.store.kahadb.MessageDatabase | ActiveMQ Journal Checkpoint Worker
2025-10-29 02:56:47,021 | DEBUG | Checkpoint done. | org.apache.activemq.store.kahadb.MessageDatabase | ActiveMQ Journal Checkpoint Worker
2025-10-29 02:56:47,507 | DEBUG | WriteChecker 10000 ms elapsed since last write check. | org.apache.activemq.transport.AbstractInactivityMonitor | ActiveMQ InactivityMonitor WriteCheckTimer
2025-10-29 02:56:47,507 | DEBUG | Running WriteCheck[tcp://172.18.0.3:38050] | org.apache.activemq.transport.AbstractInactivityMonitor | ActiveMQ InactivityMonitor Worker
2025-10-29 02:56:49,921 | DEBUG | WriteChecker 10000 ms elapsed since last write check. | org.apache.activemq.transport.AbstractInactivityMonitor | ActiveMQ InactivityMonitor WriteCheckTimer
2025-10-29 02:56:49,922 | DEBUG | Running WriteCheck[tcp://172.18.0.1:40982] | org.apache.activemq.transport.AbstractInactivityMonitor | ActiveMQ InactivityMonitor Worker
2025-10-29 02:56:50,081 | DEBUG | queue://analysis.queue expiring messages .. | org.apache.activemq.broker.region.Queue | ActiveMQ Broker[localhost] Scheduler
2025-10-29 02:56:50,082 | DEBUG | analysis.queue toPageIn: 0, Inflight: 0, pagedInMessages.size 0, enqueueCount: 2, dequeueCount: 2 | org.apache.activemq.broker.region.Queue | ActiveMQ Broker[localhost] Scheduler
2025-10-29 02:56:50,083 | DEBUG | queue://analysis.queue expiring messages done. | org.apache.activemq.broker.region.Queue | ActiveMQ Broker[localhost] Scheduler
2025-10-29 02:56:52,023 | DEBUG | Checkpoint started. | org.apache.activemq.store.kahadb.MessageDatabase | ActiveMQ Journal Checkpoint Worker
2025-10-29 02:56:52,037 | DEBUG | Checkpoint done. | org.apache.activemq.store.kahadb.MessageDatabase | ActiveMQ Journal Checkpoint Worker
2025-10-29 02:56:55,079 | DEBUG | temp-queue://ID:351d5895b329-37485-1761699249168-2:7:1 expiring messages .. | org.apache.activemq.broker.region.Queue | ActiveMQ Broker[localhost] Scheduler
2025-10-29 02:56:55,079 | DEBUG | ID:351d5895b329-37485-1761699249168-2:7:1 toPageIn: 0, Inflight: 0, pagedInMessages.size 0, enqueueCount: 0, dequeueCount: 0 | org.apache.activemq.broker.region.Queue | ActiveMQ Broker[localhost] Scheduler
2025-10-29 02:56:55,080 | DEBUG | temp-queue://ID:351d5895b329-37485-1761699249168-2:7:1 expiring messages done. | org.apache.activemq.broker.region.Queue | ActiveMQ Broker[localhost] Scheduler
2025-10-29 02:56:56,079 | DEBUG | 30001 ms elapsed since last read check. | org.apache.activemq.transport.AbstractInactivityMonitor | ActiveMQ InactivityMonitor ReadCheckTimer
2025-10-29 02:56:56,097 | DEBUG | WriteChecker 10000 ms elapsed since last write check. | org.apache.activemq.transport.AbstractInactivityMonitor | ActiveMQ InactivityMonitor WriteCheckTimer
2025-10-29 02:56:56,098 | DEBUG | Running WriteCheck[tcp://172.18.0.1:49490] | org.apache.activemq.transport.AbstractInactivityMonitor | ActiveMQ InactivityMonitor Worker
2025-10-29 02:56:56,111 | DEBUG | 30000 ms elapsed since last read check. | org.apache.activemq.transport.AbstractInactivityMonitor | ActiveMQ InactivityMonitor ReadCheckTimer
2025-10-29 02:56:56,127 | DEBUG | WriteChecker 10000 ms elapsed since last write check. | org.apache.activemq.transport.AbstractInactivityMonitor | ActiveMQ InactivityMonitor WriteCheckTimer
2025-10-29 02:56:56,128 | DEBUG | Running WriteCheck[tcp://172.18.0.1:49496] | org.apache.activemq.transport.AbstractInactivityMonitor | ActiveMQ InactivityMonitor Worker
2025-10-29 02:56:57,037 | DEBUG | Checkpoint started. | org.apache.activemq.store.kahadb.MessageDatabase | ActiveMQ Journal Checkpoint Worker
2025-10-29 02:56:57,053 | DEBUG | Checkpoint done. | org.apache.activemq.store.kahadb.MessageDatabase | ActiveMQ Journal Checkpoint Worker
2025-10-29 02:56:57,506 | DEBUG | WriteChecker 10000 ms elapsed since last write check. | org.apache.activemq.transport.AbstractInactivityMonitor | ActiveMQ InactivityMonitor WriteCheckTimer
2025-10-29 02:56:57,507 | DEBUG | Running WriteCheck[tcp://172.18.0.3:38050] | org.apache.activemq.transport.AbstractInactivityMonitor | ActiveMQ InactivityMonitor Worker
2025-10-29 02:56:59,854 | DEBUG | 30000 ms elapsed since last read check. | org.apache.activemq.transport.AbstractInactivityMonitor | ActiveMQ InactivityMonitor ReadCheckTimer
2025-10-29 02:56:59,922 | DEBUG | WriteChecker 10001 ms elapsed since last write check. | org.apache.activemq.transport.AbstractInactivityMonitor | ActiveMQ InactivityMonitor WriteCheckTimer
2025-10-29 02:56:59,922 | DEBUG | Running WriteCheck[tcp://172.18.0.1:40982] | org.apache.activemq.transport.AbstractInactivityMonitor | ActiveMQ InactivityMonitor Worker
2025-10-29 02:57:02,055 | DEBUG | Checkpoint started. | org.apache.activemq.store.kahadb.MessageDatabase | ActiveMQ Journal Checkpoint Worker
2025-10-29 02:57:02,068 | DEBUG | Checkpoint done. | org.apache.activemq.store.kahadb.MessageDatabase | ActiveMQ Journal Checkpoint Worker
2025-10-29 02:57:06,098 | DEBUG | WriteChecker 10001 ms elapsed since last write check. | org.apache.activemq.transport.AbstractInactivityMonitor | ActiveMQ InactivityMonitor WriteCheckTimer
2025-10-29 02:57:06,099 | DEBUG | Running WriteCheck[tcp://172.18.0.1:49490] | org.apache.activemq.transport.AbstractInactivityMonitor | ActiveMQ InactivityMonitor Worker
2025-10-29 02:57:06,128 | DEBUG | WriteChecker 10001 ms elapsed since last write check. | org.apache.activemq.transport.AbstractInactivityMonitor | ActiveMQ InactivityMonitor WriteCheckTimer
2025-10-29 02:57:06,129 | DEBUG | Running WriteCheck[tcp://172.18.0.1:49496] | org.apache.activemq.transport.AbstractInactivityMonitor | ActiveMQ InactivityMonitor Worker
2025-10-29 02:57:07,072 | DEBUG | Checkpoint started. | org.apache.activemq.store.kahadb.MessageDatabase | ActiveMQ Journal Checkpoint Worker
2025-10-29 02:57:07,084 | DEBUG | Checkpoint done. | org.apache.activemq.store.kahadb.MessageDatabase | ActiveMQ Journal Checkpoint Worker
2025-10-29 02:57:07,507 | DEBUG | WriteChecker 10001 ms elapsed since last write check. | org.apache.activemq.transport.AbstractInactivityMonitor | ActiveMQ InactivityMonitor WriteCheckTimer
2025-10-29 02:57:07,507 | DEBUG | 30000 ms elapsed since last read check. | org.apache.activemq.transport.AbstractInactivityMonitor | ActiveMQ InactivityMonitor ReadCheckTimer
2025-10-29 02:57:07,507 | DEBUG | Running WriteCheck[tcp://172.18.0.3:38050] | org.apache.activemq.transport.AbstractInactivityMonitor | ActiveMQ InactivityMonitor Worker
2025-10-29 02:57:09,486 | DEBUG | queue://Consumer.A.VirtualTopic.Analysis expiring messages .. | org.apache.activemq.broker.region.Queue | ActiveMQ Broker[localhost] Scheduler
2025-10-29 02:57:09,489 | DEBUG | Consumer.A.VirtualTopic.Analysis toPageIn: 0, Inflight: 0, pagedInMessages.size 0, enqueueCount: 0, dequeueCount: 0 | org.apache.activemq.broker.region.Queue | ActiveMQ Broker[localhost] Scheduler
2025-10-29 02:57:09,490 | DEBUG | queue://Consumer.A.VirtualTopic.Analysis expiring messages done. | org.apache.activemq.broker.region.Queue | ActiveMQ Broker[localhost] Scheduler
2025-10-29 02:57:09,544 | DEBUG | queue://queue.analysis expiring messages .. | org.apache.activemq.broker.region.Queue | ActiveMQ Broker[localhost] Scheduler
2025-10-29 02:57:09,545 | DEBUG | queue.analysis toPageIn: 0, Inflight: 0, pagedInMessages.size 0, enqueueCount: 0, dequeueCount: 0 | org.apache.activemq.broker.region.Queue | ActiveMQ Broker[localhost] Scheduler
2025-10-29 02:57:09,546 | DEBUG | queue://queue.analysis expiring messages done. | org.apache.activemq.broker.region.Queue | ActiveMQ Broker[localhost] Scheduler
2025-10-29 02:57:09,922 | DEBUG | WriteChecker 10000 ms elapsed since last write check. | org.apache.activemq.transport.AbstractInactivityMonitor | ActiveMQ InactivityMonitor WriteCheckTimer
2025-10-29 02:57:09,923 | DEBUG | Running WriteCheck[tcp://172.18.0.1:40982] | org.apache.activemq.transport.AbstractInactivityMonitor | ActiveMQ InactivityMonitor Worker
2025-10-29 02:57:12,086 | DEBUG | Checkpoint started. | org.apache.activemq.store.kahadb.MessageDatabase | ActiveMQ Journal Checkpoint Worker
2025-10-29 02:57:12,101 | DEBUG | Checkpoint done. | org.apache.activemq.store.kahadb.MessageDatabase | ActiveMQ Journal Checkpoint Worker
2025-10-29 02:57:16,098 | DEBUG | WriteChecker 10000 ms elapsed since last write check. | org.apache.activemq.transport.AbstractInactivityMonitor | ActiveMQ InactivityMonitor WriteCheckTimer
2025-10-29 02:57:16,100 | DEBUG | Running WriteCheck[tcp://172.18.0.1:49490] | org.apache.activemq.transport.AbstractInactivityMonitor | ActiveMQ InactivityMonitor Worker
2025-10-29 02:57:16,129 | DEBUG | WriteChecker 10001 ms elapsed since last write check. | org.apache.activemq.transport.AbstractInactivityMonitor | ActiveMQ InactivityMonitor WriteCheckTimer
2025-10-29 02:57:16,129 | DEBUG | Running WriteCheck[tcp://172.18.0.1:49496] | org.apache.activemq.transport.AbstractInactivityMonitor | ActiveMQ InactivityMonitor Worker
2025-10-29 02:57:17,103 | DEBUG | Checkpoint started. | org.apache.activemq.store.kahadb.MessageDatabase | ActiveMQ Journal Checkpoint Worker
2025-10-29 02:57:17,116 | DEBUG | Checkpoint done. | org.apache.activemq.store.kahadb.MessageDatabase | ActiveMQ Journal Checkpoint Worker
2025-10-29 02:57:17,507 | DEBUG | WriteChecker 10000 ms elapsed since last write check. | org.apache.activemq.transport.AbstractInactivityMonitor | ActiveMQ InactivityMonitor WriteCheckTimer
2025-10-29 02:57:17,508 | DEBUG | Running WriteCheck[tcp://172.18.0.3:38050] | org.apache.activemq.transport.AbstractInactivityMonitor | ActiveMQ InactivityMonitor Worker
2025-10-29 02:57:19,922 | DEBUG | WriteChecker 10000 ms elapsed since last write check. | org.apache.activemq.transport.AbstractInactivityMonitor | ActiveMQ InactivityMonitor WriteCheckTimer
2025-10-29 02:57:19,923 | DEBUG | Running WriteCheck[tcp://172.18.0.1:40982] | org.apache.activemq.transport.AbstractInactivityMonitor | ActiveMQ InactivityMonitor Worker
2025-10-29 02:57:20,082 | DEBUG | queue://analysis.queue expiring messages .. | org.apache.activemq.broker.region.Queue | ActiveMQ Broker[localhost] Scheduler
2025-10-29 02:57:20,083 | DEBUG | analysis.queue toPageIn: 0, Inflight: 0, pagedInMessages.size 0, enqueueCount: 2, dequeueCount: 2 | org.apache.activemq.broker.region.Queue | ActiveMQ Broker[localhost] Scheduler
2025-10-29 02:57:20,083 | DEBUG | queue://analysis.queue expiring messages done. | org.apache.activemq.broker.region.Queue | ActiveMQ Broker[localhost] Scheduler
2025-10-29 02:57:22,118 | DEBUG | Checkpoint started. | org.apache.activemq.store.kahadb.MessageDatabase | ActiveMQ Journal Checkpoint Worker
2025-10-29 02:57:22,133 | DEBUG | Checkpoint done. | org.apache.activemq.store.kahadb.MessageDatabase | ActiveMQ Journal Checkpoint Worker
2025-10-29 02:57:25,077 | DEBUG | temp-queue://ID:351d5895b329-37485-1761699249168-2:7:1 expiring messages .. | org.apache.activemq.broker.region.Queue | ActiveMQ Broker[localhost] Scheduler
2025-10-29 02:57:25,078 | DEBUG | ID:351d5895b329-37485-1761699249168-2:7:1 toPageIn: 0, Inflight: 0, pagedInMessages.size 0, enqueueCount: 0, dequeueCount: 0 | org.apache.activemq.broker.region.Queue | ActiveMQ Broker[localhost] Scheduler
2025-10-29 02:57:25,078 | DEBUG | temp-queue://ID:351d5895b329-37485-1761699249168-2:7:1 expiring messages done. | org.apache.activemq.broker.region.Queue | ActiveMQ Broker[localhost] Scheduler
2025-10-29 02:57:26,080 | DEBUG | 30001 ms elapsed since last read check. | org.apache.activemq.transport.AbstractInactivityMonitor | ActiveMQ InactivityMonitor ReadCheckTimer
2025-10-29 02:57:26,098 | DEBUG | WriteChecker 10000 ms elapsed since last write check. | org.apache.activemq.transport.AbstractInactivityMonitor | ActiveMQ InactivityMonitor WriteCheckTimer
2025-10-29 02:57:26,099 | DEBUG | Running WriteCheck[tcp://172.18.0.1:49490] | org.apache.activemq.transport.AbstractInactivityMonitor | ActiveMQ InactivityMonitor Worker
2025-10-29 02:57:26,111 | DEBUG | 30000 ms elapsed since last read check. | org.apache.activemq.transport.AbstractInactivityMonitor | ActiveMQ InactivityMonitor ReadCheckTimer
2025-10-29 02:57:26,130 | DEBUG | WriteChecker 10001 ms elapsed since last write check. | org.apache.activemq.transport.AbstractInactivityMonitor | ActiveMQ InactivityMonitor WriteCheckTimer
2025-10-29 02:57:26,130 | DEBUG | Running WriteCheck[tcp://172.18.0.1:49496] | org.apache.activemq.transport.AbstractInactivityMonitor | ActiveMQ InactivityMonitor Worker
2025-10-29 02:57:27,134 | DEBUG | Checkpoint started. | org.apache.activemq.store.kahadb.MessageDatabase | ActiveMQ Journal Checkpoint Worker
2025-10-29 02:57:27,147 | DEBUG | Checkpoint done. | org.apache.activemq.store.kahadb.MessageDatabase | ActiveMQ Journal Checkpoint Worker
2025-10-29 02:57:27,507 | DEBUG | WriteChecker 10000 ms elapsed since last write check. | org.apache.activemq.transport.AbstractInactivityMonitor | ActiveMQ InactivityMonitor WriteCheckTimer
2025-10-29 02:57:27,508 | DEBUG | Running WriteCheck[tcp://172.18.0.3:38050] | org.apache.activemq.transport.AbstractInactivityMonitor | ActiveMQ InactivityMonitor Worker
2025-10-29 02:57:29,855 | DEBUG | 30000 ms elapsed since last read check. | org.apache.activemq.transport.AbstractInactivityMonitor | ActiveMQ InactivityMonitor ReadCheckTimer
2025-10-29 02:57:29,922 | DEBUG | WriteChecker 10000 ms elapsed since last write check. | org.apache.activemq.transport.AbstractInactivityMonitor | ActiveMQ InactivityMonitor WriteCheckTimer
2025-10-29 02:57:29,923 | DEBUG | Running WriteCheck[tcp://172.18.0.1:40982] | org.apache.activemq.transport.AbstractInactivityMonitor | ActiveMQ InactivityMonitor Worker
2025-10-29 02:57:32,149 | DEBUG | Checkpoint started. | org.apache.activemq.store.kahadb.MessageDatabase | ActiveMQ Journal Checkpoint Worker
2025-10-29 02:57:32,162 | DEBUG | Checkpoint done. | org.apache.activemq.store.kahadb.MessageDatabase | ActiveMQ Journal Checkpoint Worker
2025-10-29 02:57:36,098 | DEBUG | WriteChecker 10000 ms elapsed since last write check. | org.apache.activemq.transport.AbstractInactivityMonitor | ActiveMQ InactivityMonitor WriteCheckTimer
2025-10-29 02:57:36,099 | DEBUG | Running WriteCheck[tcp://172.18.0.1:49490] | org.apache.activemq.transport.AbstractInactivityMonitor | ActiveMQ InactivityMonitor Worker
2025-10-29 02:57:36,131 | DEBUG | WriteChecker 10000 ms elapsed since last write check. | org.apache.activemq.transport.AbstractInactivityMonitor | ActiveMQ InactivityMonitor WriteCheckTimer
2025-10-29 02:57:36,131 | DEBUG | Running WriteCheck[tcp://172.18.0.1:49496] | org.apache.activemq.transport.AbstractInactivityMonitor | ActiveMQ InactivityMonitor Worker
2025-10-29 02:57:37,164 | DEBUG | Checkpoint started. | org.apache.activemq.store.kahadb.MessageDatabase | ActiveMQ Journal Checkpoint Worker
2025-10-29 02:57:37,178 | DEBUG | Checkpoint done. | org.apache.activemq.store.kahadb.MessageDatabase | ActiveMQ Journal Checkpoint Worker
2025-10-29 02:57:37,507 | DEBUG | WriteChecker 10000 ms elapsed since last write check. | org.apache.activemq.transport.AbstractInactivityMonitor | ActiveMQ InactivityMonitor WriteCheckTimer
2025-10-29 02:57:37,507 | DEBUG | 30000 ms elapsed since last read check. | org.apache.activemq.transport.AbstractInactivityMonitor | ActiveMQ InactivityMonitor ReadCheckTimer
2025-10-29 02:57:37,508 | DEBUG | Running WriteCheck[tcp://172.18.0.3:38050] | org.apache.activemq.transport.AbstractInactivityMonitor | ActiveMQ InactivityMonitor Worker
2025-10-29 02:57:39,491 | DEBUG | queue://Consumer.A.VirtualTopic.Analysis expiring messages .. | org.apache.activemq.broker.region.Queue | ActiveMQ Broker[localhost] Scheduler
2025-10-29 02:57:39,491 | DEBUG | Consumer.A.VirtualTopic.Analysis toPageIn: 0, Inflight: 0, pagedInMessages.size 0, enqueueCount: 0, dequeueCount: 0 | org.apache.activemq.broker.region.Queue | ActiveMQ Broker[localhost] Scheduler
2025-10-29 02:57:39,492 | DEBUG | queue://Consumer.A.VirtualTopic.Analysis expiring messages done. | org.apache.activemq.broker.region.Queue | ActiveMQ Broker[localhost] Scheduler
2025-10-29 02:57:39,545 | DEBUG | queue://queue.analysis expiring messages .. | org.apache.activemq.broker.region.Queue | ActiveMQ Broker[localhost] Scheduler
2025-10-29 02:57:39,546 | DEBUG | queue.analysis toPageIn: 0, Inflight: 0, pagedInMessages.size 0, enqueueCount: 0, dequeueCount: 0 | org.apache.activemq.broker.region.Queue | ActiveMQ Broker[localhost] Scheduler
2025-10-29 02:57:39,546 | DEBUG | queue://queue.analysis expiring messages done. | org.apache.activemq.broker.region.Queue | ActiveMQ Broker[localhost] Scheduler
2025-10-29 02:57:39,922 | DEBUG | WriteChecker 10000 ms elapsed since last write check. | org.apache.activemq.transport.AbstractInactivityMonitor | ActiveMQ InactivityMonitor WriteCheckTimer
2025-10-29 02:57:39,923 | DEBUG | Running WriteCheck[tcp://172.18.0.1:40982] | org.apache.activemq.transport.AbstractInactivityMonitor | ActiveMQ InactivityMonitor Worker
2025-10-29 02:57:42,181 | DEBUG | Checkpoint started. | org.apache.activemq.store.kahadb.MessageDatabase | ActiveMQ Journal Checkpoint Worker
2025-10-29 02:57:42,194 | DEBUG | Checkpoint done. | org.apache.activemq.store.kahadb.MessageDatabase | ActiveMQ Journal Checkpoint Worker
2025-10-29 02:57:46,099 | DEBUG | WriteChecker 10001 ms elapsed since last write check. | org.apache.activemq.transport.AbstractInactivityMonitor | ActiveMQ InactivityMonitor WriteCheckTimer
2025-10-29 02:57:46,099 | DEBUG | Running WriteCheck[tcp://172.18.0.1:49490] | org.apache.activemq.transport.AbstractInactivityMonitor | ActiveMQ InactivityMonitor Worker
2025-10-29 02:57:46,131 | DEBUG | WriteChecker 10000 ms elapsed since last write check. | org.apache.activemq.transport.AbstractInactivityMonitor | ActiveMQ InactivityMonitor WriteCheckTimer
2025-10-29 02:57:46,131 | DEBUG | Running WriteCheck[tcp://172.18.0.1:49496] | org.apache.activemq.transport.AbstractInactivityMonitor | ActiveMQ InactivityMonitor Worker
2025-10-29 02:57:47,196 | DEBUG | Checkpoint started. | org.apache.activemq.store.kahadb.MessageDatabase | ActiveMQ Journal Checkpoint Worker
2025-10-29 02:57:47,208 | DEBUG | Checkpoint done. | org.apache.activemq.store.kahadb.MessageDatabase | ActiveMQ Journal Checkpoint Worker
2025-10-29 02:57:47,508 | DEBUG | WriteChecker 10001 ms elapsed since last write check. | org.apache.activemq.transport.AbstractInactivityMonitor | ActiveMQ InactivityMonitor WriteCheckTimer
2025-10-29 02:57:47,508 | DEBUG | Running WriteCheck[tcp://172.18.0.3:38050] | org.apache.activemq.transport.AbstractInactivityMonitor | ActiveMQ InactivityMonitor Worker
2025-10-29 02:57:49,922 | DEBUG | WriteChecker 10000 ms elapsed since last write check. | org.apache.activemq.transport.AbstractInactivityMonitor | ActiveMQ InactivityMonitor WriteCheckTimer
2025-10-29 02:57:49,923 | DEBUG | Running WriteCheck[tcp://172.18.0.1:40982] | org.apache.activemq.transport.AbstractInactivityMonitor | ActiveMQ InactivityMonitor Worker
2025-10-29 02:57:50,082 | DEBUG | queue://analysis.queue expiring messages .. | org.apache.activemq.broker.region.Queue | ActiveMQ Broker[localhost] Scheduler
2025-10-29 02:57:50,083 | DEBUG | analysis.queue toPageIn: 0, Inflight: 0, pagedInMessages.size 0, enqueueCount: 2, dequeueCount: 2 | org.apache.activemq.broker.region.Queue | ActiveMQ Broker[localhost] Scheduler
2025-10-29 02:57:50,083 | DEBUG | queue://analysis.queue expiring messages done. | org.apache.activemq.broker.region.Queue | ActiveMQ Broker[localhost] Scheduler
2025-10-29 02:57:52,210 | DEBUG | Checkpoint started. | org.apache.activemq.store.kahadb.MessageDatabase | ActiveMQ Journal Checkpoint Worker
2025-10-29 02:57:52,224 | DEBUG | Checkpoint done. | org.apache.activemq.store.kahadb.MessageDatabase | ActiveMQ Journal Checkpoint Worker
2025-10-29 02:57:55,077 | DEBUG | temp-queue://ID:351d5895b329-37485-1761699249168-2:7:1 expiring messages .. | org.apache.activemq.broker.region.Queue | ActiveMQ Broker[localhost] Scheduler
2025-10-29 02:57:55,077 | DEBUG | ID:351d5895b329-37485-1761699249168-2:7:1 toPageIn: 0, Inflight: 0, pagedInMessages.size 0, enqueueCount: 0, dequeueCount: 0 | org.apache.activemq.broker.region.Queue | ActiveMQ Broker[localhost] Scheduler
2025-10-29 02:57:55,078 | DEBUG | temp-queue://ID:351d5895b329-37485-1761699249168-2:7:1 expiring messages done. | org.apache.activemq.broker.region.Queue | ActiveMQ Broker[localhost] Scheduler
2025-10-29 02:57:56,080 | DEBUG | 30000 ms elapsed since last read check. | org.apache.activemq.transport.AbstractInactivityMonitor | ActiveMQ InactivityMonitor ReadCheckTimer
2025-10-29 02:57:56,099 | DEBUG | WriteChecker 10000 ms elapsed since last write check. | org.apache.activemq.transport.AbstractInactivityMonitor | ActiveMQ InactivityMonitor WriteCheckTimer
2025-10-29 02:57:56,099 | DEBUG | Running WriteCheck[tcp://172.18.0.1:49490] | org.apache.activemq.transport.AbstractInactivityMonitor | ActiveMQ InactivityMonitor Worker
2025-10-29 02:57:56,112 | DEBUG | 30000 ms elapsed since last read check. | org.apache.activemq.transport.AbstractInactivityMonitor | ActiveMQ InactivityMonitor ReadCheckTimer
2025-10-29 02:57:56,130 | DEBUG | WriteChecker 10000 ms elapsed since last write check. | org.apache.activemq.transport.AbstractInactivityMonitor | ActiveMQ InactivityMonitor WriteCheckTimer
2025-10-29 02:57:56,131 | DEBUG | Running WriteCheck[tcp://172.18.0.1:49496] | org.apache.activemq.transport.AbstractInactivityMonitor | ActiveMQ InactivityMonitor Worker
2025-10-29 02:57:57,223 | DEBUG | Checkpoint started. | org.apache.activemq.store.kahadb.MessageDatabase | ActiveMQ Journal Checkpoint Worker
2025-10-29 02:57:57,237 | DEBUG | Checkpoint done. | org.apache.activemq.store.kahadb.MessageDatabase | ActiveMQ Journal Checkpoint Worker
2025-10-29 02:57:57,508 | DEBUG | WriteChecker 10000 ms elapsed since last write check. | org.apache.activemq.transport.AbstractInactivityMonitor | ActiveMQ InactivityMonitor WriteCheckTimer
2025-10-29 02:57:57,509 | DEBUG | Running WriteCheck[tcp://172.18.0.3:38050] | org.apache.activemq.transport.AbstractInactivityMonitor | ActiveMQ InactivityMonitor Worker
2025-10-29 02:57:59,855 | DEBUG | 30001 ms elapsed since last read check. | org.apache.activemq.transport.AbstractInactivityMonitor | ActiveMQ InactivityMonitor ReadCheckTimer
2025-10-29 02:57:59,922 | DEBUG | WriteChecker 10000 ms elapsed since last write check. | org.apache.activemq.transport.AbstractInactivityMonitor | ActiveMQ InactivityMonitor WriteCheckTimer
2025-10-29 02:57:59,923 | DEBUG | Running WriteCheck[tcp://172.18.0.1:40982] | org.apache.activemq.transport.AbstractInactivityMonitor | ActiveMQ InactivityMonitor Worker
2025-10-29 02:58:02,240 | DEBUG | Checkpoint started. | org.apache.activemq.store.kahadb.MessageDatabase | ActiveMQ Journal Checkpoint Worker
2025-10-29 02:58:02,255 | DEBUG | Checkpoint done. | org.apache.activemq.store.kahadb.MessageDatabase | ActiveMQ Journal Checkpoint Worker
2025-10-29 02:58:06,099 | DEBUG | WriteChecker 10000 ms elapsed since last write check. | org.apache.activemq.transport.AbstractInactivityMonitor | ActiveMQ InactivityMonitor WriteCheckTimer
2025-10-29 02:58:06,099 | DEBUG | Running WriteCheck[tcp://172.18.0.1:49490] | org.apache.activemq.transport.AbstractInactivityMonitor | ActiveMQ InactivityMonitor Worker
2025-10-29 02:58:06,131 | DEBUG | WriteChecker 10001 ms elapsed since last write check. | org.apache.activemq.transport.AbstractInactivityMonitor | ActiveMQ InactivityMonitor WriteCheckTimer
2025-10-29 02:58:06,131 | DEBUG | Running WriteCheck[tcp://172.18.0.1:49496] | org.apache.activemq.transport.AbstractInactivityMonitor | ActiveMQ InactivityMonitor Worker
2025-10-29 02:58:07,259 | DEBUG | Checkpoint started. | org.apache.activemq.store.kahadb.MessageDatabase | ActiveMQ Journal Checkpoint Worker
2025-10-29 02:58:07,275 | DEBUG | Checkpoint done. | org.apache.activemq.store.kahadb.MessageDatabase | ActiveMQ Journal Checkpoint Worker
2025-10-29 02:58:07,507 | DEBUG | 30000 ms elapsed since last read check. | org.apache.activemq.transport.AbstractInactivityMonitor | ActiveMQ InactivityMonitor ReadCheckTimer
2025-10-29 02:58:07,508 | DEBUG | WriteChecker 10000 ms elapsed since last write check. | org.apache.activemq.transport.AbstractInactivityMonitor | ActiveMQ InactivityMonitor WriteCheckTimer
2025-10-29 02:58:07,509 | DEBUG | Running WriteCheck[tcp://172.18.0.3:38050] | org.apache.activemq.transport.AbstractInactivityMonitor | ActiveMQ InactivityMonitor Worker
2025-10-29 02:58:09,488 | DEBUG | queue://Consumer.A.VirtualTopic.Analysis expiring messages .. | org.apache.activemq.broker.region.Queue | ActiveMQ Broker[localhost] Scheduler
2025-10-29 02:58:09,488 | DEBUG | Consumer.A.VirtualTopic.Analysis toPageIn: 0, Inflight: 0, pagedInMessages.size 0, enqueueCount: 0, dequeueCount: 0 | org.apache.activemq.broker.region.Queue | ActiveMQ Broker[localhost] Scheduler
2025-10-29 02:58:09,489 | DEBUG | queue://Consumer.A.VirtualTopic.Analysis expiring messages done. | org.apache.activemq.broker.region.Queue | ActiveMQ Broker[localhost] Scheduler
2025-10-29 02:58:09,545 | DEBUG | queue://queue.analysis expiring messages .. | org.apache.activemq.broker.region.Queue | ActiveMQ Broker[localhost] Scheduler
2025-10-29 02:58:09,546 | DEBUG | queue.analysis toPageIn: 0, Inflight: 0, pagedInMessages.size 0, enqueueCount: 0, dequeueCount: 0 | org.apache.activemq.broker.region.Queue | ActiveMQ Broker[localhost] Scheduler
2025-10-29 02:58:09,546 | DEBUG | queue://queue.analysis expiring messages done. | org.apache.activemq.broker.region.Queue | ActiveMQ Broker[localhost] Scheduler
2025-10-29 02:58:09,922 | DEBUG | WriteChecker 10000 ms elapsed since last write check. | org.apache.activemq.transport.AbstractInactivityMonitor | ActiveMQ InactivityMonitor WriteCheckTimer
2025-10-29 02:58:09,923 | DEBUG | Running WriteCheck[tcp://172.18.0.1:40982] | org.apache.activemq.transport.AbstractInactivityMonitor | ActiveMQ InactivityMonitor Worker
2025-10-29 02:58:12,277 | DEBUG | Checkpoint started. | org.apache.activemq.store.kahadb.MessageDatabase | ActiveMQ Journal Checkpoint Worker
2025-10-29 02:58:12,290 | DEBUG | Checkpoint done. | org.apache.activemq.store.kahadb.MessageDatabase | ActiveMQ Journal Checkpoint Worker
2025-10-29 02:58:16,099 | DEBUG | WriteChecker 10000 ms elapsed since last write check. | org.apache.activemq.transport.AbstractInactivityMonitor | ActiveMQ InactivityMonitor WriteCheckTimer
2025-10-29 02:58:16,100 | DEBUG | Running WriteCheck[tcp://172.18.0.1:49490] | org.apache.activemq.transport.AbstractInactivityMonitor | ActiveMQ InactivityMonitor Worker
2025-10-29 02:58:16,131 | DEBUG | WriteChecker 10000 ms elapsed since last write check. | org.apache.activemq.transport.AbstractInactivityMonitor | ActiveMQ InactivityMonitor WriteCheckTimer
2025-10-29 02:58:16,131 | DEBUG | Running WriteCheck[tcp://172.18.0.1:49496] | org.apache.activemq.transport.AbstractInactivityMonitor | ActiveMQ InactivityMonitor Worker
2025-10-29 02:58:17,293 | DEBUG | Checkpoint started. | org.apache.activemq.store.kahadb.MessageDatabase | ActiveMQ Journal Checkpoint Worker
2025-10-29 02:58:17,306 | DEBUG | Checkpoint done. | org.apache.activemq.store.kahadb.MessageDatabase | ActiveMQ Journal Checkpoint Worker
2025-10-29 02:58:17,508 | DEBUG | WriteChecker 10000 ms elapsed since last write check. | org.apache.activemq.transport.AbstractInactivityMonitor | ActiveMQ InactivityMonitor WriteCheckTimer
2025-10-29 02:58:17,509 | DEBUG | Running WriteCheck[tcp://172.18.0.3:38050] | org.apache.activemq.transport.AbstractInactivityMonitor | ActiveMQ InactivityMonitor Worker
2025-10-29 02:58:19,922 | DEBUG | WriteChecker 10000 ms elapsed since last write check. | org.apache.activemq.transport.AbstractInactivityMonitor | ActiveMQ InactivityMonitor WriteCheckTimer
2025-10-29 02:58:19,922 | DEBUG | Running WriteCheck[tcp://172.18.0.1:40982] | org.apache.activemq.transport.AbstractInactivityMonitor | ActiveMQ InactivityMonitor Worker
2025-10-29 02:58:20,082 | DEBUG | queue://analysis.queue expiring messages .. | org.apache.activemq.broker.region.Queue | ActiveMQ Broker[localhost] Scheduler
2025-10-29 02:58:20,083 | DEBUG | analysis.queue toPageIn: 0, Inflight: 0, pagedInMessages.size 0, enqueueCount: 2, dequeueCount: 2 | org.apache.activemq.broker.region.Queue | ActiveMQ Broker[localhost] Scheduler
2025-10-29 02:58:20,083 | DEBUG | queue://analysis.queue expiring messages done. | org.apache.activemq.broker.region.Queue | ActiveMQ Broker[localhost] Scheduler
2025-10-29 02:58:22,309 | DEBUG | Checkpoint started. | org.apache.activemq.store.kahadb.MessageDatabase | ActiveMQ Journal Checkpoint Worker
2025-10-29 02:58:22,325 | DEBUG | Checkpoint done. | org.apache.activemq.store.kahadb.MessageDatabase | ActiveMQ Journal Checkpoint Worker
2025-10-29 02:58:25,077 | DEBUG | temp-queue://ID:351d5895b329-37485-1761699249168-2:7:1 expiring messages .. | org.apache.activemq.broker.region.Queue | ActiveMQ Broker[localhost] Scheduler
2025-10-29 02:58:25,078 | DEBUG | ID:351d5895b329-37485-1761699249168-2:7:1 toPageIn: 0, Inflight: 0, pagedInMessages.size 0, enqueueCount: 0, dequeueCount: 0 | org.apache.activemq.broker.region.Queue | ActiveMQ Broker[localhost] Scheduler
2025-10-29 02:58:25,078 | DEBUG | temp-queue://ID:351d5895b329-37485-1761699249168-2:7:1 expiring messages done. | org.apache.activemq.broker.region.Queue | ActiveMQ Broker[localhost] Scheduler
2025-10-29 02:58:26,080 | DEBUG | 30000 ms elapsed since last read check. | org.apache.activemq.transport.AbstractInactivityMonitor | ActiveMQ InactivityMonitor ReadCheckTimer
2025-10-29 02:58:26,099 | DEBUG | WriteChecker 10000 ms elapsed since last write check. | org.apache.activemq.transport.AbstractInactivityMonitor | ActiveMQ InactivityMonitor WriteCheckTimer
2025-10-29 02:58:26,100 | DEBUG | Running WriteCheck[tcp://172.18.0.1:49490] | org.apache.activemq.transport.AbstractInactivityMonitor | ActiveMQ InactivityMonitor Worker
2025-10-29 02:58:26,111 | DEBUG | 30000 ms elapsed since last read check. | org.apache.activemq.transport.AbstractInactivityMonitor | ActiveMQ InactivityMonitor ReadCheckTimer
2025-10-29 02:58:26,131 | DEBUG | WriteChecker 10000 ms elapsed since last write check. | org.apache.activemq.transport.AbstractInactivityMonitor | ActiveMQ InactivityMonitor WriteCheckTimer
2025-10-29 02:58:26,132 | DEBUG | Running WriteCheck[tcp://172.18.0.1:49496] | org.apache.activemq.transport.AbstractInactivityMonitor | ActiveMQ InactivityMonitor Worker
2025-10-29 02:58:27,325 | DEBUG | Checkpoint started. | org.apache.activemq.store.kahadb.MessageDatabase | ActiveMQ Journal Checkpoint Worker
2025-10-29 02:58:27,341 | DEBUG | Checkpoint done. | org.apache.activemq.store.kahadb.MessageDatabase | ActiveMQ Journal Checkpoint Worker
2025-10-29 02:58:27,508 | DEBUG | WriteChecker 10000 ms elapsed since last write check. | org.apache.activemq.transport.AbstractInactivityMonitor | ActiveMQ InactivityMonitor WriteCheckTimer
2025-10-29 02:58:27,508 | DEBUG | Running WriteCheck[tcp://172.18.0.3:38050] | org.apache.activemq.transport.AbstractInactivityMonitor | ActiveMQ InactivityMonitor Worker
2025-10-29 02:58:29,855 | DEBUG | 30000 ms elapsed since last read check. | org.apache.activemq.transport.AbstractInactivityMonitor | ActiveMQ InactivityMonitor ReadCheckTimer
2025-10-29 02:58:29,922 | DEBUG | WriteChecker 10000 ms elapsed since last write check. | org.apache.activemq.transport.AbstractInactivityMonitor | ActiveMQ InactivityMonitor WriteCheckTimer
2025-10-29 02:58:29,923 | DEBUG | Running WriteCheck[tcp://172.18.0.1:40982] | org.apache.activemq.transport.AbstractInactivityMonitor | ActiveMQ InactivityMonitor Worker
2025-10-29 02:58:32,343 | DEBUG | Checkpoint started. | org.apache.activemq.store.kahadb.MessageDatabase | ActiveMQ Journal Checkpoint Worker
2025-10-29 02:58:32,357 | DEBUG | Checkpoint done. | org.apache.activemq.store.kahadb.MessageDatabase | ActiveMQ Journal Checkpoint Worker
2025-10-29 02:58:36,099 | DEBUG | WriteChecker 10000 ms elapsed since last write check. | org.apache.activemq.transport.AbstractInactivityMonitor | ActiveMQ InactivityMonitor WriteCheckTimer
2025-10-29 02:58:36,100 | DEBUG | Running WriteCheck[tcp://172.18.0.1:49490] | org.apache.activemq.transport.AbstractInactivityMonitor | ActiveMQ InactivityMonitor Worker
2025-10-29 02:58:36,131 | DEBUG | WriteChecker 10000 ms elapsed since last write check. | org.apache.activemq.transport.AbstractInactivityMonitor | ActiveMQ InactivityMonitor WriteCheckTimer
2025-10-29 02:58:36,131 | DEBUG | Running WriteCheck[tcp://172.18.0.1:49496] | org.apache.activemq.transport.AbstractInactivityMonitor | ActiveMQ InactivityMonitor Worker
2025-10-29 02:58:37,360 | DEBUG | Checkpoint started. | org.apache.activemq.store.kahadb.MessageDatabase | ActiveMQ Journal Checkpoint Worker
2025-10-29 02:58:37,375 | DEBUG | Checkpoint done. | org.apache.activemq.store.kahadb.MessageDatabase | ActiveMQ Journal Checkpoint Worker
2025-10-29 02:58:37,507 | DEBUG | 30000 ms elapsed since last read check. | org.apache.activemq.transport.AbstractInactivityMonitor | ActiveMQ InactivityMonitor ReadCheckTimer
2025-10-29 02:58:37,508 | DEBUG | WriteChecker 10000 ms elapsed since last write check. | org.apache.activemq.transport.AbstractInactivityMonitor | ActiveMQ InactivityMonitor WriteCheckTimer
2025-10-29 02:58:37,509 | DEBUG | Running WriteCheck[tcp://172.18.0.3:38050] | org.apache.activemq.transport.AbstractInactivityMonitor | ActiveMQ InactivityMonitor Worker
2025-10-29 02:58:39,489 | DEBUG | queue://Consumer.A.VirtualTopic.Analysis expiring messages .. | org.apache.activemq.broker.region.Queue | ActiveMQ Broker[localhost] Scheduler
2025-10-29 02:58:39,489 | DEBUG | Consumer.A.VirtualTopic.Analysis toPageIn: 0, Inflight: 0, pagedInMessages.size 0, enqueueCount: 0, dequeueCount: 0 | org.apache.activemq.broker.region.Queue | ActiveMQ Broker[localhost] Scheduler
2025-10-29 02:58:39,489 | DEBUG | queue://Consumer.A.VirtualTopic.Analysis expiring messages done. | org.apache.activemq.broker.region.Queue | ActiveMQ Broker[localhost] Scheduler
2025-10-29 02:58:39,545 | DEBUG | queue://queue.analysis expiring messages .. | org.apache.activemq.broker.region.Queue | ActiveMQ Broker[localhost] Scheduler
2025-10-29 02:58:39,546 | DEBUG | queue.analysis toPageIn: 0, Inflight: 0, pagedInMessages.size 0, enqueueCount: 0, dequeueCount: 0 | org.apache.activemq.broker.region.Queue | ActiveMQ Broker[localhost] Scheduler
2025-10-29 02:58:39,546 | DEBUG | queue://queue.analysis expiring messages done. | org.apache.activemq.broker.region.Queue | ActiveMQ Broker[localhost] Scheduler
2025-10-29 02:58:39,922 | DEBUG | WriteChecker 10000 ms elapsed since last write check. | org.apache.activemq.transport.AbstractInactivityMonitor | ActiveMQ InactivityMonitor WriteCheckTimer
2025-10-29 02:58:39,923 | DEBUG | Running WriteCheck[tcp://172.18.0.1:40982] | org.apache.activemq.transport.AbstractInactivityMonitor | ActiveMQ InactivityMonitor Worker
2025-10-29 02:58:42,378 | DEBUG | Checkpoint started. | org.apache.activemq.store.kahadb.MessageDatabase | ActiveMQ Journal Checkpoint Worker
2025-10-29 02:58:42,391 | DEBUG | Checkpoint done. | org.apache.activemq.store.kahadb.MessageDatabase | ActiveMQ Journal Checkpoint Worker
2025-10-29 02:58:46,099 | DEBUG | WriteChecker 10000 ms elapsed since last write check. | org.apache.activemq.transport.AbstractInactivityMonitor | ActiveMQ InactivityMonitor WriteCheckTimer
2025-10-29 02:58:46,099 | DEBUG | Running WriteCheck[tcp://172.18.0.1:49490] | org.apache.activemq.transport.AbstractInactivityMonitor | ActiveMQ InactivityMonitor Worker
2025-10-29 02:58:46,131 | DEBUG | WriteChecker 10000 ms elapsed since last write check. | org.apache.activemq.transport.AbstractInactivityMonitor | ActiveMQ InactivityMonitor WriteCheckTimer
2025-10-29 02:58:46,132 | DEBUG | Running WriteCheck[tcp://172.18.0.1:49496] | org.apache.activemq.transport.AbstractInactivityMonitor | ActiveMQ InactivityMonitor Worker
2025-10-29 02:58:47,394 | DEBUG | Checkpoint started. | org.apache.activemq.store.kahadb.MessageDatabase | ActiveMQ Journal Checkpoint Worker
2025-10-29 02:58:47,407 | DEBUG | Checkpoint done. | org.apache.activemq.store.kahadb.MessageDatabase | ActiveMQ Journal Checkpoint Worker
2025-10-29 02:58:47,508 | DEBUG | WriteChecker 10000 ms elapsed since last write check. | org.apache.activemq.transport.AbstractInactivityMonitor | ActiveMQ InactivityMonitor WriteCheckTimer
2025-10-29 02:58:47,509 | DEBUG | Running WriteCheck[tcp://172.18.0.3:38050] | org.apache.activemq.transport.AbstractInactivityMonitor | ActiveMQ InactivityMonitor Worker
2025-10-29 02:58:49,922 | DEBUG | WriteChecker 10000 ms elapsed since last write check. | org.apache.activemq.transport.AbstractInactivityMonitor | ActiveMQ InactivityMonitor WriteCheckTimer
2025-10-29 02:58:49,922 | DEBUG | Running WriteCheck[tcp://172.18.0.1:40982] | org.apache.activemq.transport.AbstractInactivityMonitor | ActiveMQ InactivityMonitor Worker
2025-10-29 02:58:50,082 | DEBUG | queue://analysis.queue expiring messages .. | org.apache.activemq.broker.region.Queue | ActiveMQ Broker[localhost] Scheduler
2025-10-29 02:58:50,082 | DEBUG | analysis.queue toPageIn: 0, Inflight: 0, pagedInMessages.size 0, enqueueCount: 2, dequeueCount: 2 | org.apache.activemq.broker.region.Queue | ActiveMQ Broker[localhost] Scheduler
2025-10-29 02:58:50,083 | DEBUG | queue://analysis.queue expiring messages done. | org.apache.activemq.broker.region.Queue | ActiveMQ Broker[localhost] Scheduler
2025-10-29 02:58:52,410 | DEBUG | Checkpoint started. | org.apache.activemq.store.kahadb.MessageDatabase | ActiveMQ Journal Checkpoint Worker
2025-10-29 02:58:52,424 | DEBUG | Checkpoint done. | org.apache.activemq.store.kahadb.MessageDatabase | ActiveMQ Journal Checkpoint Worker
2025-10-29 02:58:55,077 | DEBUG | temp-queue://ID:351d5895b329-37485-1761699249168-2:7:1 expiring messages .. | org.apache.activemq.broker.region.Queue | ActiveMQ Broker[localhost] Scheduler
2025-10-29 02:58:55,079 | DEBUG | ID:351d5895b329-37485-1761699249168-2:7:1 toPageIn: 0, Inflight: 0, pagedInMessages.size 0, enqueueCount: 0, dequeueCount: 0 | org.apache.activemq.broker.region.Queue | ActiveMQ Broker[localhost] Scheduler
2025-10-29 02:58:55,080 | DEBUG | temp-queue://ID:351d5895b329-37485-1761699249168-2:7:1 expiring messages done. | org.apache.activemq.broker.region.Queue | ActiveMQ Broker[localhost] Scheduler
2025-10-29 02:58:56,080 | DEBUG | 30000 ms elapsed since last read check. | org.apache.activemq.transport.AbstractInactivityMonitor | ActiveMQ InactivityMonitor ReadCheckTimer
2025-10-29 02:58:56,099 | DEBUG | WriteChecker 10000 ms elapsed since last write check. | org.apache.activemq.transport.AbstractInactivityMonitor | ActiveMQ InactivityMonitor WriteCheckTimer
2025-10-29 02:58:56,099 | DEBUG | Running WriteCheck[tcp://172.18.0.1:49490] | org.apache.activemq.transport.AbstractInactivityMonitor | ActiveMQ InactivityMonitor Worker
2025-10-29 02:58:56,112 | DEBUG | 30001 ms elapsed since last read check. | org.apache.activemq.transport.AbstractInactivityMonitor | ActiveMQ InactivityMonitor ReadCheckTimer
2025-10-29 02:58:56,131 | DEBUG | WriteChecker 10000 ms elapsed since last write check. | org.apache.activemq.transport.AbstractInactivityMonitor | ActiveMQ InactivityMonitor WriteCheckTimer
2025-10-29 02:58:56,133 | DEBUG | Running WriteCheck[tcp://172.18.0.1:49496] | org.apache.activemq.transport.AbstractInactivityMonitor | ActiveMQ InactivityMonitor Worker
2025-10-29 02:58:57,424 | DEBUG | Checkpoint started. | org.apache.activemq.store.kahadb.MessageDatabase | ActiveMQ Journal Checkpoint Worker
2025-10-29 02:58:57,440 | DEBUG | Checkpoint done. | org.apache.activemq.store.kahadb.MessageDatabase | ActiveMQ Journal Checkpoint Worker
2025-10-29 02:58:57,508 | DEBUG | WriteChecker 10000 ms elapsed since last write check. | org.apache.activemq.transport.AbstractInactivityMonitor | ActiveMQ InactivityMonitor WriteCheckTimer
2025-10-29 02:58:57,509 | DEBUG | Running WriteCheck[tcp://172.18.0.3:38050] | org.apache.activemq.transport.AbstractInactivityMonitor | ActiveMQ InactivityMonitor Worker
2025-10-29 02:58:59,855 | DEBUG | 30000 ms elapsed since last read check. | org.apache.activemq.transport.AbstractInactivityMonitor | ActiveMQ InactivityMonitor ReadCheckTimer
2025-10-29 02:58:59,922 | DEBUG | WriteChecker 10000 ms elapsed since last write check. | org.apache.activemq.transport.AbstractInactivityMonitor | ActiveMQ InactivityMonitor WriteCheckTimer
2025-10-29 02:58:59,923 | DEBUG | Running WriteCheck[tcp://172.18.0.1:40982] | org.apache.activemq.transport.AbstractInactivityMonitor | ActiveMQ InactivityMonitor Worker
2025-10-29 02:59:02,442 | DEBUG | Checkpoint started. | org.apache.activemq.store.kahadb.MessageDatabase | ActiveMQ Journal Checkpoint Worker
2025-10-29 02:59:02,458 | DEBUG | Checkpoint done. | org.apache.activemq.store.kahadb.MessageDatabase | ActiveMQ Journal Checkpoint Worker
2025-10-29 02:59:06,099 | DEBUG | WriteChecker 10000 ms elapsed since last write check. | org.apache.activemq.transport.AbstractInactivityMonitor | ActiveMQ InactivityMonitor WriteCheckTimer
2025-10-29 02:59:06,099 | DEBUG | Running WriteCheck[tcp://172.18.0.1:49490] | org.apache.activemq.transport.AbstractInactivityMonitor | ActiveMQ InactivityMonitor Worker
2025-10-29 02:59:06,131 | DEBUG | WriteChecker 10000 ms elapsed since last write check. | org.apache.activemq.transport.AbstractInactivityMonitor | ActiveMQ InactivityMonitor WriteCheckTimer
2025-10-29 02:59:06,132 | DEBUG | Running WriteCheck[tcp://172.18.0.1:49496] | org.apache.activemq.transport.AbstractInactivityMonitor | ActiveMQ InactivityMonitor Worker
2025-10-29 02:59:07,461 | DEBUG | Checkpoint started. | org.apache.activemq.store.kahadb.MessageDatabase | ActiveMQ Journal Checkpoint Worker
2025-10-29 02:59:07,476 | DEBUG | Checkpoint done. | org.apache.activemq.store.kahadb.MessageDatabase | ActiveMQ Journal Checkpoint Worker
2025-10-29 02:59:07,507 | DEBUG | 30000 ms elapsed since last read check. | org.apache.activemq.transport.AbstractInactivityMonitor | ActiveMQ InactivityMonitor ReadCheckTimer
2025-10-29 02:59:07,508 | DEBUG | WriteChecker 10000 ms elapsed since last write check. | org.apache.activemq.transport.AbstractInactivityMonitor | ActiveMQ InactivityMonitor WriteCheckTimer
2025-10-29 02:59:07,509 | DEBUG | Running WriteCheck[tcp://172.18.0.3:38050] | org.apache.activemq.transport.AbstractInactivityMonitor | ActiveMQ InactivityMonitor Worker
2025-10-29 02:59:09,489 | DEBUG | queue://Consumer.A.VirtualTopic.Analysis expiring messages .. | org.apache.activemq.broker.region.Queue | ActiveMQ Broker[localhost] Scheduler
2025-10-29 02:59:09,490 | DEBUG | Consumer.A.VirtualTopic.Analysis toPageIn: 0, Inflight: 0, pagedInMessages.size 0, enqueueCount: 0, dequeueCount: 0 | org.apache.activemq.broker.region.Queue | ActiveMQ Broker[localhost] Scheduler
2025-10-29 02:59:09,490 | DEBUG | queue://Consumer.A.VirtualTopic.Analysis expiring messages done. | org.apache.activemq.broker.region.Queue | ActiveMQ Broker[localhost] Scheduler
2025-10-29 02:59:09,545 | DEBUG | queue://queue.analysis expiring messages .. | org.apache.activemq.broker.region.Queue | ActiveMQ Broker[localhost] Scheduler
2025-10-29 02:59:09,545 | DEBUG | queue.analysis toPageIn: 0, Inflight: 0, pagedInMessages.size 0, enqueueCount: 0, dequeueCount: 0 | org.apache.activemq.broker.region.Queue | ActiveMQ Broker[localhost] Scheduler
2025-10-29 02:59:09,546 | DEBUG | queue://queue.analysis expiring messages done. | org.apache.activemq.broker.region.Queue | ActiveMQ Broker[localhost] Scheduler
2025-10-29 02:59:09,922 | DEBUG | WriteChecker 10000 ms elapsed since last write check. | org.apache.activemq.transport.AbstractInactivityMonitor | ActiveMQ InactivityMonitor WriteCheckTimer
2025-10-29 02:59:09,922 | DEBUG | Running WriteCheck[tcp://172.18.0.1:40982] | org.apache.activemq.transport.AbstractInactivityMonitor | ActiveMQ InactivityMonitor Worker
2025-10-29 02:59:12,479 | DEBUG | Checkpoint started. | org.apache.activemq.store.kahadb.MessageDatabase | ActiveMQ Journal Checkpoint Worker
2025-10-29 02:59:12,494 | DEBUG | Checkpoint done. | org.apache.activemq.store.kahadb.MessageDatabase | ActiveMQ Journal Checkpoint Worker
2025-10-29 02:59:16,099 | DEBUG | WriteChecker 10000 ms elapsed since last write check. | org.apache.activemq.transport.AbstractInactivityMonitor | ActiveMQ InactivityMonitor WriteCheckTimer
2025-10-29 02:59:16,100 | DEBUG | Running WriteCheck[tcp://172.18.0.1:49490] | org.apache.activemq.transport.AbstractInactivityMonitor | ActiveMQ InactivityMonitor Worker
2025-10-29 02:59:16,131 | DEBUG | WriteChecker 10000 ms elapsed since last write check. | org.apache.activemq.transport.AbstractInactivityMonitor | ActiveMQ InactivityMonitor WriteCheckTimer
2025-10-29 02:59:16,132 | DEBUG | Running WriteCheck[tcp://172.18.0.1:49496] | org.apache.activemq.transport.AbstractInactivityMonitor | ActiveMQ InactivityMonitor Worker
2025-10-29 02:59:17,497 | DEBUG | Checkpoint started. | org.apache.activemq.store.kahadb.MessageDatabase | ActiveMQ Journal Checkpoint Worker
2025-10-29 02:59:17,508 | DEBUG | WriteChecker 10000 ms elapsed since last write check. | org.apache.activemq.transport.AbstractInactivityMonitor | ActiveMQ InactivityMonitor WriteCheckTimer
2025-10-29 02:59:17,508 | DEBUG | Running WriteCheck[tcp://172.18.0.3:38050] | org.apache.activemq.transport.AbstractInactivityMonitor | ActiveMQ InactivityMonitor Worker
2025-10-29 02:59:17,512 | DEBUG | Checkpoint done. | org.apache.activemq.store.kahadb.MessageDatabase | ActiveMQ Journal Checkpoint Worker
2025-10-29 02:59:19,922 | DEBUG | WriteChecker 10000 ms elapsed since last write check. | org.apache.activemq.transport.AbstractInactivityMonitor | ActiveMQ InactivityMonitor WriteCheckTimer
2025-10-29 02:59:19,924 | DEBUG | Running WriteCheck[tcp://172.18.0.1:40982] | org.apache.activemq.transport.AbstractInactivityMonitor | ActiveMQ InactivityMonitor Worker
2025-10-29 02:59:20,082 | DEBUG | queue://analysis.queue expiring messages .. | org.apache.activemq.broker.region.Queue | ActiveMQ Broker[localhost] Scheduler
2025-10-29 02:59:20,082 | DEBUG | analysis.queue toPageIn: 0, Inflight: 0, pagedInMessages.size 0, enqueueCount: 2, dequeueCount: 2 | org.apache.activemq.broker.region.Queue | ActiveMQ Broker[localhost] Scheduler
2025-10-29 02:59:20,083 | DEBUG | queue://analysis.queue expiring messages done. | org.apache.activemq.broker.region.Queue | ActiveMQ Broker[localhost] Scheduler
2025-10-29 02:59:22,514 | DEBUG | Checkpoint started. | org.apache.activemq.store.kahadb.MessageDatabase | ActiveMQ Journal Checkpoint Worker
2025-10-29 02:59:22,529 | DEBUG | Checkpoint done. | org.apache.activemq.store.kahadb.MessageDatabase | ActiveMQ Journal Checkpoint Worker
2025-10-29 02:59:25,077 | DEBUG | temp-queue://ID:351d5895b329-37485-1761699249168-2:7:1 expiring messages .. | org.apache.activemq.broker.region.Queue | ActiveMQ Broker[localhost] Scheduler
2025-10-29 02:59:25,077 | DEBUG | ID:351d5895b329-37485-1761699249168-2:7:1 toPageIn: 0, Inflight: 0, pagedInMessages.size 0, enqueueCount: 0, dequeueCount: 0 | org.apache.activemq.broker.region.Queue | ActiveMQ Broker[localhost] Scheduler
2025-10-29 02:59:25,078 | DEBUG | temp-queue://ID:351d5895b329-37485-1761699249168-2:7:1 expiring messages done. | org.apache.activemq.broker.region.Queue | ActiveMQ Broker[localhost] Scheduler
2025-10-29 02:59:26,080 | DEBUG | 30000 ms elapsed since last read check. | org.apache.activemq.transport.AbstractInactivityMonitor | ActiveMQ InactivityMonitor ReadCheckTimer
2025-10-29 02:59:26,099 | DEBUG | WriteChecker 10000 ms elapsed since last write check. | org.apache.activemq.transport.AbstractInactivityMonitor | ActiveMQ InactivityMonitor WriteCheckTimer
2025-10-29 02:59:26,100 | DEBUG | Running WriteCheck[tcp://172.18.0.1:49490] | org.apache.activemq.transport.AbstractInactivityMonitor | ActiveMQ InactivityMonitor Worker
2025-10-29 02:59:26,112 | DEBUG | 30000 ms elapsed since last read check. | org.apache.activemq.transport.AbstractInactivityMonitor | ActiveMQ InactivityMonitor ReadCheckTimer
2025-10-29 02:59:26,131 | DEBUG | WriteChecker 10000 ms elapsed since last write check. | org.apache.activemq.transport.AbstractInactivityMonitor | ActiveMQ InactivityMonitor WriteCheckTimer
2025-10-29 02:59:26,132 | DEBUG | Running WriteCheck[tcp://172.18.0.1:49496] | org.apache.activemq.transport.AbstractInactivityMonitor | ActiveMQ InactivityMonitor Worker
2025-10-29 02:59:27,508 | DEBUG | WriteChecker 10000 ms elapsed since last write check. | org.apache.activemq.transport.AbstractInactivityMonitor | ActiveMQ InactivityMonitor WriteCheckTimer
2025-10-29 02:59:27,509 | DEBUG | Running WriteCheck[tcp://172.18.0.3:38050] | org.apache.activemq.transport.AbstractInactivityMonitor | ActiveMQ InactivityMonitor Worker
2025-10-29 02:59:27,531 | DEBUG | Checkpoint started. | org.apache.activemq.store.kahadb.MessageDatabase | ActiveMQ Journal Checkpoint Worker
2025-10-29 02:59:27,548 | DEBUG | Checkpoint done. | org.apache.activemq.store.kahadb.MessageDatabase | ActiveMQ Journal Checkpoint Worker
2025-10-29 02:59:29,855 | DEBUG | 30000 ms elapsed since last read check. | org.apache.activemq.transport.AbstractInactivityMonitor | ActiveMQ InactivityMonitor ReadCheckTimer
2025-10-29 02:59:29,922 | DEBUG | WriteChecker 10000 ms elapsed since last write check. | org.apache.activemq.transport.AbstractInactivityMonitor | ActiveMQ InactivityMonitor WriteCheckTimer
2025-10-29 02:59:29,923 | DEBUG | Running WriteCheck[tcp://172.18.0.1:40982] | org.apache.activemq.transport.AbstractInactivityMonitor | ActiveMQ InactivityMonitor Worker
2025-10-29 02:59:32,551 | DEBUG | Checkpoint started. | org.apache.activemq.store.kahadb.MessageDatabase | ActiveMQ Journal Checkpoint Worker
2025-10-29 02:59:32,564 | DEBUG | Checkpoint done. | org.apache.activemq.store.kahadb.MessageDatabase | ActiveMQ Journal Checkpoint Worker
2025-10-29 02:59:36,099 | DEBUG | WriteChecker 10000 ms elapsed since last write check. | org.apache.activemq.transport.AbstractInactivityMonitor | ActiveMQ InactivityMonitor WriteCheckTimer
2025-10-29 02:59:36,100 | DEBUG | Running WriteCheck[tcp://172.18.0.1:49490] | org.apache.activemq.transport.AbstractInactivityMonitor | ActiveMQ InactivityMonitor Worker
2025-10-29 02:59:36,132 | DEBUG | WriteChecker 10001 ms elapsed since last write check. | org.apache.activemq.transport.AbstractInactivityMonitor | ActiveMQ InactivityMonitor WriteCheckTimer
2025-10-29 02:59:36,132 | DEBUG | Running WriteCheck[tcp://172.18.0.1:49496] | org.apache.activemq.transport.AbstractInactivityMonitor | ActiveMQ InactivityMonitor Worker
2025-10-29 02:59:37,507 | DEBUG | 30000 ms elapsed since last read check. | org.apache.activemq.transport.AbstractInactivityMonitor | ActiveMQ InactivityMonitor ReadCheckTimer
2025-10-29 02:59:37,508 | DEBUG | WriteChecker 10000 ms elapsed since last write check. | org.apache.activemq.transport.AbstractInactivityMonitor | ActiveMQ InactivityMonitor WriteCheckTimer
2025-10-29 02:59:37,508 | DEBUG | Running WriteCheck[tcp://172.18.0.3:38050] | org.apache.activemq.transport.AbstractInactivityMonitor | ActiveMQ InactivityMonitor Worker
2025-10-29 02:59:37,567 | DEBUG | Checkpoint started. | org.apache.activemq.store.kahadb.MessageDatabase | ActiveMQ Journal Checkpoint Worker
2025-10-29 02:59:37,581 | DEBUG | Checkpoint done. | org.apache.activemq.store.kahadb.MessageDatabase | ActiveMQ Journal Checkpoint Worker
2025-10-29 02:59:39,489 | DEBUG | queue://Consumer.A.VirtualTopic.Analysis expiring messages .. | org.apache.activemq.broker.region.Queue | ActiveMQ Broker[localhost] Scheduler
2025-10-29 02:59:39,490 | DEBUG | Consumer.A.VirtualTopic.Analysis toPageIn: 0, Inflight: 0, pagedInMessages.size 0, enqueueCount: 0, dequeueCount: 0 | org.apache.activemq.broker.region.Queue | ActiveMQ Broker[localhost] Scheduler
2025-10-29 02:59:39,490 | DEBUG | queue://Consumer.A.VirtualTopic.Analysis expiring messages done. | org.apache.activemq.broker.region.Queue | ActiveMQ Broker[localhost] Scheduler
2025-10-29 02:59:39,545 | DEBUG | queue://queue.analysis expiring messages .. | org.apache.activemq.broker.region.Queue | ActiveMQ Broker[localhost] Scheduler
2025-10-29 02:59:39,545 | DEBUG | queue.analysis toPageIn: 0, Inflight: 0, pagedInMessages.size 0, enqueueCount: 0, dequeueCount: 0 | org.apache.activemq.broker.region.Queue | ActiveMQ Broker[localhost] Scheduler
2025-10-29 02:59:39,546 | DEBUG | queue://queue.analysis expiring messages done. | org.apache.activemq.broker.region.Queue | ActiveMQ Broker[localhost] Scheduler
2025-10-29 02:59:39,923 | DEBUG | WriteChecker 10001 ms elapsed since last write check. | org.apache.activemq.transport.AbstractInactivityMonitor | ActiveMQ InactivityMonitor WriteCheckTimer
2025-10-29 02:59:39,923 | DEBUG | Running WriteCheck[tcp://172.18.0.1:40982] | org.apache.activemq.transport.AbstractInactivityMonitor | ActiveMQ InactivityMonitor Worker
2025-10-29 02:59:42,583 | DEBUG | Checkpoint started. | org.apache.activemq.store.kahadb.MessageDatabase | ActiveMQ Journal Checkpoint Worker
2025-10-29 02:59:42,596 | DEBUG | Checkpoint done. | org.apache.activemq.store.kahadb.MessageDatabase | ActiveMQ Journal Checkpoint Worker
2025-10-29 02:59:46,100 | DEBUG | WriteChecker 10001 ms elapsed since last write check. | org.apache.activemq.transport.AbstractInactivityMonitor | ActiveMQ InactivityMonitor WriteCheckTimer
2025-10-29 02:59:46,100 | DEBUG | Running WriteCheck[tcp://172.18.0.1:49490] | org.apache.activemq.transport.AbstractInactivityMonitor | ActiveMQ InactivityMonitor Worker
2025-10-29 02:59:46,132 | DEBUG | WriteChecker 10000 ms elapsed since last write check. | org.apache.activemq.transport.AbstractInactivityMonitor | ActiveMQ InactivityMonitor WriteCheckTimer
2025-10-29 02:59:46,133 | DEBUG | Running WriteCheck[tcp://172.18.0.1:49496] | org.apache.activemq.transport.AbstractInactivityMonitor | ActiveMQ InactivityMonitor Worker
2025-10-29 02:59:47,508 | DEBUG | WriteChecker 10000 ms elapsed since last write check. | org.apache.activemq.transport.AbstractInactivityMonitor | ActiveMQ InactivityMonitor WriteCheckTimer
2025-10-29 02:59:47,508 | DEBUG | Running WriteCheck[tcp://172.18.0.3:38050] | org.apache.activemq.transport.AbstractInactivityMonitor | ActiveMQ InactivityMonitor Worker
2025-10-29 02:59:47,599 | DEBUG | Checkpoint started. | org.apache.activemq.store.kahadb.MessageDatabase | ActiveMQ Journal Checkpoint Worker
2025-10-29 02:59:47,616 | DEBUG | Checkpoint done. | org.apache.activemq.store.kahadb.MessageDatabase | ActiveMQ Journal Checkpoint Worker
2025-10-29 02:59:49,924 | DEBUG | WriteChecker 10001 ms elapsed since last write check. | org.apache.activemq.transport.AbstractInactivityMonitor | ActiveMQ InactivityMonitor WriteCheckTimer
2025-10-29 02:59:49,925 | DEBUG | Running WriteCheck[tcp://172.18.0.1:40982] | org.apache.activemq.transport.AbstractInactivityMonitor | ActiveMQ InactivityMonitor Worker
2025-10-29 02:59:50,082 | DEBUG | queue://analysis.queue expiring messages .. | org.apache.activemq.broker.region.Queue | ActiveMQ Broker[localhost] Scheduler
2025-10-29 02:59:50,083 | DEBUG | analysis.queue toPageIn: 0, Inflight: 0, pagedInMessages.size 0, enqueueCount: 2, dequeueCount: 2 | org.apache.activemq.broker.region.Queue | ActiveMQ Broker[localhost] Scheduler
2025-10-29 02:59:50,083 | DEBUG | queue://analysis.queue expiring messages done. | org.apache.activemq.broker.region.Queue | ActiveMQ Broker[localhost] Scheduler
2025-10-29 02:59:52,618 | DEBUG | Checkpoint started. | org.apache.activemq.store.kahadb.MessageDatabase | ActiveMQ Journal Checkpoint Worker
2025-10-29 02:59:52,632 | DEBUG | Checkpoint done. | org.apache.activemq.store.kahadb.MessageDatabase | ActiveMQ Journal Checkpoint Worker
2025-10-29 02:59:55,077 | DEBUG | temp-queue://ID:351d5895b329-37485-1761699249168-2:7:1 expiring messages .. | org.apache.activemq.broker.region.Queue | ActiveMQ Broker[localhost] Scheduler
2025-10-29 02:59:55,077 | DEBUG | ID:351d5895b329-37485-1761699249168-2:7:1 toPageIn: 0, Inflight: 0, pagedInMessages.size 0, enqueueCount: 0, dequeueCount: 0 | org.apache.activemq.broker.region.Queue | ActiveMQ Broker[localhost] Scheduler
2025-10-29 02:59:55,078 | DEBUG | temp-queue://ID:351d5895b329-37485-1761699249168-2:7:1 expiring messages done. | org.apache.activemq.broker.region.Queue | ActiveMQ Broker[localhost] Scheduler
2025-10-29 02:59:56,080 | DEBUG | 30000 ms elapsed since last read check. | org.apache.activemq.transport.AbstractInactivityMonitor | ActiveMQ InactivityMonitor ReadCheckTimer
2025-10-29 02:59:56,100 | DEBUG | WriteChecker 10000 ms elapsed since last write check. | org.apache.activemq.transport.AbstractInactivityMonitor | ActiveMQ InactivityMonitor WriteCheckTimer
2025-10-29 02:59:56,101 | DEBUG | Running WriteCheck[tcp://172.18.0.1:49490] | org.apache.activemq.transport.AbstractInactivityMonitor | ActiveMQ InactivityMonitor Worker
2025-10-29 02:59:56,113 | DEBUG | 30001 ms elapsed since last read check. | org.apache.activemq.transport.AbstractInactivityMonitor | ActiveMQ InactivityMonitor ReadCheckTimer
2025-10-29 02:59:56,132 | DEBUG | WriteChecker 10000 ms elapsed since last write check. | org.apache.activemq.transport.AbstractInactivityMonitor | ActiveMQ InactivityMonitor WriteCheckTimer
2025-10-29 02:59:56,134 | DEBUG | Running WriteCheck[tcp://172.18.0.1:49496] | org.apache.activemq.transport.AbstractInactivityMonitor | ActiveMQ InactivityMonitor Worker
2025-10-29 02:59:57,508 | DEBUG | WriteChecker 10000 ms elapsed since last write check. | org.apache.activemq.transport.AbstractInactivityMonitor | ActiveMQ InactivityMonitor WriteCheckTimer
2025-10-29 02:59:57,509 | DEBUG | Running WriteCheck[tcp://172.18.0.3:38050] | org.apache.activemq.transport.AbstractInactivityMonitor | ActiveMQ InactivityMonitor Worker
2025-10-29 02:59:57,632 | DEBUG | Checkpoint started. | org.apache.activemq.store.kahadb.MessageDatabase | ActiveMQ Journal Checkpoint Worker
2025-10-29 02:59:57,649 | DEBUG | Checkpoint done. | org.apache.activemq.store.kahadb.MessageDatabase | ActiveMQ Journal Checkpoint Worker
2025-10-29 02:59:59,855 | DEBUG | 30000 ms elapsed since last read check. | org.apache.activemq.transport.AbstractInactivityMonitor | ActiveMQ InactivityMonitor ReadCheckTimer
2025-10-29 02:59:59,924 | DEBUG | WriteChecker 10000 ms elapsed since last write check. | org.apache.activemq.transport.AbstractInactivityMonitor | ActiveMQ InactivityMonitor WriteCheckTimer
2025-10-29 02:59:59,924 | DEBUG | Running WriteCheck[tcp://172.18.0.1:40982] | org.apache.activemq.transport.AbstractInactivityMonitor | ActiveMQ InactivityMonitor Worker
2025-10-29 03:00:02,651 | DEBUG | Checkpoint started. | org.apache.activemq.store.kahadb.MessageDatabase | ActiveMQ Journal Checkpoint Worker
2025-10-29 03:00:02,666 | DEBUG | Checkpoint done. | org.apache.activemq.store.kahadb.MessageDatabase | ActiveMQ Journal Checkpoint Worker
2025-10-29 03:00:06,101 | DEBUG | WriteChecker 10001 ms elapsed since last write check. | org.apache.activemq.transport.AbstractInactivityMonitor | ActiveMQ InactivityMonitor WriteCheckTimer
2025-10-29 03:00:06,101 | DEBUG | Running WriteCheck[tcp://172.18.0.1:49490] | org.apache.activemq.transport.AbstractInactivityMonitor | ActiveMQ InactivityMonitor Worker
2025-10-29 03:00:06,132 | DEBUG | WriteChecker 10000 ms elapsed since last write check. | org.apache.activemq.transport.AbstractInactivityMonitor | ActiveMQ InactivityMonitor WriteCheckTimer
2025-10-29 03:00:06,133 | DEBUG | Running WriteCheck[tcp://172.18.0.1:49496] | org.apache.activemq.transport.AbstractInactivityMonitor | ActiveMQ InactivityMonitor Worker
2025-10-29 03:00:07,507 | DEBUG | 30000 ms elapsed since last read check. | org.apache.activemq.transport.AbstractInactivityMonitor | ActiveMQ InactivityMonitor ReadCheckTimer
2025-10-29 03:00:07,510 | DEBUG | WriteChecker 10000 ms elapsed since last write check. | org.apache.activemq.transport.AbstractInactivityMonitor | ActiveMQ InactivityMonitor WriteCheckTimer
2025-10-29 03:00:07,511 | DEBUG | Running WriteCheck[tcp://172.18.0.3:38050] | org.apache.activemq.transport.AbstractInactivityMonitor | ActiveMQ InactivityMonitor Worker
2025-10-29 03:00:07,669 | DEBUG | Checkpoint started. | org.apache.activemq.store.kahadb.MessageDatabase | ActiveMQ Journal Checkpoint Worker
2025-10-29 03:00:07,683 | DEBUG | Checkpoint done. | org.apache.activemq.store.kahadb.MessageDatabase | ActiveMQ Journal Checkpoint Worker
2025-10-29 03:00:09,489 | DEBUG | queue://Consumer.A.VirtualTopic.Analysis expiring messages .. | org.apache.activemq.broker.region.Queue | ActiveMQ Broker[localhost] Scheduler
2025-10-29 03:00:09,492 | DEBUG | Consumer.A.VirtualTopic.Analysis toPageIn: 0, Inflight: 0, pagedInMessages.size 0, enqueueCount: 0, dequeueCount: 0 | org.apache.activemq.broker.region.Queue | ActiveMQ Broker[localhost] Scheduler
2025-10-29 03:00:09,492 | DEBUG | queue://Consumer.A.VirtualTopic.Analysis expiring messages done. | org.apache.activemq.broker.region.Queue | ActiveMQ Broker[localhost] Scheduler
2025-10-29 03:00:09,546 | DEBUG | queue://queue.analysis expiring messages .. | org.apache.activemq.broker.region.Queue | ActiveMQ Broker[localhost] Scheduler
2025-10-29 03:00:09,547 | DEBUG | queue.analysis toPageIn: 0, Inflight: 0, pagedInMessages.size 0, enqueueCount: 0, dequeueCount: 0 | org.apache.activemq.broker.region.Queue | ActiveMQ Broker[localhost] Scheduler
2025-10-29 03:00:09,547 | DEBUG | queue://queue.analysis expiring messages done. | org.apache.activemq.broker.region.Queue | ActiveMQ Broker[localhost] Scheduler
2025-10-29 03:00:09,924 | DEBUG | WriteChecker 10000 ms elapsed since last write check. | org.apache.activemq.transport.AbstractInactivityMonitor | ActiveMQ InactivityMonitor WriteCheckTimer
2025-10-29 03:00:09,926 | DEBUG | Running WriteCheck[tcp://172.18.0.1:40982] | org.apache.activemq.transport.AbstractInactivityMonitor | ActiveMQ InactivityMonitor Worker
2025-10-29 03:00:12,686 | DEBUG | Checkpoint started. | org.apache.activemq.store.kahadb.MessageDatabase | ActiveMQ Journal Checkpoint Worker
2025-10-29 03:00:12,702 | DEBUG | Checkpoint done. | org.apache.activemq.store.kahadb.MessageDatabase | ActiveMQ Journal Checkpoint Worker
2025-10-29 03:00:16,102 | DEBUG | WriteChecker 10001 ms elapsed since last write check. | org.apache.activemq.transport.AbstractInactivityMonitor | ActiveMQ InactivityMonitor WriteCheckTimer
2025-10-29 03:00:16,102 | DEBUG | Running WriteCheck[tcp://172.18.0.1:49490] | org.apache.activemq.transport.AbstractInactivityMonitor | ActiveMQ InactivityMonitor Worker
2025-10-29 03:00:16,132 | DEBUG | WriteChecker 10000 ms elapsed since last write check. | org.apache.activemq.transport.AbstractInactivityMonitor | ActiveMQ InactivityMonitor WriteCheckTimer
2025-10-29 03:00:16,133 | DEBUG | Running WriteCheck[tcp://172.18.0.1:49496] | org.apache.activemq.transport.AbstractInactivityMonitor | ActiveMQ InactivityMonitor Worker
2025-10-29 03:00:17,508 | DEBUG | WriteChecker 10000 ms elapsed since last write check. | org.apache.activemq.transport.AbstractInactivityMonitor | ActiveMQ InactivityMonitor WriteCheckTimer
2025-10-29 03:00:17,508 | DEBUG | Running WriteCheck[tcp://172.18.0.3:38050] | org.apache.activemq.transport.AbstractInactivityMonitor | ActiveMQ InactivityMonitor Worker
2025-10-29 03:00:17,704 | DEBUG | Checkpoint started. | org.apache.activemq.store.kahadb.MessageDatabase | ActiveMQ Journal Checkpoint Worker
2025-10-29 03:00:17,718 | DEBUG | Checkpoint done. | org.apache.activemq.store.kahadb.MessageDatabase | ActiveMQ Journal Checkpoint Worker
2025-10-29 03:00:19,925 | DEBUG | WriteChecker 10001 ms elapsed since last write check. | org.apache.activemq.transport.AbstractInactivityMonitor | ActiveMQ InactivityMonitor WriteCheckTimer
2025-10-29 03:00:19,925 | DEBUG | Running WriteCheck[tcp://172.18.0.1:40982] | org.apache.activemq.transport.AbstractInactivityMonitor | ActiveMQ InactivityMonitor Worker
2025-10-29 03:00:20,082 | DEBUG | queue://analysis.queue expiring messages .. | org.apache.activemq.broker.region.Queue | ActiveMQ Broker[localhost] Scheduler
2025-10-29 03:00:20,083 | DEBUG | analysis.queue toPageIn: 0, Inflight: 0, pagedInMessages.size 0, enqueueCount: 2, dequeueCount: 2 | org.apache.activemq.broker.region.Queue | ActiveMQ Broker[localhost] Scheduler
2025-10-29 03:00:20,083 | DEBUG | queue://analysis.queue expiring messages done. | org.apache.activemq.broker.region.Queue | ActiveMQ Broker[localhost] Scheduler
2025-10-29 03:00:22,720 | DEBUG | Checkpoint started. | org.apache.activemq.store.kahadb.MessageDatabase | ActiveMQ Journal Checkpoint Worker
2025-10-29 03:00:22,739 | DEBUG | Checkpoint done. | org.apache.activemq.store.kahadb.MessageDatabase | ActiveMQ Journal Checkpoint Worker
2025-10-29 03:00:25,077 | DEBUG | temp-queue://ID:351d5895b329-37485-1761699249168-2:7:1 expiring messages .. | org.apache.activemq.broker.region.Queue | ActiveMQ Broker[localhost] Scheduler
2025-10-29 03:00:25,078 | DEBUG | ID:351d5895b329-37485-1761699249168-2:7:1 toPageIn: 0, Inflight: 0, pagedInMessages.size 0, enqueueCount: 0, dequeueCount: 0 | org.apache.activemq.broker.region.Queue | ActiveMQ Broker[localhost] Scheduler
2025-10-29 03:00:25,078 | DEBUG | temp-queue://ID:351d5895b329-37485-1761699249168-2:7:1 expiring messages done. | org.apache.activemq.broker.region.Queue | ActiveMQ Broker[localhost] Scheduler
2025-10-29 03:00:26,080 | DEBUG | 30000 ms elapsed since last read check. | org.apache.activemq.transport.AbstractInactivityMonitor | ActiveMQ InactivityMonitor ReadCheckTimer
2025-10-29 03:00:26,102 | DEBUG | WriteChecker 10000 ms elapsed since last write check. | org.apache.activemq.transport.AbstractInactivityMonitor | ActiveMQ InactivityMonitor WriteCheckTimer
2025-10-29 03:00:26,103 | DEBUG | Running WriteCheck[tcp://172.18.0.1:49490] | org.apache.activemq.transport.AbstractInactivityMonitor | ActiveMQ InactivityMonitor Worker
2025-10-29 03:00:26,113 | DEBUG | 30000 ms elapsed since last read check. | org.apache.activemq.transport.AbstractInactivityMonitor | ActiveMQ InactivityMonitor ReadCheckTimer
2025-10-29 03:00:26,132 | DEBUG | WriteChecker 10000 ms elapsed since last write check. | org.apache.activemq.transport.AbstractInactivityMonitor | ActiveMQ InactivityMonitor WriteCheckTimer
2025-10-29 03:00:26,133 | DEBUG | Running WriteCheck[tcp://172.18.0.1:49496] | org.apache.activemq.transport.AbstractInactivityMonitor | ActiveMQ InactivityMonitor Worker
2025-10-29 03:00:27,508 | DEBUG | WriteChecker 10000 ms elapsed since last write check. | org.apache.activemq.transport.AbstractInactivityMonitor | ActiveMQ InactivityMonitor WriteCheckTimer
2025-10-29 03:00:27,509 | DEBUG | Running WriteCheck[tcp://172.18.0.3:38050] | org.apache.activemq.transport.AbstractInactivityMonitor | ActiveMQ InactivityMonitor Worker
2025-10-29 03:00:27,741 | DEBUG | Checkpoint started. | org.apache.activemq.store.kahadb.MessageDatabase | ActiveMQ Journal Checkpoint Worker
2025-10-29 03:00:27,757 | DEBUG | Checkpoint done. | org.apache.activemq.store.kahadb.MessageDatabase | ActiveMQ Journal Checkpoint Worker
2025-10-29 03:00:29,855 | DEBUG | 30000 ms elapsed since last read check. | org.apache.activemq.transport.AbstractInactivityMonitor | ActiveMQ InactivityMonitor ReadCheckTimer
2025-10-29 03:00:29,926 | DEBUG | WriteChecker 10001 ms elapsed since last write check. | org.apache.activemq.transport.AbstractInactivityMonitor | ActiveMQ InactivityMonitor WriteCheckTimer
2025-10-29 03:00:29,926 | DEBUG | Running WriteCheck[tcp://172.18.0.1:40982] | org.apache.activemq.transport.AbstractInactivityMonitor | ActiveMQ InactivityMonitor Worker
2025-10-29 03:00:32,759 | DEBUG | Checkpoint started. | org.apache.activemq.store.kahadb.MessageDatabase | ActiveMQ Journal Checkpoint Worker
2025-10-29 03:00:32,774 | DEBUG | Checkpoint done. | org.apache.activemq.store.kahadb.MessageDatabase | ActiveMQ Journal Checkpoint Worker
2025-10-29 03:00:36,102 | DEBUG | WriteChecker 10000 ms elapsed since last write check. | org.apache.activemq.transport.AbstractInactivityMonitor | ActiveMQ InactivityMonitor WriteCheckTimer
2025-10-29 03:00:36,103 | DEBUG | Running WriteCheck[tcp://172.18.0.1:49490] | org.apache.activemq.transport.AbstractInactivityMonitor | ActiveMQ InactivityMonitor Worker
2025-10-29 03:00:36,132 | DEBUG | WriteChecker 10000 ms elapsed since last write check. | org.apache.activemq.transport.AbstractInactivityMonitor | ActiveMQ InactivityMonitor WriteCheckTimer
2025-10-29 03:00:36,133 | DEBUG | Running WriteCheck[tcp://172.18.0.1:49496] | org.apache.activemq.transport.AbstractInactivityMonitor | ActiveMQ InactivityMonitor Worker
2025-10-29 03:00:37,507 | DEBUG | 30000 ms elapsed since last read check. | org.apache.activemq.transport.AbstractInactivityMonitor | ActiveMQ InactivityMonitor ReadCheckTimer
2025-10-29 03:00:37,508 | DEBUG | WriteChecker 10000 ms elapsed since last write check. | org.apache.activemq.transport.AbstractInactivityMonitor | ActiveMQ InactivityMonitor WriteCheckTimer
2025-10-29 03:00:37,508 | DEBUG | Running WriteCheck[tcp://172.18.0.3:38050] | org.apache.activemq.transport.AbstractInactivityMonitor | ActiveMQ InactivityMonitor Worker
2025-10-29 03:00:37,777 | DEBUG | Checkpoint started. | org.apache.activemq.store.kahadb.MessageDatabase | ActiveMQ Journal Checkpoint Worker
2025-10-29 03:00:37,791 | DEBUG | Checkpoint done. | org.apache.activemq.store.kahadb.MessageDatabase | ActiveMQ Journal Checkpoint Worker
2025-10-29 03:00:39,489 | DEBUG | queue://Consumer.A.VirtualTopic.Analysis expiring messages .. | org.apache.activemq.broker.region.Queue | ActiveMQ Broker[localhost] Scheduler
2025-10-29 03:00:39,490 | DEBUG | Consumer.A.VirtualTopic.Analysis toPageIn: 0, Inflight: 0, pagedInMessages.size 0, enqueueCount: 0, dequeueCount: 0 | org.apache.activemq.broker.region.Queue | ActiveMQ Broker[localhost] Scheduler
2025-10-29 03:00:39,490 | DEBUG | queue://Consumer.A.VirtualTopic.Analysis expiring messages done. | org.apache.activemq.broker.region.Queue | ActiveMQ Broker[localhost] Scheduler
2025-10-29 03:00:39,547 | DEBUG | queue://queue.analysis expiring messages .. | org.apache.activemq.broker.region.Queue | ActiveMQ Broker[localhost] Scheduler
2025-10-29 03:00:39,547 | DEBUG | queue.analysis toPageIn: 0, Inflight: 0, pagedInMessages.size 0, enqueueCount: 0, dequeueCount: 0 | org.apache.activemq.broker.region.Queue | ActiveMQ Broker[localhost] Scheduler
2025-10-29 03:00:39,547 | DEBUG | queue://queue.analysis expiring messages done. | org.apache.activemq.broker.region.Queue | ActiveMQ Broker[localhost] Scheduler
2025-10-29 03:00:39,927 | DEBUG | WriteChecker 10001 ms elapsed since last write check. | org.apache.activemq.transport.AbstractInactivityMonitor | ActiveMQ InactivityMonitor WriteCheckTimer
2025-10-29 03:00:39,928 | DEBUG | Running WriteCheck[tcp://172.18.0.1:40982] | org.apache.activemq.transport.AbstractInactivityMonitor | ActiveMQ InactivityMonitor Worker
2025-10-29 03:00:42,792 | DEBUG | Checkpoint started. | org.apache.activemq.store.kahadb.MessageDatabase | ActiveMQ Journal Checkpoint Worker
2025-10-29 03:00:42,807 | DEBUG | Checkpoint done. | org.apache.activemq.store.kahadb.MessageDatabase | ActiveMQ Journal Checkpoint Worker
2025-10-29 03:00:46,102 | DEBUG | WriteChecker 10000 ms elapsed since last write check. | org.apache.activemq.transport.AbstractInactivityMonitor | ActiveMQ InactivityMonitor WriteCheckTimer
2025-10-29 03:00:46,103 | DEBUG | Running WriteCheck[tcp://172.18.0.1:49490] | org.apache.activemq.transport.AbstractInactivityMonitor | ActiveMQ InactivityMonitor Worker
2025-10-29 03:00:46,132 | DEBUG | WriteChecker 10000 ms elapsed since last write check. | org.apache.activemq.transport.AbstractInactivityMonitor | ActiveMQ InactivityMonitor WriteCheckTimer
2025-10-29 03:00:46,132 | DEBUG | Running WriteCheck[tcp://172.18.0.1:49496] | org.apache.activemq.transport.AbstractInactivityMonitor | ActiveMQ InactivityMonitor Worker
2025-10-29 03:00:47,508 | DEBUG | WriteChecker 10000 ms elapsed since last write check. | org.apache.activemq.transport.AbstractInactivityMonitor | ActiveMQ InactivityMonitor WriteCheckTimer
2025-10-29 03:00:47,509 | DEBUG | Running WriteCheck[tcp://172.18.0.3:38050] | org.apache.activemq.transport.AbstractInactivityMonitor | ActiveMQ InactivityMonitor Worker
2025-10-29 03:00:47,810 | DEBUG | Checkpoint started. | org.apache.activemq.store.kahadb.MessageDatabase | ActiveMQ Journal Checkpoint Worker
2025-10-29 03:00:47,824 | DEBUG | Checkpoint done. | org.apache.activemq.store.kahadb.MessageDatabase | ActiveMQ Journal Checkpoint Worker
2025-10-29 03:00:49,928 | DEBUG | WriteChecker 10000 ms elapsed since last write check. | org.apache.activemq.transport.AbstractInactivityMonitor | ActiveMQ InactivityMonitor WriteCheckTimer
2025-10-29 03:00:49,929 | DEBUG | Running WriteCheck[tcp://172.18.0.1:40982] | org.apache.activemq.transport.AbstractInactivityMonitor | ActiveMQ InactivityMonitor Worker
2025-10-29 03:00:50,083 | DEBUG | queue://analysis.queue expiring messages .. | org.apache.activemq.broker.region.Queue | ActiveMQ Broker[localhost] Scheduler
2025-10-29 03:00:50,084 | DEBUG | analysis.queue toPageIn: 0, Inflight: 0, pagedInMessages.size 0, enqueueCount: 2, dequeueCount: 2 | org.apache.activemq.broker.region.Queue | ActiveMQ Broker[localhost] Scheduler
2025-10-29 03:00:50,084 | DEBUG | queue://analysis.queue expiring messages done. | org.apache.activemq.broker.region.Queue | ActiveMQ Broker[localhost] Scheduler
2025-10-29 03:00:52,826 | DEBUG | Checkpoint started. | org.apache.activemq.store.kahadb.MessageDatabase | ActiveMQ Journal Checkpoint Worker
2025-10-29 03:00:52,842 | DEBUG | Checkpoint done. | org.apache.activemq.store.kahadb.MessageDatabase | ActiveMQ Journal Checkpoint Worker
2025-10-29 03:00:55,077 | DEBUG | temp-queue://ID:351d5895b329-37485-1761699249168-2:7:1 expiring messages .. | org.apache.activemq.broker.region.Queue | ActiveMQ Broker[localhost] Scheduler
2025-10-29 03:00:55,077 | DEBUG | ID:351d5895b329-37485-1761699249168-2:7:1 toPageIn: 0, Inflight: 0, pagedInMessages.size 0, enqueueCount: 0, dequeueCount: 0 | org.apache.activemq.broker.region.Queue | ActiveMQ Broker[localhost] Scheduler
2025-10-29 03:00:55,077 | DEBUG | temp-queue://ID:351d5895b329-37485-1761699249168-2:7:1 expiring messages done. | org.apache.activemq.broker.region.Queue | ActiveMQ Broker[localhost] Scheduler
2025-10-29 03:00:56,080 | DEBUG | 30000 ms elapsed since last read check. | org.apache.activemq.transport.AbstractInactivityMonitor | ActiveMQ InactivityMonitor ReadCheckTimer
2025-10-29 03:00:56,102 | DEBUG | WriteChecker 10000 ms elapsed since last write check. | org.apache.activemq.transport.AbstractInactivityMonitor | ActiveMQ InactivityMonitor WriteCheckTimer
2025-10-29 03:00:56,103 | DEBUG | Running WriteCheck[tcp://172.18.0.1:49490] | org.apache.activemq.transport.AbstractInactivityMonitor | ActiveMQ InactivityMonitor Worker
2025-10-29 03:00:56,113 | DEBUG | 30000 ms elapsed since last read check. | org.apache.activemq.transport.AbstractInactivityMonitor | ActiveMQ InactivityMonitor ReadCheckTimer
2025-10-29 03:00:56,133 | DEBUG | WriteChecker 10001 ms elapsed since last write check. | org.apache.activemq.transport.AbstractInactivityMonitor | ActiveMQ InactivityMonitor WriteCheckTimer
2025-10-29 03:00:56,134 | DEBUG | Running WriteCheck[tcp://172.18.0.1:49496] | org.apache.activemq.transport.AbstractInactivityMonitor | ActiveMQ InactivityMonitor Worker
2025-10-29 03:00:57,508 | DEBUG | WriteChecker 10000 ms elapsed since last write check. | org.apache.activemq.transport.AbstractInactivityMonitor | ActiveMQ InactivityMonitor WriteCheckTimer
2025-10-29 03:00:57,509 | DEBUG | Running WriteCheck[tcp://172.18.0.3:38050] | org.apache.activemq.transport.AbstractInactivityMonitor | ActiveMQ InactivityMonitor Worker
2025-10-29 03:00:57,844 | DEBUG | Checkpoint started. | org.apache.activemq.store.kahadb.MessageDatabase | ActiveMQ Journal Checkpoint Worker
2025-10-29 03:00:57,857 | DEBUG | Checkpoint done. | org.apache.activemq.store.kahadb.MessageDatabase | ActiveMQ Journal Checkpoint Worker
2025-10-29 03:00:59,855 | DEBUG | 30000 ms elapsed since last read check. | org.apache.activemq.transport.AbstractInactivityMonitor | ActiveMQ InactivityMonitor ReadCheckTimer
2025-10-29 03:00:59,927 | DEBUG | WriteChecker 10000 ms elapsed since last write check. | org.apache.activemq.transport.AbstractInactivityMonitor | ActiveMQ InactivityMonitor WriteCheckTimer
2025-10-29 03:00:59,928 | DEBUG | Running WriteCheck[tcp://172.18.0.1:40982] | org.apache.activemq.transport.AbstractInactivityMonitor | ActiveMQ InactivityMonitor Worker
2025-10-29 03:01:02,859 | DEBUG | Checkpoint started. | org.apache.activemq.store.kahadb.MessageDatabase | ActiveMQ Journal Checkpoint Worker
2025-10-29 03:01:02,874 | DEBUG | Checkpoint done. | org.apache.activemq.store.kahadb.MessageDatabase | ActiveMQ Journal Checkpoint Worker
2025-10-29 03:01:06,102 | DEBUG | WriteChecker 10000 ms elapsed since last write check. | org.apache.activemq.transport.AbstractInactivityMonitor | ActiveMQ InactivityMonitor WriteCheckTimer
2025-10-29 03:01:06,102 | DEBUG | Running WriteCheck[tcp://172.18.0.1:49490] | org.apache.activemq.transport.AbstractInactivityMonitor | ActiveMQ InactivityMonitor Worker
2025-10-29 03:01:06,134 | DEBUG | WriteChecker 10001 ms elapsed since last write check. | org.apache.activemq.transport.AbstractInactivityMonitor | ActiveMQ InactivityMonitor WriteCheckTimer
2025-10-29 03:01:06,135 | DEBUG | Running WriteCheck[tcp://172.18.0.1:49496] | org.apache.activemq.transport.AbstractInactivityMonitor | ActiveMQ InactivityMonitor Worker
2025-10-29 03:01:07,508 | DEBUG | 30001 ms elapsed since last read check. | org.apache.activemq.transport.AbstractInactivityMonitor | ActiveMQ InactivityMonitor ReadCheckTimer
2025-10-29 03:01:07,508 | DEBUG | WriteChecker 10000 ms elapsed since last write check. | org.apache.activemq.transport.AbstractInactivityMonitor | ActiveMQ InactivityMonitor WriteCheckTimer
2025-10-29 03:01:07,509 | DEBUG | Running WriteCheck[tcp://172.18.0.3:38050] | org.apache.activemq.transport.AbstractInactivityMonitor | ActiveMQ InactivityMonitor Worker
2025-10-29 03:01:07,878 | DEBUG | Checkpoint started. | org.apache.activemq.store.kahadb.MessageDatabase | ActiveMQ Journal Checkpoint Worker
2025-10-29 03:01:07,894 | DEBUG | Checkpoint done. | org.apache.activemq.store.kahadb.MessageDatabase | ActiveMQ Journal Checkpoint Worker
2025-10-29 03:01:09,489 | DEBUG | queue://Consumer.A.VirtualTopic.Analysis expiring messages .. | org.apache.activemq.broker.region.Queue | ActiveMQ Broker[localhost] Scheduler
2025-10-29 03:01:09,489 | DEBUG | Consumer.A.VirtualTopic.Analysis toPageIn: 0, Inflight: 0, pagedInMessages.size 0, enqueueCount: 0, dequeueCount: 0 | org.apache.activemq.broker.region.Queue | ActiveMQ Broker[localhost] Scheduler
2025-10-29 03:01:09,490 | DEBUG | queue://Consumer.A.VirtualTopic.Analysis expiring messages done. | org.apache.activemq.broker.region.Queue | ActiveMQ Broker[localhost] Scheduler
2025-10-29 03:01:09,547 | DEBUG | queue://queue.analysis expiring messages .. | org.apache.activemq.broker.region.Queue | ActiveMQ Broker[localhost] Scheduler
2025-10-29 03:01:09,547 | DEBUG | queue.analysis toPageIn: 0, Inflight: 0, pagedInMessages.size 0, enqueueCount: 0, dequeueCount: 0 | org.apache.activemq.broker.region.Queue | ActiveMQ Broker[localhost] Scheduler
2025-10-29 03:01:09,548 | DEBUG | queue://queue.analysis expiring messages done. | org.apache.activemq.broker.region.Queue | ActiveMQ Broker[localhost] Scheduler
2025-10-29 03:01:09,927 | DEBUG | WriteChecker 10000 ms elapsed since last write check. | org.apache.activemq.transport.AbstractInactivityMonitor | ActiveMQ InactivityMonitor WriteCheckTimer
2025-10-29 03:01:09,928 | DEBUG | Running WriteCheck[tcp://172.18.0.1:40982] | org.apache.activemq.transport.AbstractInactivityMonitor | ActiveMQ InactivityMonitor Worker
2025-10-29 03:01:12,898 | DEBUG | Checkpoint started. | org.apache.activemq.store.kahadb.MessageDatabase | ActiveMQ Journal Checkpoint Worker
2025-10-29 03:01:12,919 | DEBUG | Checkpoint done. | org.apache.activemq.store.kahadb.MessageDatabase | ActiveMQ Journal Checkpoint Worker
2025-10-29 03:01:16,102 | DEBUG | WriteChecker 10000 ms elapsed since last write check. | org.apache.activemq.transport.AbstractInactivityMonitor | ActiveMQ InactivityMonitor WriteCheckTimer
2025-10-29 03:01:16,103 | DEBUG | Running WriteCheck[tcp://172.18.0.1:49490] | org.apache.activemq.transport.AbstractInactivityMonitor | ActiveMQ InactivityMonitor Worker
2025-10-29 03:01:16,134 | DEBUG | WriteChecker 10000 ms elapsed since last write check. | org.apache.activemq.transport.AbstractInactivityMonitor | ActiveMQ InactivityMonitor WriteCheckTimer
2025-10-29 03:01:16,135 | DEBUG | Running WriteCheck[tcp://172.18.0.1:49496] | org.apache.activemq.transport.AbstractInactivityMonitor | ActiveMQ InactivityMonitor Worker
2025-10-29 03:01:17,508 | DEBUG | WriteChecker 10000 ms elapsed since last write check. | org.apache.activemq.transport.AbstractInactivityMonitor | ActiveMQ InactivityMonitor WriteCheckTimer
2025-10-29 03:01:17,510 | DEBUG | Running WriteCheck[tcp://172.18.0.3:38050] | org.apache.activemq.transport.AbstractInactivityMonitor | ActiveMQ InactivityMonitor Worker
2025-10-29 03:01:17,922 | DEBUG | Checkpoint started. | org.apache.activemq.store.kahadb.MessageDatabase | ActiveMQ Journal Checkpoint Worker
2025-10-29 03:01:17,938 | DEBUG | Checkpoint done. | org.apache.activemq.store.kahadb.MessageDatabase | ActiveMQ Journal Checkpoint Worker
2025-10-29 03:01:19,927 | DEBUG | WriteChecker 10000 ms elapsed since last write check. | org.apache.activemq.transport.AbstractInactivityMonitor | ActiveMQ InactivityMonitor WriteCheckTimer
2025-10-29 03:01:19,928 | DEBUG | Running WriteCheck[tcp://172.18.0.1:40982] | org.apache.activemq.transport.AbstractInactivityMonitor | ActiveMQ InactivityMonitor Worker
2025-10-29 03:01:20,083 | DEBUG | queue://analysis.queue expiring messages .. | org.apache.activemq.broker.region.Queue | ActiveMQ Broker[localhost] Scheduler
2025-10-29 03:01:20,083 | DEBUG | analysis.queue toPageIn: 0, Inflight: 0, pagedInMessages.size 0, enqueueCount: 2, dequeueCount: 2 | org.apache.activemq.broker.region.Queue | ActiveMQ Broker[localhost] Scheduler
2025-10-29 03:01:20,084 | DEBUG | queue://analysis.queue expiring messages done. | org.apache.activemq.broker.region.Queue | ActiveMQ Broker[localhost] Scheduler
2025-10-29 03:01:22,940 | DEBUG | Checkpoint started. | org.apache.activemq.store.kahadb.MessageDatabase | ActiveMQ Journal Checkpoint Worker
2025-10-29 03:01:22,957 | DEBUG | Checkpoint done. | org.apache.activemq.store.kahadb.MessageDatabase | ActiveMQ Journal Checkpoint Worker
2025-10-29 03:01:25,077 | DEBUG | temp-queue://ID:351d5895b329-37485-1761699249168-2:7:1 expiring messages .. | org.apache.activemq.broker.region.Queue | ActiveMQ Broker[localhost] Scheduler
2025-10-29 03:01:25,079 | DEBUG | ID:351d5895b329-37485-1761699249168-2:7:1 toPageIn: 0, Inflight: 0, pagedInMessages.size 0, enqueueCount: 0, dequeueCount: 0 | org.apache.activemq.broker.region.Queue | ActiveMQ Broker[localhost] Scheduler
2025-10-29 03:01:25,080 | DEBUG | temp-queue://ID:351d5895b329-37485-1761699249168-2:7:1 expiring messages done. | org.apache.activemq.broker.region.Queue | ActiveMQ Broker[localhost] Scheduler
2025-10-29 03:01:26,080 | DEBUG | 30000 ms elapsed since last read check. | org.apache.activemq.transport.AbstractInactivityMonitor | ActiveMQ InactivityMonitor ReadCheckTimer
2025-10-29 03:01:26,102 | DEBUG | WriteChecker 10000 ms elapsed since last write check. | org.apache.activemq.transport.AbstractInactivityMonitor | ActiveMQ InactivityMonitor WriteCheckTimer
2025-10-29 03:01:26,103 | DEBUG | Running WriteCheck[tcp://172.18.0.1:49490] | org.apache.activemq.transport.AbstractInactivityMonitor | ActiveMQ InactivityMonitor Worker
2025-10-29 03:01:26,113 | DEBUG | 30000 ms elapsed since last read check. | org.apache.activemq.transport.AbstractInactivityMonitor | ActiveMQ InactivityMonitor ReadCheckTimer
2025-10-29 03:01:26,134 | DEBUG | WriteChecker 10000 ms elapsed since last write check. | org.apache.activemq.transport.AbstractInactivityMonitor | ActiveMQ InactivityMonitor WriteCheckTimer
2025-10-29 03:01:26,134 | DEBUG | Running WriteCheck[tcp://172.18.0.1:49496] | org.apache.activemq.transport.AbstractInactivityMonitor | ActiveMQ InactivityMonitor Worker
2025-10-29 03:01:27,509 | DEBUG | WriteChecker 10001 ms elapsed since last write check. | org.apache.activemq.transport.AbstractInactivityMonitor | ActiveMQ InactivityMonitor WriteCheckTimer
2025-10-29 03:01:27,509 | DEBUG | Running WriteCheck[tcp://172.18.0.3:38050] | org.apache.activemq.transport.AbstractInactivityMonitor | ActiveMQ InactivityMonitor Worker
2025-10-29 03:01:27,958 | DEBUG | Checkpoint started. | org.apache.activemq.store.kahadb.MessageDatabase | ActiveMQ Journal Checkpoint Worker
2025-10-29 03:01:27,973 | DEBUG | Checkpoint done. | org.apache.activemq.store.kahadb.MessageDatabase | ActiveMQ Journal Checkpoint Worker
2025-10-29 03:01:29,855 | DEBUG | 30000 ms elapsed since last read check. | org.apache.activemq.transport.AbstractInactivityMonitor | ActiveMQ InactivityMonitor ReadCheckTimer
2025-10-29 03:01:29,928 | DEBUG | WriteChecker 10001 ms elapsed since last write check. | org.apache.activemq.transport.AbstractInactivityMonitor | ActiveMQ InactivityMonitor WriteCheckTimer
2025-10-29 03:01:29,929 | DEBUG | Running WriteCheck[tcp://172.18.0.1:40982] | org.apache.activemq.transport.AbstractInactivityMonitor | ActiveMQ InactivityMonitor Worker
2025-10-29 03:01:32,977 | DEBUG | Checkpoint started. | org.apache.activemq.store.kahadb.MessageDatabase | ActiveMQ Journal Checkpoint Worker
2025-10-29 03:01:32,994 | DEBUG | Checkpoint done. | org.apache.activemq.store.kahadb.MessageDatabase | ActiveMQ Journal Checkpoint Worker
2025-10-29 03:01:36,102 | DEBUG | WriteChecker 10000 ms elapsed since last write check. | org.apache.activemq.transport.AbstractInactivityMonitor | ActiveMQ InactivityMonitor WriteCheckTimer
2025-10-29 03:01:36,103 | DEBUG | Running WriteCheck[tcp://172.18.0.1:49490] | org.apache.activemq.transport.AbstractInactivityMonitor | ActiveMQ InactivityMonitor Worker
2025-10-29 03:01:36,134 | DEBUG | WriteChecker 10000 ms elapsed since last write check. | org.apache.activemq.transport.AbstractInactivityMonitor | ActiveMQ InactivityMonitor WriteCheckTimer
2025-10-29 03:01:36,135 | DEBUG | Running WriteCheck[tcp://172.18.0.1:49496] | org.apache.activemq.transport.AbstractInactivityMonitor | ActiveMQ InactivityMonitor Worker
2025-10-29 03:01:37,508 | DEBUG | 30000 ms elapsed since last read check. | org.apache.activemq.transport.AbstractInactivityMonitor | ActiveMQ InactivityMonitor ReadCheckTimer
2025-10-29 03:01:37,509 | DEBUG | WriteChecker 10000 ms elapsed since last write check. | org.apache.activemq.transport.AbstractInactivityMonitor | ActiveMQ InactivityMonitor WriteCheckTimer
2025-10-29 03:01:37,510 | DEBUG | Running WriteCheck[tcp://172.18.0.3:38050] | org.apache.activemq.transport.AbstractInactivityMonitor | ActiveMQ InactivityMonitor Worker
2025-10-29 03:01:37,996 | DEBUG | Checkpoint started. | org.apache.activemq.store.kahadb.MessageDatabase | ActiveMQ Journal Checkpoint Worker
2025-10-29 03:01:38,010 | DEBUG | Checkpoint done. | org.apache.activemq.store.kahadb.MessageDatabase | ActiveMQ Journal Checkpoint Worker
2025-10-29 03:01:39,490 | DEBUG | queue://Consumer.A.VirtualTopic.Analysis expiring messages .. | org.apache.activemq.broker.region.Queue | ActiveMQ Broker[localhost] Scheduler
2025-10-29 03:01:39,490 | DEBUG | Consumer.A.VirtualTopic.Analysis toPageIn: 0, Inflight: 0, pagedInMessages.size 0, enqueueCount: 0, dequeueCount: 0 | org.apache.activemq.broker.region.Queue | ActiveMQ Broker[localhost] Scheduler
2025-10-29 03:01:39,490 | DEBUG | queue://Consumer.A.VirtualTopic.Analysis expiring messages done. | org.apache.activemq.broker.region.Queue | ActiveMQ Broker[localhost] Scheduler
2025-10-29 03:01:39,547 | DEBUG | queue://queue.analysis expiring messages .. | org.apache.activemq.broker.region.Queue | ActiveMQ Broker[localhost] Scheduler
2025-10-29 03:01:39,547 | DEBUG | queue.analysis toPageIn: 0, Inflight: 0, pagedInMessages.size 0, enqueueCount: 0, dequeueCount: 0 | org.apache.activemq.broker.region.Queue | ActiveMQ Broker[localhost] Scheduler
2025-10-29 03:01:39,548 | DEBUG | queue://queue.analysis expiring messages done. | org.apache.activemq.broker.region.Queue | ActiveMQ Broker[localhost] Scheduler
2025-10-29 03:01:39,928 | DEBUG | WriteChecker 10000 ms elapsed since last write check. | org.apache.activemq.transport.AbstractInactivityMonitor | ActiveMQ InactivityMonitor WriteCheckTimer
2025-10-29 03:01:39,928 | DEBUG | Running WriteCheck[tcp://172.18.0.1:40982] | org.apache.activemq.transport.AbstractInactivityMonitor | ActiveMQ InactivityMonitor Worker
2025-10-29 03:01:43,013 | DEBUG | Checkpoint started. | org.apache.activemq.store.kahadb.MessageDatabase | ActiveMQ Journal Checkpoint Worker
2025-10-29 03:01:43,028 | DEBUG | Checkpoint done. | org.apache.activemq.store.kahadb.MessageDatabase | ActiveMQ Journal Checkpoint Worker
2025-10-29 03:01:46,103 | DEBUG | WriteChecker 10000 ms elapsed since last write check. | org.apache.activemq.transport.AbstractInactivityMonitor | ActiveMQ InactivityMonitor WriteCheckTimer
2025-10-29 03:01:46,104 | DEBUG | Running WriteCheck[tcp://172.18.0.1:49490] | org.apache.activemq.transport.AbstractInactivityMonitor | ActiveMQ InactivityMonitor Worker
2025-10-29 03:01:46,134 | DEBUG | WriteChecker 10000 ms elapsed since last write check. | org.apache.activemq.transport.AbstractInactivityMonitor | ActiveMQ InactivityMonitor WriteCheckTimer
2025-10-29 03:01:46,134 | DEBUG | Running WriteCheck[tcp://172.18.0.1:49496] | org.apache.activemq.transport.AbstractInactivityMonitor | ActiveMQ InactivityMonitor Worker
2025-10-29 03:01:47,510 | DEBUG | WriteChecker 10001 ms elapsed since last write check. | org.apache.activemq.transport.AbstractInactivityMonitor | ActiveMQ InactivityMonitor WriteCheckTimer
2025-10-29 03:01:47,512 | DEBUG | Running WriteCheck[tcp://172.18.0.3:38050] | org.apache.activemq.transport.AbstractInactivityMonitor | ActiveMQ InactivityMonitor Worker
2025-10-29 03:01:48,031 | DEBUG | Checkpoint started. | org.apache.activemq.store.kahadb.MessageDatabase | ActiveMQ Journal Checkpoint Worker
2025-10-29 03:01:48,045 | DEBUG | Checkpoint done. | org.apache.activemq.store.kahadb.MessageDatabase | ActiveMQ Journal Checkpoint Worker
2025-10-29 03:01:49,928 | DEBUG | WriteChecker 10000 ms elapsed since last write check. | org.apache.activemq.transport.AbstractInactivityMonitor | ActiveMQ InactivityMonitor WriteCheckTimer
2025-10-29 03:01:49,929 | DEBUG | Running WriteCheck[tcp://172.18.0.1:40982] | org.apache.activemq.transport.AbstractInactivityMonitor | ActiveMQ InactivityMonitor Worker
2025-10-29 03:01:50,084 | DEBUG | queue://analysis.queue expiring messages .. | org.apache.activemq.broker.region.Queue | ActiveMQ Broker[localhost] Scheduler
2025-10-29 03:01:50,084 | DEBUG | analysis.queue toPageIn: 0, Inflight: 0, pagedInMessages.size 0, enqueueCount: 2, dequeueCount: 2 | org.apache.activemq.broker.region.Queue | ActiveMQ Broker[localhost] Scheduler
2025-10-29 03:01:50,085 | DEBUG | queue://analysis.queue expiring messages done. | org.apache.activemq.broker.region.Queue | ActiveMQ Broker[localhost] Scheduler
2025-10-29 03:01:53,048 | DEBUG | Checkpoint started. | org.apache.activemq.store.kahadb.MessageDatabase | ActiveMQ Journal Checkpoint Worker
2025-10-29 03:01:53,063 | DEBUG | Checkpoint done. | org.apache.activemq.store.kahadb.MessageDatabase | ActiveMQ Journal Checkpoint Worker
2025-10-29 03:01:55,077 | DEBUG | temp-queue://ID:351d5895b329-37485-1761699249168-2:7:1 expiring messages .. | org.apache.activemq.broker.region.Queue | ActiveMQ Broker[localhost] Scheduler
2025-10-29 03:01:55,078 | DEBUG | ID:351d5895b329-37485-1761699249168-2:7:1 toPageIn: 0, Inflight: 0, pagedInMessages.size 0, enqueueCount: 0, dequeueCount: 0 | org.apache.activemq.broker.region.Queue | ActiveMQ Broker[localhost] Scheduler
2025-10-29 03:01:55,079 | DEBUG | temp-queue://ID:351d5895b329-37485-1761699249168-2:7:1 expiring messages done. | org.apache.activemq.broker.region.Queue | ActiveMQ Broker[localhost] Scheduler
2025-10-29 03:01:56,080 | DEBUG | 30000 ms elapsed since last read check. | org.apache.activemq.transport.AbstractInactivityMonitor | ActiveMQ InactivityMonitor ReadCheckTimer
2025-10-29 03:01:56,102 | DEBUG | WriteChecker 10000 ms elapsed since last write check. | org.apache.activemq.transport.AbstractInactivityMonitor | ActiveMQ InactivityMonitor WriteCheckTimer
2025-10-29 03:01:56,102 | DEBUG | Running WriteCheck[tcp://172.18.0.1:49490] | org.apache.activemq.transport.AbstractInactivityMonitor | ActiveMQ InactivityMonitor Worker
2025-10-29 03:01:56,113 | DEBUG | 30000 ms elapsed since last read check. | org.apache.activemq.transport.AbstractInactivityMonitor | ActiveMQ InactivityMonitor ReadCheckTimer
2025-10-29 03:01:56,134 | DEBUG | WriteChecker 10000 ms elapsed since last write check. | org.apache.activemq.transport.AbstractInactivityMonitor | ActiveMQ InactivityMonitor WriteCheckTimer
2025-10-29 03:01:56,135 | DEBUG | Running WriteCheck[tcp://172.18.0.1:49496] | org.apache.activemq.transport.AbstractInactivityMonitor | ActiveMQ InactivityMonitor Worker
2025-10-29 03:01:57,510 | DEBUG | WriteChecker 10000 ms elapsed since last write check. | org.apache.activemq.transport.AbstractInactivityMonitor | ActiveMQ InactivityMonitor WriteCheckTimer
2025-10-29 03:01:57,511 | DEBUG | Running WriteCheck[tcp://172.18.0.3:38050] | org.apache.activemq.transport.AbstractInactivityMonitor | ActiveMQ InactivityMonitor Worker
2025-10-29 03:01:58,064 | DEBUG | Checkpoint started. | org.apache.activemq.store.kahadb.MessageDatabase | ActiveMQ Journal Checkpoint Worker
2025-10-29 03:01:58,076 | DEBUG | Checkpoint done. | org.apache.activemq.store.kahadb.MessageDatabase | ActiveMQ Journal Checkpoint Worker
2025-10-29 03:01:59,855 | DEBUG | 30000 ms elapsed since last read check. | org.apache.activemq.transport.AbstractInactivityMonitor | ActiveMQ InactivityMonitor ReadCheckTimer
2025-10-29 03:01:59,928 | DEBUG | WriteChecker 10000 ms elapsed since last write check. | org.apache.activemq.transport.AbstractInactivityMonitor | ActiveMQ InactivityMonitor WriteCheckTimer
2025-10-29 03:01:59,928 | DEBUG | Running WriteCheck[tcp://172.18.0.1:40982] | org.apache.activemq.transport.AbstractInactivityMonitor | ActiveMQ InactivityMonitor Worker
2025-10-29 03:02:03,079 | DEBUG | Checkpoint started. | org.apache.activemq.store.kahadb.MessageDatabase | ActiveMQ Journal Checkpoint Worker
2025-10-29 03:02:03,094 | DEBUG | Checkpoint done. | org.apache.activemq.store.kahadb.MessageDatabase | ActiveMQ Journal Checkpoint Worker
2025-10-29 03:02:06,103 | DEBUG | WriteChecker 10001 ms elapsed since last write check. | org.apache.activemq.transport.AbstractInactivityMonitor | ActiveMQ InactivityMonitor WriteCheckTimer
2025-10-29 03:02:06,104 | DEBUG | Running WriteCheck[tcp://172.18.0.1:49490] | org.apache.activemq.transport.AbstractInactivityMonitor | ActiveMQ InactivityMonitor Worker
2025-10-29 03:02:06,134 | DEBUG | WriteChecker 10000 ms elapsed since last write check. | org.apache.activemq.transport.AbstractInactivityMonitor | ActiveMQ InactivityMonitor WriteCheckTimer
2025-10-29 03:02:06,135 | DEBUG | Running WriteCheck[tcp://172.18.0.1:49496] | org.apache.activemq.transport.AbstractInactivityMonitor | ActiveMQ InactivityMonitor Worker
2025-10-29 03:02:07,508 | DEBUG | 30000 ms elapsed since last read check. | org.apache.activemq.transport.AbstractInactivityMonitor | ActiveMQ InactivityMonitor ReadCheckTimer
2025-10-29 03:02:07,511 | DEBUG | WriteChecker 10001 ms elapsed since last write check. | org.apache.activemq.transport.AbstractInactivityMonitor | ActiveMQ InactivityMonitor WriteCheckTimer
2025-10-29 03:02:07,512 | DEBUG | Running WriteCheck[tcp://172.18.0.3:38050] | org.apache.activemq.transport.AbstractInactivityMonitor | ActiveMQ InactivityMonitor Worker
2025-10-29 03:02:08,097 | DEBUG | Checkpoint started. | org.apache.activemq.store.kahadb.MessageDatabase | ActiveMQ Journal Checkpoint Worker
2025-10-29 03:02:08,111 | DEBUG | Checkpoint done. | org.apache.activemq.store.kahadb.MessageDatabase | ActiveMQ Journal Checkpoint Worker
2025-10-29 03:02:09,490 | DEBUG | queue://Consumer.A.VirtualTopic.Analysis expiring messages .. | org.apache.activemq.broker.region.Queue | ActiveMQ Broker[localhost] Scheduler
2025-10-29 03:02:09,491 | DEBUG | Consumer.A.VirtualTopic.Analysis toPageIn: 0, Inflight: 0, pagedInMessages.size 0, enqueueCount: 0, dequeueCount: 0 | org.apache.activemq.broker.region.Queue | ActiveMQ Broker[localhost] Scheduler
2025-10-29 03:02:09,491 | DEBUG | queue://Consumer.A.VirtualTopic.Analysis expiring messages done. | org.apache.activemq.broker.region.Queue | ActiveMQ Broker[localhost] Scheduler
2025-10-29 03:02:09,547 | DEBUG | queue://queue.analysis expiring messages .. | org.apache.activemq.broker.region.Queue | ActiveMQ Broker[localhost] Scheduler
2025-10-29 03:02:09,547 | DEBUG | queue.analysis toPageIn: 0, Inflight: 0, pagedInMessages.size 0, enqueueCount: 0, dequeueCount: 0 | org.apache.activemq.broker.region.Queue | ActiveMQ Broker[localhost] Scheduler
2025-10-29 03:02:09,548 | DEBUG | queue://queue.analysis expiring messages done. | org.apache.activemq.broker.region.Queue | ActiveMQ Broker[localhost] Scheduler
2025-10-29 03:02:09,928 | DEBUG | WriteChecker 10000 ms elapsed since last write check. | org.apache.activemq.transport.AbstractInactivityMonitor | ActiveMQ InactivityMonitor WriteCheckTimer
2025-10-29 03:02:09,928 | DEBUG | Running WriteCheck[tcp://172.18.0.1:40982] | org.apache.activemq.transport.AbstractInactivityMonitor | ActiveMQ InactivityMonitor Worker
2025-10-29 03:02:13,114 | DEBUG | Checkpoint started. | org.apache.activemq.store.kahadb.MessageDatabase | ActiveMQ Journal Checkpoint Worker
2025-10-29 03:02:13,126 | DEBUG | Checkpoint done. | org.apache.activemq.store.kahadb.MessageDatabase | ActiveMQ Journal Checkpoint Worker
2025-10-29 03:02:16,104 | DEBUG | WriteChecker 10001 ms elapsed since last write check. | org.apache.activemq.transport.AbstractInactivityMonitor | ActiveMQ InactivityMonitor WriteCheckTimer
2025-10-29 03:02:16,105 | DEBUG | Running WriteCheck[tcp://172.18.0.1:49490] | org.apache.activemq.transport.AbstractInactivityMonitor | ActiveMQ InactivityMonitor Worker
2025-10-29 03:02:16,135 | DEBUG | WriteChecker 10001 ms elapsed since last write check. | org.apache.activemq.transport.AbstractInactivityMonitor | ActiveMQ InactivityMonitor WriteCheckTimer
2025-10-29 03:02:16,136 | DEBUG | Running WriteCheck[tcp://172.18.0.1:49496] | org.apache.activemq.transport.AbstractInactivityMonitor | ActiveMQ InactivityMonitor Worker
2025-10-29 03:02:17,512 | DEBUG | WriteChecker 10001 ms elapsed since last write check. | org.apache.activemq.transport.AbstractInactivityMonitor | ActiveMQ InactivityMonitor WriteCheckTimer
2025-10-29 03:02:17,513 | DEBUG | Running WriteCheck[tcp://172.18.0.3:38050] | org.apache.activemq.transport.AbstractInactivityMonitor | ActiveMQ InactivityMonitor Worker
2025-10-29 03:02:18,130 | DEBUG | Checkpoint started. | org.apache.activemq.store.kahadb.MessageDatabase | ActiveMQ Journal Checkpoint Worker
2025-10-29 03:02:18,143 | DEBUG | Checkpoint done. | org.apache.activemq.store.kahadb.MessageDatabase | ActiveMQ Journal Checkpoint Worker
2025-10-29 03:02:19,928 | DEBUG | WriteChecker 10000 ms elapsed since last write check. | org.apache.activemq.transport.AbstractInactivityMonitor | ActiveMQ InactivityMonitor WriteCheckTimer
2025-10-29 03:02:19,928 | DEBUG | Running WriteCheck[tcp://172.18.0.1:40982] | org.apache.activemq.transport.AbstractInactivityMonitor | ActiveMQ InactivityMonitor Worker
2025-10-29 03:02:20,084 | DEBUG | queue://analysis.queue expiring messages .. | org.apache.activemq.broker.region.Queue | ActiveMQ Broker[localhost] Scheduler
2025-10-29 03:02:20,084 | DEBUG | analysis.queue toPageIn: 0, Inflight: 0, pagedInMessages.size 0, enqueueCount: 2, dequeueCount: 2 | org.apache.activemq.broker.region.Queue | ActiveMQ Broker[localhost] Scheduler
2025-10-29 03:02:20,085 | DEBUG | queue://analysis.queue expiring messages done. | org.apache.activemq.broker.region.Queue | ActiveMQ Broker[localhost] Scheduler
2025-10-29 03:02:23,145 | DEBUG | Checkpoint started. | org.apache.activemq.store.kahadb.MessageDatabase | ActiveMQ Journal Checkpoint Worker
2025-10-29 03:02:23,159 | DEBUG | Checkpoint done. | org.apache.activemq.store.kahadb.MessageDatabase | ActiveMQ Journal Checkpoint Worker
2025-10-29 03:02:25,077 | DEBUG | temp-queue://ID:351d5895b329-37485-1761699249168-2:7:1 expiring messages .. | org.apache.activemq.broker.region.Queue | ActiveMQ Broker[localhost] Scheduler
2025-10-29 03:02:25,078 | DEBUG | ID:351d5895b329-37485-1761699249168-2:7:1 toPageIn: 0, Inflight: 0, pagedInMessages.size 0, enqueueCount: 0, dequeueCount: 0 | org.apache.activemq.broker.region.Queue | ActiveMQ Broker[localhost] Scheduler
2025-10-29 03:02:25,079 | DEBUG | temp-queue://ID:351d5895b329-37485-1761699249168-2:7:1 expiring messages done. | org.apache.activemq.broker.region.Queue | ActiveMQ Broker[localhost] Scheduler
2025-10-29 03:02:26,080 | DEBUG | 30000 ms elapsed since last read check. | org.apache.activemq.transport.AbstractInactivityMonitor | ActiveMQ InactivityMonitor ReadCheckTimer
2025-10-29 03:02:26,104 | DEBUG | WriteChecker 10000 ms elapsed since last write check. | org.apache.activemq.transport.AbstractInactivityMonitor | ActiveMQ InactivityMonitor WriteCheckTimer
2025-10-29 03:02:26,104 | DEBUG | Running WriteCheck[tcp://172.18.0.1:49490] | org.apache.activemq.transport.AbstractInactivityMonitor | ActiveMQ InactivityMonitor Worker
2025-10-29 03:02:26,113 | DEBUG | 30000 ms elapsed since last read check. | org.apache.activemq.transport.AbstractInactivityMonitor | ActiveMQ InactivityMonitor ReadCheckTimer
2025-10-29 03:02:26,136 | DEBUG | WriteChecker 10001 ms elapsed since last write check. | org.apache.activemq.transport.AbstractInactivityMonitor | ActiveMQ InactivityMonitor WriteCheckTimer
2025-10-29 03:02:26,136 | DEBUG | Running WriteCheck[tcp://172.18.0.1:49496] | org.apache.activemq.transport.AbstractInactivityMonitor | ActiveMQ InactivityMonitor Worker
2025-10-29 03:02:27,513 | DEBUG | WriteChecker 10001 ms elapsed since last write check. | org.apache.activemq.transport.AbstractInactivityMonitor | ActiveMQ InactivityMonitor WriteCheckTimer
2025-10-29 03:02:27,514 | DEBUG | Running WriteCheck[tcp://172.18.0.3:38050] | org.apache.activemq.transport.AbstractInactivityMonitor | ActiveMQ InactivityMonitor Worker
2025-10-29 03:02:28,160 | DEBUG | Checkpoint started. | org.apache.activemq.store.kahadb.MessageDatabase | ActiveMQ Journal Checkpoint Worker
2025-10-29 03:02:28,175 | DEBUG | Checkpoint done. | org.apache.activemq.store.kahadb.MessageDatabase | ActiveMQ Journal Checkpoint Worker
2025-10-29 03:02:29,855 | DEBUG | 30000 ms elapsed since last read check. | org.apache.activemq.transport.AbstractInactivityMonitor | ActiveMQ InactivityMonitor ReadCheckTimer
2025-10-29 03:02:29,928 | DEBUG | WriteChecker 10000 ms elapsed since last write check. | org.apache.activemq.transport.AbstractInactivityMonitor | ActiveMQ InactivityMonitor WriteCheckTimer
2025-10-29 03:02:29,929 | DEBUG | Running WriteCheck[tcp://172.18.0.1:40982] | org.apache.activemq.transport.AbstractInactivityMonitor | ActiveMQ InactivityMonitor Worker
2025-10-29 03:02:33,178 | DEBUG | Checkpoint started. | org.apache.activemq.store.kahadb.MessageDatabase | ActiveMQ Journal Checkpoint Worker
2025-10-29 03:02:33,191 | DEBUG | Checkpoint done. | org.apache.activemq.store.kahadb.MessageDatabase | ActiveMQ Journal Checkpoint Worker
2025-10-29 03:02:36,104 | DEBUG | WriteChecker 10000 ms elapsed since last write check. | org.apache.activemq.transport.AbstractInactivityMonitor | ActiveMQ InactivityMonitor WriteCheckTimer
2025-10-29 03:02:36,109 | DEBUG | Running WriteCheck[tcp://172.18.0.1:49490] | org.apache.activemq.transport.AbstractInactivityMonitor | ActiveMQ InactivityMonitor Worker
2025-10-29 03:02:36,136 | DEBUG | WriteChecker 10000 ms elapsed since last write check. | org.apache.activemq.transport.AbstractInactivityMonitor | ActiveMQ InactivityMonitor WriteCheckTimer
2025-10-29 03:02:36,136 | DEBUG | Running WriteCheck[tcp://172.18.0.1:49496] | org.apache.activemq.transport.AbstractInactivityMonitor | ActiveMQ InactivityMonitor Worker
2025-10-29 03:02:37,508 | DEBUG | 30000 ms elapsed since last read check. | org.apache.activemq.transport.AbstractInactivityMonitor | ActiveMQ InactivityMonitor ReadCheckTimer
2025-10-29 03:02:37,514 | DEBUG | WriteChecker 10001 ms elapsed since last write check. | org.apache.activemq.transport.AbstractInactivityMonitor | ActiveMQ InactivityMonitor WriteCheckTimer
2025-10-29 03:02:37,516 | DEBUG | Running WriteCheck[tcp://172.18.0.3:38050] | org.apache.activemq.transport.AbstractInactivityMonitor | ActiveMQ InactivityMonitor Worker
2025-10-29 03:02:38,193 | DEBUG | Checkpoint started. | org.apache.activemq.store.kahadb.MessageDatabase | ActiveMQ Journal Checkpoint Worker
2025-10-29 03:02:38,207 | DEBUG | Checkpoint done. | org.apache.activemq.store.kahadb.MessageDatabase | ActiveMQ Journal Checkpoint Worker
2025-10-29 03:02:39,490 | DEBUG | queue://Consumer.A.VirtualTopic.Analysis expiring messages .. | org.apache.activemq.broker.region.Queue | ActiveMQ Broker[localhost] Scheduler
2025-10-29 03:02:39,491 | DEBUG | Consumer.A.VirtualTopic.Analysis toPageIn: 0, Inflight: 0, pagedInMessages.size 0, enqueueCount: 0, dequeueCount: 0 | org.apache.activemq.broker.region.Queue | ActiveMQ Broker[localhost] Scheduler
2025-10-29 03:02:39,492 | DEBUG | queue://Consumer.A.VirtualTopic.Analysis expiring messages done. | org.apache.activemq.broker.region.Queue | ActiveMQ Broker[localhost] Scheduler
2025-10-29 03:02:39,548 | DEBUG | queue://queue.analysis expiring messages .. | org.apache.activemq.broker.region.Queue | ActiveMQ Broker[localhost] Scheduler
2025-10-29 03:02:39,548 | DEBUG | queue.analysis toPageIn: 0, Inflight: 0, pagedInMessages.size 0, enqueueCount: 0, dequeueCount: 0 | org.apache.activemq.broker.region.Queue | ActiveMQ Broker[localhost] Scheduler
2025-10-29 03:02:39,549 | DEBUG | queue://queue.analysis expiring messages done. | org.apache.activemq.broker.region.Queue | ActiveMQ Broker[localhost] Scheduler
2025-10-29 03:02:39,929 | DEBUG | WriteChecker 10001 ms elapsed since last write check. | org.apache.activemq.transport.AbstractInactivityMonitor | ActiveMQ InactivityMonitor WriteCheckTimer
2025-10-29 03:02:39,929 | DEBUG | Running WriteCheck[tcp://172.18.0.1:40982] | org.apache.activemq.transport.AbstractInactivityMonitor | ActiveMQ InactivityMonitor Worker
2025-10-29 03:02:43,209 | DEBUG | Checkpoint started. | org.apache.activemq.store.kahadb.MessageDatabase | ActiveMQ Journal Checkpoint Worker
2025-10-29 03:02:43,226 | DEBUG | Checkpoint done. | org.apache.activemq.store.kahadb.MessageDatabase | ActiveMQ Journal Checkpoint Worker
2025-10-29 03:02:46,105 | DEBUG | WriteChecker 10000 ms elapsed since last write check. | org.apache.activemq.transport.AbstractInactivityMonitor | ActiveMQ InactivityMonitor WriteCheckTimer
2025-10-29 03:02:46,106 | DEBUG | Running WriteCheck[tcp://172.18.0.1:49490] | org.apache.activemq.transport.AbstractInactivityMonitor | ActiveMQ InactivityMonitor Worker
2025-10-29 03:02:46,136 | DEBUG | WriteChecker 10000 ms elapsed since last write check. | org.apache.activemq.transport.AbstractInactivityMonitor | ActiveMQ InactivityMonitor WriteCheckTimer
2025-10-29 03:02:46,136 | DEBUG | Running WriteCheck[tcp://172.18.0.1:49496] | org.apache.activemq.transport.AbstractInactivityMonitor | ActiveMQ InactivityMonitor Worker
2025-10-29 03:02:47,515 | DEBUG | WriteChecker 10001 ms elapsed since last write check. | org.apache.activemq.transport.AbstractInactivityMonitor | ActiveMQ InactivityMonitor WriteCheckTimer
2025-10-29 03:02:47,516 | DEBUG | Running WriteCheck[tcp://172.18.0.3:38050] | org.apache.activemq.transport.AbstractInactivityMonitor | ActiveMQ InactivityMonitor Worker
2025-10-29 03:02:48,230 | DEBUG | Checkpoint started. | org.apache.activemq.store.kahadb.MessageDatabase | ActiveMQ Journal Checkpoint Worker
2025-10-29 03:02:48,246 | DEBUG | Checkpoint done. | org.apache.activemq.store.kahadb.MessageDatabase | ActiveMQ Journal Checkpoint Worker
2025-10-29 03:02:49,929 | DEBUG | WriteChecker 10000 ms elapsed since last write check. | org.apache.activemq.transport.AbstractInactivityMonitor | ActiveMQ InactivityMonitor WriteCheckTimer
2025-10-29 03:02:49,929 | DEBUG | Running WriteCheck[tcp://172.18.0.1:40982] | org.apache.activemq.transport.AbstractInactivityMonitor | ActiveMQ InactivityMonitor Worker
2025-10-29 03:02:50,084 | DEBUG | queue://analysis.queue expiring messages .. | org.apache.activemq.broker.region.Queue | ActiveMQ Broker[localhost] Scheduler
2025-10-29 03:02:50,085 | DEBUG | analysis.queue toPageIn: 0, Inflight: 0, pagedInMessages.size 0, enqueueCount: 2, dequeueCount: 2 | org.apache.activemq.broker.region.Queue | ActiveMQ Broker[localhost] Scheduler
2025-10-29 03:02:50,086 | DEBUG | queue://analysis.queue expiring messages done. | org.apache.activemq.broker.region.Queue | ActiveMQ Broker[localhost] Scheduler
2025-10-29 03:02:53,249 | DEBUG | Checkpoint started. | org.apache.activemq.store.kahadb.MessageDatabase | ActiveMQ Journal Checkpoint Worker
2025-10-29 03:02:53,261 | DEBUG | Checkpoint done. | org.apache.activemq.store.kahadb.MessageDatabase | ActiveMQ Journal Checkpoint Worker
2025-10-29 03:02:55,078 | DEBUG | temp-queue://ID:351d5895b329-37485-1761699249168-2:7:1 expiring messages .. | org.apache.activemq.broker.region.Queue | ActiveMQ Broker[localhost] Scheduler
2025-10-29 03:02:55,078 | DEBUG | ID:351d5895b329-37485-1761699249168-2:7:1 toPageIn: 0, Inflight: 0, pagedInMessages.size 0, enqueueCount: 0, dequeueCount: 0 | org.apache.activemq.broker.region.Queue | ActiveMQ Broker[localhost] Scheduler
2025-10-29 03:02:55,079 | DEBUG | temp-queue://ID:351d5895b329-37485-1761699249168-2:7:1 expiring messages done. | org.apache.activemq.broker.region.Queue | ActiveMQ Broker[localhost] Scheduler
2025-10-29 03:02:56,080 | DEBUG | 30000 ms elapsed since last read check. | org.apache.activemq.transport.AbstractInactivityMonitor | ActiveMQ InactivityMonitor ReadCheckTimer
2025-10-29 03:02:56,104 | DEBUG | WriteChecker 10000 ms elapsed since last write check. | org.apache.activemq.transport.AbstractInactivityMonitor | ActiveMQ InactivityMonitor WriteCheckTimer
2025-10-29 03:02:56,104 | DEBUG | Running WriteCheck[tcp://172.18.0.1:49490] | org.apache.activemq.transport.AbstractInactivityMonitor | ActiveMQ InactivityMonitor Worker
2025-10-29 03:02:56,113 | DEBUG | 30000 ms elapsed since last read check. | org.apache.activemq.transport.AbstractInactivityMonitor | ActiveMQ InactivityMonitor ReadCheckTimer
2025-10-29 03:02:56,136 | DEBUG | WriteChecker 10000 ms elapsed since last write check. | org.apache.activemq.transport.AbstractInactivityMonitor | ActiveMQ InactivityMonitor WriteCheckTimer
2025-10-29 03:02:56,137 | DEBUG | Running WriteCheck[tcp://172.18.0.1:49496] | org.apache.activemq.transport.AbstractInactivityMonitor | ActiveMQ InactivityMonitor Worker
2025-10-29 03:02:57,515 | DEBUG | WriteChecker 10000 ms elapsed since last write check. | org.apache.activemq.transport.AbstractInactivityMonitor | ActiveMQ InactivityMonitor WriteCheckTimer
2025-10-29 03:02:57,515 | DEBUG | Running WriteCheck[tcp://172.18.0.3:38050] | org.apache.activemq.transport.AbstractInactivityMonitor | ActiveMQ InactivityMonitor Worker
2025-10-29 03:02:58,263 | DEBUG | Checkpoint started. | org.apache.activemq.store.kahadb.MessageDatabase | ActiveMQ Journal Checkpoint Worker
2025-10-29 03:02:58,276 | DEBUG | Checkpoint done. | org.apache.activemq.store.kahadb.MessageDatabase | ActiveMQ Journal Checkpoint Worker
2025-10-29 03:02:59,855 | DEBUG | 30000 ms elapsed since last read check. | org.apache.activemq.transport.AbstractInactivityMonitor | ActiveMQ InactivityMonitor ReadCheckTimer
2025-10-29 03:02:59,930 | DEBUG | WriteChecker 10001 ms elapsed since last write check. | org.apache.activemq.transport.AbstractInactivityMonitor | ActiveMQ InactivityMonitor WriteCheckTimer
2025-10-29 03:02:59,930 | DEBUG | Running WriteCheck[tcp://172.18.0.1:40982] | org.apache.activemq.transport.AbstractInactivityMonitor | ActiveMQ InactivityMonitor Worker
2025-10-29 03:03:03,278 | DEBUG | Checkpoint started. | org.apache.activemq.store.kahadb.MessageDatabase | ActiveMQ Journal Checkpoint Worker
2025-10-29 03:03:03,364 | DEBUG | Checkpoint done. | org.apache.activemq.store.kahadb.MessageDatabase | ActiveMQ Journal Checkpoint Worker
2025-10-29 03:03:06,104 | DEBUG | WriteChecker 10000 ms elapsed since last write check. | org.apache.activemq.transport.AbstractInactivityMonitor | ActiveMQ InactivityMonitor WriteCheckTimer
2025-10-29 03:03:06,105 | DEBUG | Running WriteCheck[tcp://172.18.0.1:49490] | org.apache.activemq.transport.AbstractInactivityMonitor | ActiveMQ InactivityMonitor Worker
2025-10-29 03:03:06,136 | DEBUG | WriteChecker 10000 ms elapsed since last write check. | org.apache.activemq.transport.AbstractInactivityMonitor | ActiveMQ InactivityMonitor WriteCheckTimer
2025-10-29 03:03:06,137 | DEBUG | Running WriteCheck[tcp://172.18.0.1:49496] | org.apache.activemq.transport.AbstractInactivityMonitor | ActiveMQ InactivityMonitor Worker
2025-10-29 03:03:07,508 | DEBUG | 30000 ms elapsed since last read check. | org.apache.activemq.transport.AbstractInactivityMonitor | ActiveMQ InactivityMonitor ReadCheckTimer
2025-10-29 03:03:07,515 | DEBUG | WriteChecker 10000 ms elapsed since last write check. | org.apache.activemq.transport.AbstractInactivityMonitor | ActiveMQ InactivityMonitor WriteCheckTimer
2025-10-29 03:03:07,515 | DEBUG | Running WriteCheck[tcp://172.18.0.3:38050] | org.apache.activemq.transport.AbstractInactivityMonitor | ActiveMQ InactivityMonitor Worker
2025-10-29 03:03:08,368 | DEBUG | Checkpoint started. | org.apache.activemq.store.kahadb.MessageDatabase | ActiveMQ Journal Checkpoint Worker
2025-10-29 03:03:08,384 | DEBUG | Checkpoint done. | org.apache.activemq.store.kahadb.MessageDatabase | ActiveMQ Journal Checkpoint Worker
2025-10-29 03:03:09,491 | DEBUG | queue://Consumer.A.VirtualTopic.Analysis expiring messages .. | org.apache.activemq.broker.region.Queue | ActiveMQ Broker[localhost] Scheduler
2025-10-29 03:03:09,492 | DEBUG | Consumer.A.VirtualTopic.Analysis toPageIn: 0, Inflight: 0, pagedInMessages.size 0, enqueueCount: 0, dequeueCount: 0 | org.apache.activemq.broker.region.Queue | ActiveMQ Broker[localhost] Scheduler
2025-10-29 03:03:09,492 | DEBUG | queue://Consumer.A.VirtualTopic.Analysis expiring messages done. | org.apache.activemq.broker.region.Queue | ActiveMQ Broker[localhost] Scheduler
2025-10-29 03:03:09,548 | DEBUG | queue://queue.analysis expiring messages .. | org.apache.activemq.broker.region.Queue | ActiveMQ Broker[localhost] Scheduler
2025-10-29 03:03:09,548 | DEBUG | queue.analysis toPageIn: 0, Inflight: 0, pagedInMessages.size 0, enqueueCount: 0, dequeueCount: 0 | org.apache.activemq.broker.region.Queue | ActiveMQ Broker[localhost] Scheduler
2025-10-29 03:03:09,549 | DEBUG | queue://queue.analysis expiring messages done. | org.apache.activemq.broker.region.Queue | ActiveMQ Broker[localhost] Scheduler
2025-10-29 03:03:09,930 | DEBUG | WriteChecker 10000 ms elapsed since last write check. | org.apache.activemq.transport.AbstractInactivityMonitor | ActiveMQ InactivityMonitor WriteCheckTimer
2025-10-29 03:03:09,931 | DEBUG | Running WriteCheck[tcp://172.18.0.1:40982] | org.apache.activemq.transport.AbstractInactivityMonitor | ActiveMQ InactivityMonitor Worker
2025-10-29 03:03:13,387 | DEBUG | Checkpoint started. | org.apache.activemq.store.kahadb.MessageDatabase | ActiveMQ Journal Checkpoint Worker
2025-10-29 03:03:13,409 | DEBUG | Checkpoint done. | org.apache.activemq.store.kahadb.MessageDatabase | ActiveMQ Journal Checkpoint Worker
2025-10-29 03:03:16,104 | DEBUG | WriteChecker 10000 ms elapsed since last write check. | org.apache.activemq.transport.AbstractInactivityMonitor | ActiveMQ InactivityMonitor WriteCheckTimer
2025-10-29 03:03:16,105 | DEBUG | Running WriteCheck[tcp://172.18.0.1:49490] | org.apache.activemq.transport.AbstractInactivityMonitor | ActiveMQ InactivityMonitor Worker
2025-10-29 03:03:16,136 | DEBUG | WriteChecker 10000 ms elapsed since last write check. | org.apache.activemq.transport.AbstractInactivityMonitor | ActiveMQ InactivityMonitor WriteCheckTimer
2025-10-29 03:03:16,137 | DEBUG | Running WriteCheck[tcp://172.18.0.1:49496] | org.apache.activemq.transport.AbstractInactivityMonitor | ActiveMQ InactivityMonitor Worker
2025-10-29 03:03:17,515 | DEBUG | WriteChecker 10000 ms elapsed since last write check. | org.apache.activemq.transport.AbstractInactivityMonitor | ActiveMQ InactivityMonitor WriteCheckTimer
2025-10-29 03:03:17,516 | DEBUG | Running WriteCheck[tcp://172.18.0.3:38050] | org.apache.activemq.transport.AbstractInactivityMonitor | ActiveMQ InactivityMonitor Worker
2025-10-29 03:03:18,412 | DEBUG | Checkpoint started. | org.apache.activemq.store.kahadb.MessageDatabase | ActiveMQ Journal Checkpoint Worker
2025-10-29 03:03:18,424 | DEBUG | Checkpoint done. | org.apache.activemq.store.kahadb.MessageDatabase | ActiveMQ Journal Checkpoint Worker
2025-10-29 03:03:19,930 | DEBUG | WriteChecker 10000 ms elapsed since last write check. | org.apache.activemq.transport.AbstractInactivityMonitor | ActiveMQ InactivityMonitor WriteCheckTimer
2025-10-29 03:03:19,931 | DEBUG | Running WriteCheck[tcp://172.18.0.1:40982] | org.apache.activemq.transport.AbstractInactivityMonitor | ActiveMQ InactivityMonitor Worker
2025-10-29 03:03:20,084 | DEBUG | queue://analysis.queue expiring messages .. | org.apache.activemq.broker.region.Queue | ActiveMQ Broker[localhost] Scheduler
2025-10-29 03:03:20,085 | DEBUG | analysis.queue toPageIn: 0, Inflight: 0, pagedInMessages.size 0, enqueueCount: 2, dequeueCount: 2 | org.apache.activemq.broker.region.Queue | ActiveMQ Broker[localhost] Scheduler
2025-10-29 03:03:20,086 | DEBUG | queue://analysis.queue expiring messages done. | org.apache.activemq.broker.region.Queue | ActiveMQ Broker[localhost] Scheduler
2025-10-29 03:03:23,427 | DEBUG | Checkpoint started. | org.apache.activemq.store.kahadb.MessageDatabase | ActiveMQ Journal Checkpoint Worker
2025-10-29 03:03:23,443 | DEBUG | Checkpoint done. | org.apache.activemq.store.kahadb.MessageDatabase | ActiveMQ Journal Checkpoint Worker
2025-10-29 03:03:25,078 | DEBUG | temp-queue://ID:351d5895b329-37485-1761699249168-2:7:1 expiring messages .. | org.apache.activemq.broker.region.Queue | ActiveMQ Broker[localhost] Scheduler
2025-10-29 03:03:25,078 | DEBUG | ID:351d5895b329-37485-1761699249168-2:7:1 toPageIn: 0, Inflight: 0, pagedInMessages.size 0, enqueueCount: 0, dequeueCount: 0 | org.apache.activemq.broker.region.Queue | ActiveMQ Broker[localhost] Scheduler
2025-10-29 03:03:25,079 | DEBUG | temp-queue://ID:351d5895b329-37485-1761699249168-2:7:1 expiring messages done. | org.apache.activemq.broker.region.Queue | ActiveMQ Broker[localhost] Scheduler
2025-10-29 03:03:26,080 | DEBUG | 30000 ms elapsed since last read check. | org.apache.activemq.transport.AbstractInactivityMonitor | ActiveMQ InactivityMonitor ReadCheckTimer
2025-10-29 03:03:26,104 | DEBUG | WriteChecker 10000 ms elapsed since last write check. | org.apache.activemq.transport.AbstractInactivityMonitor | ActiveMQ InactivityMonitor WriteCheckTimer
2025-10-29 03:03:26,105 | DEBUG | Running WriteCheck[tcp://172.18.0.1:49490] | org.apache.activemq.transport.AbstractInactivityMonitor | ActiveMQ InactivityMonitor Worker
2025-10-29 03:03:26,113 | DEBUG | 30000 ms elapsed since last read check. | org.apache.activemq.transport.AbstractInactivityMonitor | ActiveMQ InactivityMonitor ReadCheckTimer
2025-10-29 03:03:26,136 | DEBUG | WriteChecker 10000 ms elapsed since last write check. | org.apache.activemq.transport.AbstractInactivityMonitor | ActiveMQ InactivityMonitor WriteCheckTimer
2025-10-29 03:03:26,136 | DEBUG | Running WriteCheck[tcp://172.18.0.1:49496] | org.apache.activemq.transport.AbstractInactivityMonitor | ActiveMQ InactivityMonitor Worker
2025-10-29 03:03:27,516 | DEBUG | WriteChecker 10001 ms elapsed since last write check. | org.apache.activemq.transport.AbstractInactivityMonitor | ActiveMQ InactivityMonitor WriteCheckTimer
2025-10-29 03:03:27,517 | DEBUG | Running WriteCheck[tcp://172.18.0.3:38050] | org.apache.activemq.transport.AbstractInactivityMonitor | ActiveMQ InactivityMonitor Worker
2025-10-29 03:03:28,444 | DEBUG | Checkpoint started. | org.apache.activemq.store.kahadb.MessageDatabase | ActiveMQ Journal Checkpoint Worker
2025-10-29 03:03:28,458 | DEBUG | Checkpoint done. | org.apache.activemq.store.kahadb.MessageDatabase | ActiveMQ Journal Checkpoint Worker
2025-10-29 03:03:29,856 | DEBUG | 30001 ms elapsed since last read check. | org.apache.activemq.transport.AbstractInactivityMonitor | ActiveMQ InactivityMonitor ReadCheckTimer
2025-10-29 03:03:29,930 | DEBUG | WriteChecker 10000 ms elapsed since last write check. | org.apache.activemq.transport.AbstractInactivityMonitor | ActiveMQ InactivityMonitor WriteCheckTimer
2025-10-29 03:03:29,930 | DEBUG | Running WriteCheck[tcp://172.18.0.1:40982] | org.apache.activemq.transport.AbstractInactivityMonitor | ActiveMQ InactivityMonitor Worker
2025-10-29 03:03:33,462 | DEBUG | Checkpoint started. | org.apache.activemq.store.kahadb.MessageDatabase | ActiveMQ Journal Checkpoint Worker
2025-10-29 03:03:33,481 | DEBUG | Checkpoint done. | org.apache.activemq.store.kahadb.MessageDatabase | ActiveMQ Journal Checkpoint Worker
2025-10-29 03:03:36,104 | DEBUG | WriteChecker 10000 ms elapsed since last write check. | org.apache.activemq.transport.AbstractInactivityMonitor | ActiveMQ InactivityMonitor WriteCheckTimer
2025-10-29 03:03:36,105 | DEBUG | Running WriteCheck[tcp://172.18.0.1:49490] | org.apache.activemq.transport.AbstractInactivityMonitor | ActiveMQ InactivityMonitor Worker
2025-10-29 03:03:36,136 | DEBUG | WriteChecker 10000 ms elapsed since last write check. | org.apache.activemq.transport.AbstractInactivityMonitor | ActiveMQ InactivityMonitor WriteCheckTimer
2025-10-29 03:03:36,136 | DEBUG | Running WriteCheck[tcp://172.18.0.1:49496] | org.apache.activemq.transport.AbstractInactivityMonitor | ActiveMQ InactivityMonitor Worker
2025-10-29 03:03:37,509 | DEBUG | 30001 ms elapsed since last read check. | org.apache.activemq.transport.AbstractInactivityMonitor | ActiveMQ InactivityMonitor ReadCheckTimer
2025-10-29 03:03:37,516 | DEBUG | WriteChecker 10000 ms elapsed since last write check. | org.apache.activemq.transport.AbstractInactivityMonitor | ActiveMQ InactivityMonitor WriteCheckTimer
2025-10-29 03:03:37,517 | DEBUG | Running WriteCheck[tcp://172.18.0.3:38050] | org.apache.activemq.transport.AbstractInactivityMonitor | ActiveMQ InactivityMonitor Worker
2025-10-29 03:03:38,484 | DEBUG | Checkpoint started. | org.apache.activemq.store.kahadb.MessageDatabase | ActiveMQ Journal Checkpoint Worker
2025-10-29 03:03:38,500 | DEBUG | Checkpoint done. | org.apache.activemq.store.kahadb.MessageDatabase | ActiveMQ Journal Checkpoint Worker
2025-10-29 03:03:39,492 | DEBUG | queue://Consumer.A.VirtualTopic.Analysis expiring messages .. | org.apache.activemq.broker.region.Queue | ActiveMQ Broker[localhost] Scheduler
2025-10-29 03:03:39,492 | DEBUG | Consumer.A.VirtualTopic.Analysis toPageIn: 0, Inflight: 0, pagedInMessages.size 0, enqueueCount: 0, dequeueCount: 0 | org.apache.activemq.broker.region.Queue | ActiveMQ Broker[localhost] Scheduler
2025-10-29 03:03:39,492 | DEBUG | queue://Consumer.A.VirtualTopic.Analysis expiring messages done. | org.apache.activemq.broker.region.Queue | ActiveMQ Broker[localhost] Scheduler
2025-10-29 03:03:39,548 | DEBUG | queue://queue.analysis expiring messages .. | org.apache.activemq.broker.region.Queue | ActiveMQ Broker[localhost] Scheduler
2025-10-29 03:03:39,548 | DEBUG | queue.analysis toPageIn: 0, Inflight: 0, pagedInMessages.size 0, enqueueCount: 0, dequeueCount: 0 | org.apache.activemq.broker.region.Queue | ActiveMQ Broker[localhost] Scheduler
2025-10-29 03:03:39,548 | DEBUG | queue://queue.analysis expiring messages done. | org.apache.activemq.broker.region.Queue | ActiveMQ Broker[localhost] Scheduler
2025-10-29 03:03:39,930 | DEBUG | WriteChecker 10000 ms elapsed since last write check. | org.apache.activemq.transport.AbstractInactivityMonitor | ActiveMQ InactivityMonitor WriteCheckTimer
2025-10-29 03:03:39,931 | DEBUG | Running WriteCheck[tcp://172.18.0.1:40982] | org.apache.activemq.transport.AbstractInactivityMonitor | ActiveMQ InactivityMonitor Worker
2025-10-29 03:03:43,502 | DEBUG | Checkpoint started. | org.apache.activemq.store.kahadb.MessageDatabase | ActiveMQ Journal Checkpoint Worker
2025-10-29 03:03:43,518 | DEBUG | Checkpoint done. | org.apache.activemq.store.kahadb.MessageDatabase | ActiveMQ Journal Checkpoint Worker
2025-10-29 03:03:46,104 | DEBUG | WriteChecker 10000 ms elapsed since last write check. | org.apache.activemq.transport.AbstractInactivityMonitor | ActiveMQ InactivityMonitor WriteCheckTimer
2025-10-29 03:03:46,105 | DEBUG | Running WriteCheck[tcp://172.18.0.1:49490] | org.apache.activemq.transport.AbstractInactivityMonitor | ActiveMQ InactivityMonitor Worker
2025-10-29 03:03:46,136 | DEBUG | WriteChecker 10000 ms elapsed since last write check. | org.apache.activemq.transport.AbstractInactivityMonitor | ActiveMQ InactivityMonitor WriteCheckTimer
2025-10-29 03:03:46,136 | DEBUG | Running WriteCheck[tcp://172.18.0.1:49496] | org.apache.activemq.transport.AbstractInactivityMonitor | ActiveMQ InactivityMonitor Worker
2025-10-29 03:03:47,516 | DEBUG | WriteChecker 10000 ms elapsed since last write check. | org.apache.activemq.transport.AbstractInactivityMonitor | ActiveMQ InactivityMonitor WriteCheckTimer
2025-10-29 03:03:47,517 | DEBUG | Running WriteCheck[tcp://172.18.0.3:38050] | org.apache.activemq.transport.AbstractInactivityMonitor | ActiveMQ InactivityMonitor Worker
2025-10-29 03:03:48,520 | DEBUG | Checkpoint started. | org.apache.activemq.store.kahadb.MessageDatabase | ActiveMQ Journal Checkpoint Worker
2025-10-29 03:03:48,534 | DEBUG | Checkpoint done. | org.apache.activemq.store.kahadb.MessageDatabase | ActiveMQ Journal Checkpoint Worker
2025-10-29 03:03:49,930 | DEBUG | WriteChecker 10000 ms elapsed since last write check. | org.apache.activemq.transport.AbstractInactivityMonitor | ActiveMQ InactivityMonitor WriteCheckTimer
2025-10-29 03:03:49,931 | DEBUG | Running WriteCheck[tcp://172.18.0.1:40982] | org.apache.activemq.transport.AbstractInactivityMonitor | ActiveMQ InactivityMonitor Worker
2025-10-29 03:03:50,084 | DEBUG | queue://analysis.queue expiring messages .. | org.apache.activemq.broker.region.Queue | ActiveMQ Broker[localhost] Scheduler
2025-10-29 03:03:50,085 | DEBUG | analysis.queue toPageIn: 0, Inflight: 0, pagedInMessages.size 0, enqueueCount: 2, dequeueCount: 2 | org.apache.activemq.broker.region.Queue | ActiveMQ Broker[localhost] Scheduler
2025-10-29 03:03:50,085 | DEBUG | queue://analysis.queue expiring messages done. | org.apache.activemq.broker.region.Queue | ActiveMQ Broker[localhost] Scheduler
2025-10-29 03:03:53,536 | DEBUG | Checkpoint started. | org.apache.activemq.store.kahadb.MessageDatabase | ActiveMQ Journal Checkpoint Worker
2025-10-29 03:03:53,551 | DEBUG | Checkpoint done. | org.apache.activemq.store.kahadb.MessageDatabase | ActiveMQ Journal Checkpoint Worker
2025-10-29 03:03:55,079 | DEBUG | temp-queue://ID:351d5895b329-37485-1761699249168-2:7:1 expiring messages .. | org.apache.activemq.broker.region.Queue | ActiveMQ Broker[localhost] Scheduler
2025-10-29 03:03:55,080 | DEBUG | ID:351d5895b329-37485-1761699249168-2:7:1 toPageIn: 0, Inflight: 0, pagedInMessages.size 0, enqueueCount: 0, dequeueCount: 0 | org.apache.activemq.broker.region.Queue | ActiveMQ Broker[localhost] Scheduler
2025-10-29 03:03:55,080 | DEBUG | temp-queue://ID:351d5895b329-37485-1761699249168-2:7:1 expiring messages done. | org.apache.activemq.broker.region.Queue | ActiveMQ Broker[localhost] Scheduler
2025-10-29 03:03:56,080 | DEBUG | 30000 ms elapsed since last read check. | org.apache.activemq.transport.AbstractInactivityMonitor | ActiveMQ InactivityMonitor ReadCheckTimer
2025-10-29 03:03:56,104 | DEBUG | WriteChecker 10000 ms elapsed since last write check. | org.apache.activemq.transport.AbstractInactivityMonitor | ActiveMQ InactivityMonitor WriteCheckTimer
2025-10-29 03:03:56,105 | DEBUG | Running WriteCheck[tcp://172.18.0.1:49490] | org.apache.activemq.transport.AbstractInactivityMonitor | ActiveMQ InactivityMonitor Worker
2025-10-29 03:03:56,113 | DEBUG | 30000 ms elapsed since last read check. | org.apache.activemq.transport.AbstractInactivityMonitor | ActiveMQ InactivityMonitor ReadCheckTimer
2025-10-29 03:03:56,136 | DEBUG | WriteChecker 10000 ms elapsed since last write check. | org.apache.activemq.transport.AbstractInactivityMonitor | ActiveMQ InactivityMonitor WriteCheckTimer
2025-10-29 03:03:56,137 | DEBUG | Running WriteCheck[tcp://172.18.0.1:49496] | org.apache.activemq.transport.AbstractInactivityMonitor | ActiveMQ InactivityMonitor Worker
2025-10-29 03:03:57,516 | DEBUG | WriteChecker 10000 ms elapsed since last write check. | org.apache.activemq.transport.AbstractInactivityMonitor | ActiveMQ InactivityMonitor WriteCheckTimer
2025-10-29 03:03:57,517 | DEBUG | Running WriteCheck[tcp://172.18.0.3:38050] | org.apache.activemq.transport.AbstractInactivityMonitor | ActiveMQ InactivityMonitor Worker
2025-10-29 03:03:58,551 | DEBUG | Checkpoint started. | org.apache.activemq.store.kahadb.MessageDatabase | ActiveMQ Journal Checkpoint Worker
2025-10-29 03:03:58,568 | DEBUG | Checkpoint done. | org.apache.activemq.store.kahadb.MessageDatabase | ActiveMQ Journal Checkpoint Worker
2025-10-29 03:03:59,856 | DEBUG | 30000 ms elapsed since last read check. | org.apache.activemq.transport.AbstractInactivityMonitor | ActiveMQ InactivityMonitor ReadCheckTimer
2025-10-29 03:03:59,930 | DEBUG | WriteChecker 10000 ms elapsed since last write check. | org.apache.activemq.transport.AbstractInactivityMonitor | ActiveMQ InactivityMonitor WriteCheckTimer
2025-10-29 03:03:59,930 | DEBUG | Running WriteCheck[tcp://172.18.0.1:40982] | org.apache.activemq.transport.AbstractInactivityMonitor | ActiveMQ InactivityMonitor Worker
2025-10-29 03:04:03,570 | DEBUG | Checkpoint started. | org.apache.activemq.store.kahadb.MessageDatabase | ActiveMQ Journal Checkpoint Worker
2025-10-29 03:04:03,586 | DEBUG | Checkpoint done. | org.apache.activemq.store.kahadb.MessageDatabase | ActiveMQ Journal Checkpoint Worker
2025-10-29 03:04:06,105 | DEBUG | WriteChecker 10001 ms elapsed since last write check. | org.apache.activemq.transport.AbstractInactivityMonitor | ActiveMQ InactivityMonitor WriteCheckTimer
2025-10-29 03:04:06,105 | DEBUG | Running WriteCheck[tcp://172.18.0.1:49490] | org.apache.activemq.transport.AbstractInactivityMonitor | ActiveMQ InactivityMonitor Worker
2025-10-29 03:04:06,136 | DEBUG | WriteChecker 10000 ms elapsed since last write check. | org.apache.activemq.transport.AbstractInactivityMonitor | ActiveMQ InactivityMonitor WriteCheckTimer
2025-10-29 03:04:06,137 | DEBUG | Running WriteCheck[tcp://172.18.0.1:49496] | org.apache.activemq.transport.AbstractInactivityMonitor | ActiveMQ InactivityMonitor Worker
2025-10-29 03:04:07,509 | DEBUG | 30000 ms elapsed since last read check. | org.apache.activemq.transport.AbstractInactivityMonitor | ActiveMQ InactivityMonitor ReadCheckTimer
2025-10-29 03:04:07,516 | DEBUG | WriteChecker 10000 ms elapsed since last write check. | org.apache.activemq.transport.AbstractInactivityMonitor | ActiveMQ InactivityMonitor WriteCheckTimer
2025-10-29 03:04:07,517 | DEBUG | Running WriteCheck[tcp://172.18.0.3:38050] | org.apache.activemq.transport.AbstractInactivityMonitor | ActiveMQ InactivityMonitor Worker
2025-10-29 03:04:08,589 | DEBUG | Checkpoint started. | org.apache.activemq.store.kahadb.MessageDatabase | ActiveMQ Journal Checkpoint Worker
2025-10-29 03:04:08,603 | DEBUG | Checkpoint done. | org.apache.activemq.store.kahadb.MessageDatabase | ActiveMQ Journal Checkpoint Worker
2025-10-29 03:04:09,492 | DEBUG | queue://Consumer.A.VirtualTopic.Analysis expiring messages .. | org.apache.activemq.broker.region.Queue | ActiveMQ Broker[localhost] Scheduler
2025-10-29 03:04:09,493 | DEBUG | Consumer.A.VirtualTopic.Analysis toPageIn: 0, Inflight: 0, pagedInMessages.size 0, enqueueCount: 0, dequeueCount: 0 | org.apache.activemq.broker.region.Queue | ActiveMQ Broker[localhost] Scheduler
2025-10-29 03:04:09,493 | DEBUG | queue://Consumer.A.VirtualTopic.Analysis expiring messages done. | org.apache.activemq.broker.region.Queue | ActiveMQ Broker[localhost] Scheduler
2025-10-29 03:04:09,548 | DEBUG | queue://queue.analysis expiring messages .. | org.apache.activemq.broker.region.Queue | ActiveMQ Broker[localhost] Scheduler
2025-10-29 03:04:09,549 | DEBUG | queue.analysis toPageIn: 0, Inflight: 0, pagedInMessages.size 0, enqueueCount: 0, dequeueCount: 0 | org.apache.activemq.broker.region.Queue | ActiveMQ Broker[localhost] Scheduler
2025-10-29 03:04:09,549 | DEBUG | queue://queue.analysis expiring messages done. | org.apache.activemq.broker.region.Queue | ActiveMQ Broker[localhost] Scheduler
2025-10-29 03:04:09,930 | DEBUG | WriteChecker 10000 ms elapsed since last write check. | org.apache.activemq.transport.AbstractInactivityMonitor | ActiveMQ InactivityMonitor WriteCheckTimer
2025-10-29 03:04:09,930 | DEBUG | Running WriteCheck[tcp://172.18.0.1:40982] | org.apache.activemq.transport.AbstractInactivityMonitor | ActiveMQ InactivityMonitor Worker
2025-10-29 03:04:13,605 | DEBUG | Checkpoint started. | org.apache.activemq.store.kahadb.MessageDatabase | ActiveMQ Journal Checkpoint Worker
2025-10-29 03:04:13,626 | DEBUG | Checkpoint done. | org.apache.activemq.store.kahadb.MessageDatabase | ActiveMQ Journal Checkpoint Worker
2025-10-29 03:04:16,105 | DEBUG | WriteChecker 10000 ms elapsed since last write check. | org.apache.activemq.transport.AbstractInactivityMonitor | ActiveMQ InactivityMonitor WriteCheckTimer
2025-10-29 03:04:16,106 | DEBUG | Running WriteCheck[tcp://172.18.0.1:49490] | org.apache.activemq.transport.AbstractInactivityMonitor | ActiveMQ InactivityMonitor Worker
2025-10-29 03:04:16,136 | DEBUG | WriteChecker 10000 ms elapsed since last write check. | org.apache.activemq.transport.AbstractInactivityMonitor | ActiveMQ InactivityMonitor WriteCheckTimer
2025-10-29 03:04:16,137 | DEBUG | Running WriteCheck[tcp://172.18.0.1:49496] | org.apache.activemq.transport.AbstractInactivityMonitor | ActiveMQ InactivityMonitor Worker
2025-10-29 03:04:17,517 | DEBUG | WriteChecker 10001 ms elapsed since last write check. | org.apache.activemq.transport.AbstractInactivityMonitor | ActiveMQ InactivityMonitor WriteCheckTimer
2025-10-29 03:04:17,517 | DEBUG | Running WriteCheck[tcp://172.18.0.3:38050] | org.apache.activemq.transport.AbstractInactivityMonitor | ActiveMQ InactivityMonitor Worker
2025-10-29 03:04:18,628 | DEBUG | Checkpoint started. | org.apache.activemq.store.kahadb.MessageDatabase | ActiveMQ Journal Checkpoint Worker
2025-10-29 03:04:18,642 | DEBUG | Checkpoint done. | org.apache.activemq.store.kahadb.MessageDatabase | ActiveMQ Journal Checkpoint Worker
2025-10-29 03:04:19,931 | DEBUG | WriteChecker 10001 ms elapsed since last write check. | org.apache.activemq.transport.AbstractInactivityMonitor | ActiveMQ InactivityMonitor WriteCheckTimer
2025-10-29 03:04:19,932 | DEBUG | Running WriteCheck[tcp://172.18.0.1:40982] | org.apache.activemq.transport.AbstractInactivityMonitor | ActiveMQ InactivityMonitor Worker
2025-10-29 03:04:20,084 | DEBUG | queue://analysis.queue expiring messages .. | org.apache.activemq.broker.region.Queue | ActiveMQ Broker[localhost] Scheduler
2025-10-29 03:04:20,085 | DEBUG | analysis.queue toPageIn: 0, Inflight: 0, pagedInMessages.size 0, enqueueCount: 2, dequeueCount: 2 | org.apache.activemq.broker.region.Queue | ActiveMQ Broker[localhost] Scheduler
2025-10-29 03:04:20,085 | DEBUG | queue://analysis.queue expiring messages done. | org.apache.activemq.broker.region.Queue | ActiveMQ Broker[localhost] Scheduler
2025-10-29 03:04:23,644 | DEBUG | Checkpoint started. | org.apache.activemq.store.kahadb.MessageDatabase | ActiveMQ Journal Checkpoint Worker
2025-10-29 03:04:23,661 | DEBUG | Checkpoint done. | org.apache.activemq.store.kahadb.MessageDatabase | ActiveMQ Journal Checkpoint Worker
2025-10-29 03:04:25,079 | DEBUG | temp-queue://ID:351d5895b329-37485-1761699249168-2:7:1 expiring messages .. | org.apache.activemq.broker.region.Queue | ActiveMQ Broker[localhost] Scheduler
2025-10-29 03:04:25,080 | DEBUG | ID:351d5895b329-37485-1761699249168-2:7:1 toPageIn: 0, Inflight: 0, pagedInMessages.size 0, enqueueCount: 0, dequeueCount: 0 | org.apache.activemq.broker.region.Queue | ActiveMQ Broker[localhost] Scheduler
2025-10-29 03:04:25,080 | DEBUG | temp-queue://ID:351d5895b329-37485-1761699249168-2:7:1 expiring messages done. | org.apache.activemq.broker.region.Queue | ActiveMQ Broker[localhost] Scheduler
2025-10-29 03:04:26,080 | DEBUG | 30000 ms elapsed since last read check. | org.apache.activemq.transport.AbstractInactivityMonitor | ActiveMQ InactivityMonitor ReadCheckTimer
2025-10-29 03:04:26,105 | DEBUG | WriteChecker 10000 ms elapsed since last write check. | org.apache.activemq.transport.AbstractInactivityMonitor | ActiveMQ InactivityMonitor WriteCheckTimer
2025-10-29 03:04:26,105 | DEBUG | Running WriteCheck[tcp://172.18.0.1:49490] | org.apache.activemq.transport.AbstractInactivityMonitor | ActiveMQ InactivityMonitor Worker
2025-10-29 03:04:26,113 | DEBUG | 30000 ms elapsed since last read check. | org.apache.activemq.transport.AbstractInactivityMonitor | ActiveMQ InactivityMonitor ReadCheckTimer
2025-10-29 03:04:26,136 | DEBUG | WriteChecker 10000 ms elapsed since last write check. | org.apache.activemq.transport.AbstractInactivityMonitor | ActiveMQ InactivityMonitor WriteCheckTimer
2025-10-29 03:04:26,137 | DEBUG | Running WriteCheck[tcp://172.18.0.1:49496] | org.apache.activemq.transport.AbstractInactivityMonitor | ActiveMQ InactivityMonitor Worker
2025-10-29 03:04:27,517 | DEBUG | WriteChecker 10000 ms elapsed since last write check. | org.apache.activemq.transport.AbstractInactivityMonitor | ActiveMQ InactivityMonitor WriteCheckTimer
2025-10-29 03:04:27,518 | DEBUG | Running WriteCheck[tcp://172.18.0.3:38050] | org.apache.activemq.transport.AbstractInactivityMonitor | ActiveMQ InactivityMonitor Worker
2025-10-29 03:04:28,662 | DEBUG | Checkpoint started. | org.apache.activemq.store.kahadb.MessageDatabase | ActiveMQ Journal Checkpoint Worker
2025-10-29 03:04:28,677 | DEBUG | Checkpoint done. | org.apache.activemq.store.kahadb.MessageDatabase | ActiveMQ Journal Checkpoint Worker
2025-10-29 03:04:29,856 | DEBUG | 30000 ms elapsed since last read check. | org.apache.activemq.transport.AbstractInactivityMonitor | ActiveMQ InactivityMonitor ReadCheckTimer
2025-10-29 03:04:29,931 | DEBUG | WriteChecker 10000 ms elapsed since last write check. | org.apache.activemq.transport.AbstractInactivityMonitor | ActiveMQ InactivityMonitor WriteCheckTimer
2025-10-29 03:04:29,932 | DEBUG | Running WriteCheck[tcp://172.18.0.1:40982] | org.apache.activemq.transport.AbstractInactivityMonitor | ActiveMQ InactivityMonitor Worker
2025-10-29 03:04:33,679 | DEBUG | Checkpoint started. | org.apache.activemq.store.kahadb.MessageDatabase | ActiveMQ Journal Checkpoint Worker
2025-10-29 03:04:33,694 | DEBUG | Checkpoint done. | org.apache.activemq.store.kahadb.MessageDatabase | ActiveMQ Journal Checkpoint Worker
2025-10-29 03:04:36,105 | DEBUG | WriteChecker 10000 ms elapsed since last write check. | org.apache.activemq.transport.AbstractInactivityMonitor | ActiveMQ InactivityMonitor WriteCheckTimer
2025-10-29 03:04:36,106 | DEBUG | Running WriteCheck[tcp://172.18.0.1:49490] | org.apache.activemq.transport.AbstractInactivityMonitor | ActiveMQ InactivityMonitor Worker
2025-10-29 03:04:36,136 | DEBUG | WriteChecker 10000 ms elapsed since last write check. | org.apache.activemq.transport.AbstractInactivityMonitor | ActiveMQ InactivityMonitor WriteCheckTimer
2025-10-29 03:04:36,136 | DEBUG | Running WriteCheck[tcp://172.18.0.1:49496] | org.apache.activemq.transport.AbstractInactivityMonitor | ActiveMQ InactivityMonitor Worker
2025-10-29 03:04:37,509 | DEBUG | 30000 ms elapsed since last read check. | org.apache.activemq.transport.AbstractInactivityMonitor | ActiveMQ InactivityMonitor ReadCheckTimer
2025-10-29 03:04:37,518 | DEBUG | WriteChecker 10001 ms elapsed since last write check. | org.apache.activemq.transport.AbstractInactivityMonitor | ActiveMQ InactivityMonitor WriteCheckTimer
2025-10-29 03:04:37,518 | DEBUG | Running WriteCheck[tcp://172.18.0.3:38050] | org.apache.activemq.transport.AbstractInactivityMonitor | ActiveMQ InactivityMonitor Worker
2025-10-29 03:04:38,696 | DEBUG | Checkpoint started. | org.apache.activemq.store.kahadb.MessageDatabase | ActiveMQ Journal Checkpoint Worker
2025-10-29 03:04:38,713 | DEBUG | Checkpoint done. | org.apache.activemq.store.kahadb.MessageDatabase | ActiveMQ Journal Checkpoint Worker
2025-10-29 03:04:39,493 | DEBUG | queue://Consumer.A.VirtualTopic.Analysis expiring messages .. | org.apache.activemq.broker.region.Queue | ActiveMQ Broker[localhost] Scheduler
2025-10-29 03:04:39,493 | DEBUG | Consumer.A.VirtualTopic.Analysis toPageIn: 0, Inflight: 0, pagedInMessages.size 0, enqueueCount: 0, dequeueCount: 0 | org.apache.activemq.broker.region.Queue | ActiveMQ Broker[localhost] Scheduler
2025-10-29 03:04:39,494 | DEBUG | queue://Consumer.A.VirtualTopic.Analysis expiring messages done. | org.apache.activemq.broker.region.Queue | ActiveMQ Broker[localhost] Scheduler
2025-10-29 03:04:39,548 | DEBUG | queue://queue.analysis expiring messages .. | org.apache.activemq.broker.region.Queue | ActiveMQ Broker[localhost] Scheduler
2025-10-29 03:04:39,549 | DEBUG | queue.analysis toPageIn: 0, Inflight: 0, pagedInMessages.size 0, enqueueCount: 0, dequeueCount: 0 | org.apache.activemq.broker.region.Queue | ActiveMQ Broker[localhost] Scheduler
2025-10-29 03:04:39,549 | DEBUG | queue://queue.analysis expiring messages done. | org.apache.activemq.broker.region.Queue | ActiveMQ Broker[localhost] Scheduler
2025-10-29 03:04:39,931 | DEBUG | WriteChecker 10000 ms elapsed since last write check. | org.apache.activemq.transport.AbstractInactivityMonitor | ActiveMQ InactivityMonitor WriteCheckTimer
2025-10-29 03:04:39,932 | DEBUG | Running WriteCheck[tcp://172.18.0.1:40982] | org.apache.activemq.transport.AbstractInactivityMonitor | ActiveMQ InactivityMonitor Worker
2025-10-29 03:04:43,717 | DEBUG | Checkpoint started. | org.apache.activemq.store.kahadb.MessageDatabase | ActiveMQ Journal Checkpoint Worker
2025-10-29 03:04:43,733 | DEBUG | Checkpoint done. | org.apache.activemq.store.kahadb.MessageDatabase | ActiveMQ Journal Checkpoint Worker
2025-10-29 03:04:46,105 | DEBUG | WriteChecker 10000 ms elapsed since last write check. | org.apache.activemq.transport.AbstractInactivityMonitor | ActiveMQ InactivityMonitor WriteCheckTimer
2025-10-29 03:04:46,106 | DEBUG | Running WriteCheck[tcp://172.18.0.1:49490] | org.apache.activemq.transport.AbstractInactivityMonitor | ActiveMQ InactivityMonitor Worker
2025-10-29 03:04:46,136 | DEBUG | WriteChecker 10000 ms elapsed since last write check. | org.apache.activemq.transport.AbstractInactivityMonitor | ActiveMQ InactivityMonitor WriteCheckTimer
2025-10-29 03:04:46,137 | DEBUG | Running WriteCheck[tcp://172.18.0.1:49496] | org.apache.activemq.transport.AbstractInactivityMonitor | ActiveMQ InactivityMonitor Worker
2025-10-29 03:04:47,518 | DEBUG | WriteChecker 10000 ms elapsed since last write check. | org.apache.activemq.transport.AbstractInactivityMonitor | ActiveMQ InactivityMonitor WriteCheckTimer
2025-10-29 03:04:47,519 | DEBUG | Running WriteCheck[tcp://172.18.0.3:38050] | org.apache.activemq.transport.AbstractInactivityMonitor | ActiveMQ InactivityMonitor Worker
2025-10-29 03:04:48,735 | DEBUG | Checkpoint started. | org.apache.activemq.store.kahadb.MessageDatabase | ActiveMQ Journal Checkpoint Worker
2025-10-29 03:04:48,752 | DEBUG | Checkpoint done. | org.apache.activemq.store.kahadb.MessageDatabase | ActiveMQ Journal Checkpoint Worker
2025-10-29 03:04:49,931 | DEBUG | WriteChecker 10000 ms elapsed since last write check. | org.apache.activemq.transport.AbstractInactivityMonitor | ActiveMQ InactivityMonitor WriteCheckTimer
2025-10-29 03:04:49,931 | DEBUG | Running WriteCheck[tcp://172.18.0.1:40982] | org.apache.activemq.transport.AbstractInactivityMonitor | ActiveMQ InactivityMonitor Worker
2025-10-29 03:04:50,085 | DEBUG | queue://analysis.queue expiring messages .. | org.apache.activemq.broker.region.Queue | ActiveMQ Broker[localhost] Scheduler
2025-10-29 03:04:50,085 | DEBUG | analysis.queue toPageIn: 0, Inflight: 0, pagedInMessages.size 0, enqueueCount: 2, dequeueCount: 2 | org.apache.activemq.broker.region.Queue | ActiveMQ Broker[localhost] Scheduler
2025-10-29 03:04:50,086 | DEBUG | queue://analysis.queue expiring messages done. | org.apache.activemq.broker.region.Queue | ActiveMQ Broker[localhost] Scheduler
2025-10-29 03:04:53,755 | DEBUG | Checkpoint started. | org.apache.activemq.store.kahadb.MessageDatabase | ActiveMQ Journal Checkpoint Worker
2025-10-29 03:04:53,770 | DEBUG | Checkpoint done. | org.apache.activemq.store.kahadb.MessageDatabase | ActiveMQ Journal Checkpoint Worker
2025-10-29 03:04:55,079 | DEBUG | temp-queue://ID:351d5895b329-37485-1761699249168-2:7:1 expiring messages .. | org.apache.activemq.broker.region.Queue | ActiveMQ Broker[localhost] Scheduler
2025-10-29 03:04:55,080 | DEBUG | ID:351d5895b329-37485-1761699249168-2:7:1 toPageIn: 0, Inflight: 0, pagedInMessages.size 0, enqueueCount: 0, dequeueCount: 0 | org.apache.activemq.broker.region.Queue | ActiveMQ Broker[localhost] Scheduler
2025-10-29 03:04:55,080 | DEBUG | temp-queue://ID:351d5895b329-37485-1761699249168-2:7:1 expiring messages done. | org.apache.activemq.broker.region.Queue | ActiveMQ Broker[localhost] Scheduler
2025-10-29 03:04:56,080 | DEBUG | 30000 ms elapsed since last read check. | org.apache.activemq.transport.AbstractInactivityMonitor | ActiveMQ InactivityMonitor ReadCheckTimer
2025-10-29 03:04:56,105 | DEBUG | WriteChecker 10000 ms elapsed since last write check. | org.apache.activemq.transport.AbstractInactivityMonitor | ActiveMQ InactivityMonitor WriteCheckTimer
2025-10-29 03:04:56,106 | DEBUG | Running WriteCheck[tcp://172.18.0.1:49490] | org.apache.activemq.transport.AbstractInactivityMonitor | ActiveMQ InactivityMonitor Worker
2025-10-29 03:04:56,113 | DEBUG | 30000 ms elapsed since last read check. | org.apache.activemq.transport.AbstractInactivityMonitor | ActiveMQ InactivityMonitor ReadCheckTimer
2025-10-29 03:04:56,136 | DEBUG | WriteChecker 10000 ms elapsed since last write check. | org.apache.activemq.transport.AbstractInactivityMonitor | ActiveMQ InactivityMonitor WriteCheckTimer
2025-10-29 03:04:56,137 | DEBUG | Running WriteCheck[tcp://172.18.0.1:49496] | org.apache.activemq.transport.AbstractInactivityMonitor | ActiveMQ InactivityMonitor Worker
2025-10-29 03:04:57,518 | DEBUG | WriteChecker 10000 ms elapsed since last write check. | org.apache.activemq.transport.AbstractInactivityMonitor | ActiveMQ InactivityMonitor WriteCheckTimer
2025-10-29 03:04:57,518 | DEBUG | Running WriteCheck[tcp://172.18.0.3:38050] | org.apache.activemq.transport.AbstractInactivityMonitor | ActiveMQ InactivityMonitor Worker
2025-10-29 03:04:58,771 | DEBUG | Checkpoint started. | org.apache.activemq.store.kahadb.MessageDatabase | ActiveMQ Journal Checkpoint Worker
2025-10-29 03:04:58,787 | DEBUG | Checkpoint done. | org.apache.activemq.store.kahadb.MessageDatabase | ActiveMQ Journal Checkpoint Worker
2025-10-29 03:04:59,856 | DEBUG | 30000 ms elapsed since last read check. | org.apache.activemq.transport.AbstractInactivityMonitor | ActiveMQ InactivityMonitor ReadCheckTimer
2025-10-29 03:04:59,931 | DEBUG | WriteChecker 10000 ms elapsed since last write check. | org.apache.activemq.transport.AbstractInactivityMonitor | ActiveMQ InactivityMonitor WriteCheckTimer
2025-10-29 03:04:59,932 | DEBUG | Running WriteCheck[tcp://172.18.0.1:40982] | org.apache.activemq.transport.AbstractInactivityMonitor | ActiveMQ InactivityMonitor Worker
2025-10-29 03:05:03,789 | DEBUG | Checkpoint started. | org.apache.activemq.store.kahadb.MessageDatabase | ActiveMQ Journal Checkpoint Worker
2025-10-29 03:05:03,803 | DEBUG | Checkpoint done. | org.apache.activemq.store.kahadb.MessageDatabase | ActiveMQ Journal Checkpoint Worker
2025-10-29 03:05:06,105 | DEBUG | WriteChecker 10000 ms elapsed since last write check. | org.apache.activemq.transport.AbstractInactivityMonitor | ActiveMQ InactivityMonitor WriteCheckTimer
2025-10-29 03:05:06,106 | DEBUG | Running WriteCheck[tcp://172.18.0.1:49490] | org.apache.activemq.transport.AbstractInactivityMonitor | ActiveMQ InactivityMonitor Worker
2025-10-29 03:05:06,136 | DEBUG | WriteChecker 10000 ms elapsed since last write check. | org.apache.activemq.transport.AbstractInactivityMonitor | ActiveMQ InactivityMonitor WriteCheckTimer
2025-10-29 03:05:06,136 | DEBUG | Running WriteCheck[tcp://172.18.0.1:49496] | org.apache.activemq.transport.AbstractInactivityMonitor | ActiveMQ InactivityMonitor Worker
2025-10-29 03:05:07,509 | DEBUG | 30000 ms elapsed since last read check. | org.apache.activemq.transport.AbstractInactivityMonitor | ActiveMQ InactivityMonitor ReadCheckTimer
2025-10-29 03:05:07,518 | DEBUG | WriteChecker 10000 ms elapsed since last write check. | org.apache.activemq.transport.AbstractInactivityMonitor | ActiveMQ InactivityMonitor WriteCheckTimer
2025-10-29 03:05:07,519 | DEBUG | Running WriteCheck[tcp://172.18.0.3:38050] | org.apache.activemq.transport.AbstractInactivityMonitor | ActiveMQ InactivityMonitor Worker
2025-10-29 03:05:08,806 | DEBUG | Checkpoint started. | org.apache.activemq.store.kahadb.MessageDatabase | ActiveMQ Journal Checkpoint Worker
2025-10-29 03:05:08,822 | DEBUG | Checkpoint done. | org.apache.activemq.store.kahadb.MessageDatabase | ActiveMQ Journal Checkpoint Worker
2025-10-29 03:05:09,494 | DEBUG | queue://Consumer.A.VirtualTopic.Analysis expiring messages .. | org.apache.activemq.broker.region.Queue | ActiveMQ Broker[localhost] Scheduler
2025-10-29 03:05:09,494 | DEBUG | Consumer.A.VirtualTopic.Analysis toPageIn: 0, Inflight: 0, pagedInMessages.size 0, enqueueCount: 0, dequeueCount: 0 | org.apache.activemq.broker.region.Queue | ActiveMQ Broker[localhost] Scheduler
2025-10-29 03:05:09,494 | DEBUG | queue://Consumer.A.VirtualTopic.Analysis expiring messages done. | org.apache.activemq.broker.region.Queue | ActiveMQ Broker[localhost] Scheduler
2025-10-29 03:05:09,549 | DEBUG | queue://queue.analysis expiring messages .. | org.apache.activemq.broker.region.Queue | ActiveMQ Broker[localhost] Scheduler
2025-10-29 03:05:09,549 | DEBUG | queue.analysis toPageIn: 0, Inflight: 0, pagedInMessages.size 0, enqueueCount: 0, dequeueCount: 0 | org.apache.activemq.broker.region.Queue | ActiveMQ Broker[localhost] Scheduler
2025-10-29 03:05:09,550 | DEBUG | queue://queue.analysis expiring messages done. | org.apache.activemq.broker.region.Queue | ActiveMQ Broker[localhost] Scheduler
2025-10-29 03:05:09,931 | DEBUG | WriteChecker 10000 ms elapsed since last write check. | org.apache.activemq.transport.AbstractInactivityMonitor | ActiveMQ InactivityMonitor WriteCheckTimer
2025-10-29 03:05:09,932 | DEBUG | Running WriteCheck[tcp://172.18.0.1:40982] | org.apache.activemq.transport.AbstractInactivityMonitor | ActiveMQ InactivityMonitor Worker
2025-10-29 03:05:13,824 | DEBUG | Checkpoint started. | org.apache.activemq.store.kahadb.MessageDatabase | ActiveMQ Journal Checkpoint Worker
2025-10-29 03:05:13,840 | DEBUG | Checkpoint done. | org.apache.activemq.store.kahadb.MessageDatabase | ActiveMQ Journal Checkpoint Worker
2025-10-29 03:05:16,106 | DEBUG | WriteChecker 10001 ms elapsed since last write check. | org.apache.activemq.transport.AbstractInactivityMonitor | ActiveMQ InactivityMonitor WriteCheckTimer
2025-10-29 03:05:16,107 | DEBUG | Running WriteCheck[tcp://172.18.0.1:49490] | org.apache.activemq.transport.AbstractInactivityMonitor | ActiveMQ InactivityMonitor Worker
2025-10-29 03:05:16,136 | DEBUG | WriteChecker 10000 ms elapsed since last write check. | org.apache.activemq.transport.AbstractInactivityMonitor | ActiveMQ InactivityMonitor WriteCheckTimer
2025-10-29 03:05:16,137 | DEBUG | Running WriteCheck[tcp://172.18.0.1:49496] | org.apache.activemq.transport.AbstractInactivityMonitor | ActiveMQ InactivityMonitor Worker
2025-10-29 03:05:17,518 | DEBUG | WriteChecker 10000 ms elapsed since last write check. | org.apache.activemq.transport.AbstractInactivityMonitor | ActiveMQ InactivityMonitor WriteCheckTimer
2025-10-29 03:05:17,519 | DEBUG | Running WriteCheck[tcp://172.18.0.3:38050] | org.apache.activemq.transport.AbstractInactivityMonitor | ActiveMQ InactivityMonitor Worker
2025-10-29 03:05:18,843 | DEBUG | Checkpoint started. | org.apache.activemq.store.kahadb.MessageDatabase | ActiveMQ Journal Checkpoint Worker
2025-10-29 03:05:18,858 | DEBUG | Checkpoint done. | org.apache.activemq.store.kahadb.MessageDatabase | ActiveMQ Journal Checkpoint Worker
2025-10-29 03:05:19,931 | DEBUG | WriteChecker 10000 ms elapsed since last write check. | org.apache.activemq.transport.AbstractInactivityMonitor | ActiveMQ InactivityMonitor WriteCheckTimer
2025-10-29 03:05:19,931 | DEBUG | Running WriteCheck[tcp://172.18.0.1:40982] | org.apache.activemq.transport.AbstractInactivityMonitor | ActiveMQ InactivityMonitor Worker
2025-10-29 03:05:20,086 | DEBUG | queue://analysis.queue expiring messages .. | org.apache.activemq.broker.region.Queue | ActiveMQ Broker[localhost] Scheduler
2025-10-29 03:05:20,087 | DEBUG | analysis.queue toPageIn: 0, Inflight: 0, pagedInMessages.size 0, enqueueCount: 2, dequeueCount: 2 | org.apache.activemq.broker.region.Queue | ActiveMQ Broker[localhost] Scheduler
2025-10-29 03:05:20,087 | DEBUG | queue://analysis.queue expiring messages done. | org.apache.activemq.broker.region.Queue | ActiveMQ Broker[localhost] Scheduler
2025-10-29 03:05:23,861 | DEBUG | Checkpoint started. | org.apache.activemq.store.kahadb.MessageDatabase | ActiveMQ Journal Checkpoint Worker
2025-10-29 03:05:23,946 | DEBUG | Checkpoint done. | org.apache.activemq.store.kahadb.MessageDatabase | ActiveMQ Journal Checkpoint Worker
2025-10-29 03:05:25,079 | DEBUG | temp-queue://ID:351d5895b329-37485-1761699249168-2:7:1 expiring messages .. | org.apache.activemq.broker.region.Queue | ActiveMQ Broker[localhost] Scheduler
2025-10-29 03:05:25,080 | DEBUG | ID:351d5895b329-37485-1761699249168-2:7:1 toPageIn: 0, Inflight: 0, pagedInMessages.size 0, enqueueCount: 0, dequeueCount: 0 | org.apache.activemq.broker.region.Queue | ActiveMQ Broker[localhost] Scheduler
2025-10-29 03:05:25,080 | DEBUG | temp-queue://ID:351d5895b329-37485-1761699249168-2:7:1 expiring messages done. | org.apache.activemq.broker.region.Queue | ActiveMQ Broker[localhost] Scheduler
2025-10-29 03:05:26,080 | DEBUG | 30000 ms elapsed since last read check. | org.apache.activemq.transport.AbstractInactivityMonitor | ActiveMQ InactivityMonitor ReadCheckTimer
2025-10-29 03:05:26,106 | DEBUG | WriteChecker 10000 ms elapsed since last write check. | org.apache.activemq.transport.AbstractInactivityMonitor | ActiveMQ InactivityMonitor WriteCheckTimer
2025-10-29 03:05:26,107 | DEBUG | Running WriteCheck[tcp://172.18.0.1:49490] | org.apache.activemq.transport.AbstractInactivityMonitor | ActiveMQ InactivityMonitor Worker
2025-10-29 03:05:26,113 | DEBUG | 30000 ms elapsed since last read check. | org.apache.activemq.transport.AbstractInactivityMonitor | ActiveMQ InactivityMonitor ReadCheckTimer
2025-10-29 03:05:26,136 | DEBUG | WriteChecker 10000 ms elapsed since last write check. | org.apache.activemq.transport.AbstractInactivityMonitor | ActiveMQ InactivityMonitor WriteCheckTimer
2025-10-29 03:05:26,136 | DEBUG | Running WriteCheck[tcp://172.18.0.1:49496] | org.apache.activemq.transport.AbstractInactivityMonitor | ActiveMQ InactivityMonitor Worker
2025-10-29 03:05:27,519 | DEBUG | WriteChecker 10001 ms elapsed since last write check. | org.apache.activemq.transport.AbstractInactivityMonitor | ActiveMQ InactivityMonitor WriteCheckTimer
2025-10-29 03:05:27,519 | DEBUG | Running WriteCheck[tcp://172.18.0.3:38050] | org.apache.activemq.transport.AbstractInactivityMonitor | ActiveMQ InactivityMonitor Worker
2025-10-29 03:05:28,949 | DEBUG | Checkpoint started. | org.apache.activemq.store.kahadb.MessageDatabase | ActiveMQ Journal Checkpoint Worker
2025-10-29 03:05:28,965 | DEBUG | Checkpoint done. | org.apache.activemq.store.kahadb.MessageDatabase | ActiveMQ Journal Checkpoint Worker
2025-10-29 03:05:29,856 | DEBUG | 30000 ms elapsed since last read check. | org.apache.activemq.transport.AbstractInactivityMonitor | ActiveMQ InactivityMonitor ReadCheckTimer
2025-10-29 03:05:29,931 | DEBUG | WriteChecker 10000 ms elapsed since last write check. | org.apache.activemq.transport.AbstractInactivityMonitor | ActiveMQ InactivityMonitor WriteCheckTimer
2025-10-29 03:05:29,932 | DEBUG | Running WriteCheck[tcp://172.18.0.1:40982] | org.apache.activemq.transport.AbstractInactivityMonitor | ActiveMQ InactivityMonitor Worker
2025-10-29 03:05:33,968 | DEBUG | Checkpoint started. | org.apache.activemq.store.kahadb.MessageDatabase | ActiveMQ Journal Checkpoint Worker
2025-10-29 03:05:33,984 | DEBUG | Checkpoint done. | org.apache.activemq.store.kahadb.MessageDatabase | ActiveMQ Journal Checkpoint Worker
2025-10-29 03:05:36,106 | DEBUG | WriteChecker 10000 ms elapsed since last write check. | org.apache.activemq.transport.AbstractInactivityMonitor | ActiveMQ InactivityMonitor WriteCheckTimer
2025-10-29 03:05:36,107 | DEBUG | Running WriteCheck[tcp://172.18.0.1:49490] | org.apache.activemq.transport.AbstractInactivityMonitor | ActiveMQ InactivityMonitor Worker
2025-10-29 03:05:36,136 | DEBUG | WriteChecker 10000 ms elapsed since last write check. | org.apache.activemq.transport.AbstractInactivityMonitor | ActiveMQ InactivityMonitor WriteCheckTimer
2025-10-29 03:05:36,136 | DEBUG | Running WriteCheck[tcp://172.18.0.1:49496] | org.apache.activemq.transport.AbstractInactivityMonitor | ActiveMQ InactivityMonitor Worker
2025-10-29 03:05:37,509 | DEBUG | 30000 ms elapsed since last read check. | org.apache.activemq.transport.AbstractInactivityMonitor | ActiveMQ InactivityMonitor ReadCheckTimer
2025-10-29 03:05:37,519 | DEBUG | WriteChecker 10000 ms elapsed since last write check. | org.apache.activemq.transport.AbstractInactivityMonitor | ActiveMQ InactivityMonitor WriteCheckTimer
2025-10-29 03:05:37,520 | DEBUG | Running WriteCheck[tcp://172.18.0.3:38050] | org.apache.activemq.transport.AbstractInactivityMonitor | ActiveMQ InactivityMonitor Worker
2025-10-29 03:05:38,987 | DEBUG | Checkpoint started. | org.apache.activemq.store.kahadb.MessageDatabase | ActiveMQ Journal Checkpoint Worker
2025-10-29 03:05:39,000 | DEBUG | Checkpoint done. | org.apache.activemq.store.kahadb.MessageDatabase | ActiveMQ Journal Checkpoint Worker
2025-10-29 03:05:39,495 | DEBUG | queue://Consumer.A.VirtualTopic.Analysis expiring messages .. | org.apache.activemq.broker.region.Queue | ActiveMQ Broker[localhost] Scheduler
2025-10-29 03:05:39,495 | DEBUG | Consumer.A.VirtualTopic.Analysis toPageIn: 0, Inflight: 0, pagedInMessages.size 0, enqueueCount: 0, dequeueCount: 0 | org.apache.activemq.broker.region.Queue | ActiveMQ Broker[localhost] Scheduler
2025-10-29 03:05:39,495 | DEBUG | queue://Consumer.A.VirtualTopic.Analysis expiring messages done. | org.apache.activemq.broker.region.Queue | ActiveMQ Broker[localhost] Scheduler
2025-10-29 03:05:39,549 | DEBUG | queue://queue.analysis expiring messages .. | org.apache.activemq.broker.region.Queue | ActiveMQ Broker[localhost] Scheduler
2025-10-29 03:05:39,549 | DEBUG | queue.analysis toPageIn: 0, Inflight: 0, pagedInMessages.size 0, enqueueCount: 0, dequeueCount: 0 | org.apache.activemq.broker.region.Queue | ActiveMQ Broker[localhost] Scheduler
2025-10-29 03:05:39,549 | DEBUG | queue://queue.analysis expiring messages done. | org.apache.activemq.broker.region.Queue | ActiveMQ Broker[localhost] Scheduler
2025-10-29 03:05:39,931 | DEBUG | WriteChecker 10000 ms elapsed since last write check. | org.apache.activemq.transport.AbstractInactivityMonitor | ActiveMQ InactivityMonitor WriteCheckTimer
2025-10-29 03:05:39,931 | DEBUG | Running WriteCheck[tcp://172.18.0.1:40982] | org.apache.activemq.transport.AbstractInactivityMonitor | ActiveMQ InactivityMonitor Worker
2025-10-29 03:05:44,003 | DEBUG | Checkpoint started. | org.apache.activemq.store.kahadb.MessageDatabase | ActiveMQ Journal Checkpoint Worker
2025-10-29 03:05:44,018 | DEBUG | Checkpoint done. | org.apache.activemq.store.kahadb.MessageDatabase | ActiveMQ Journal Checkpoint Worker
2025-10-29 03:05:46,107 | DEBUG | WriteChecker 10001 ms elapsed since last write check. | org.apache.activemq.transport.AbstractInactivityMonitor | ActiveMQ InactivityMonitor WriteCheckTimer
2025-10-29 03:05:46,107 | DEBUG | Running WriteCheck[tcp://172.18.0.1:49490] | org.apache.activemq.transport.AbstractInactivityMonitor | ActiveMQ InactivityMonitor Worker
2025-10-29 03:05:46,137 | DEBUG | WriteChecker 10001 ms elapsed since last write check. | org.apache.activemq.transport.AbstractInactivityMonitor | ActiveMQ InactivityMonitor WriteCheckTimer
2025-10-29 03:05:46,138 | DEBUG | Running WriteCheck[tcp://172.18.0.1:49496] | org.apache.activemq.transport.AbstractInactivityMonitor | ActiveMQ InactivityMonitor Worker
2025-10-29 03:05:47,520 | DEBUG | WriteChecker 10001 ms elapsed since last write check. | org.apache.activemq.transport.AbstractInactivityMonitor | ActiveMQ InactivityMonitor WriteCheckTimer
2025-10-29 03:05:47,520 | DEBUG | Running WriteCheck[tcp://172.18.0.3:38050] | org.apache.activemq.transport.AbstractInactivityMonitor | ActiveMQ InactivityMonitor Worker
2025-10-29 03:05:49,020 | DEBUG | Checkpoint started. | org.apache.activemq.store.kahadb.MessageDatabase | ActiveMQ Journal Checkpoint Worker
2025-10-29 03:05:49,035 | DEBUG | Checkpoint done. | org.apache.activemq.store.kahadb.MessageDatabase | ActiveMQ Journal Checkpoint Worker
2025-10-29 03:05:49,932 | DEBUG | WriteChecker 10001 ms elapsed since last write check. | org.apache.activemq.transport.AbstractInactivityMonitor | ActiveMQ InactivityMonitor WriteCheckTimer
2025-10-29 03:05:49,933 | DEBUG | Running WriteCheck[tcp://172.18.0.1:40982] | org.apache.activemq.transport.AbstractInactivityMonitor | ActiveMQ InactivityMonitor Worker
2025-10-29 03:05:50,086 | DEBUG | queue://analysis.queue expiring messages .. | org.apache.activemq.broker.region.Queue | ActiveMQ Broker[localhost] Scheduler
2025-10-29 03:05:50,087 | DEBUG | analysis.queue toPageIn: 0, Inflight: 0, pagedInMessages.size 0, enqueueCount: 2, dequeueCount: 2 | org.apache.activemq.broker.region.Queue | ActiveMQ Broker[localhost] Scheduler
2025-10-29 03:05:50,087 | DEBUG | queue://analysis.queue expiring messages done. | org.apache.activemq.broker.region.Queue | ActiveMQ Broker[localhost] Scheduler
2025-10-29 03:05:54,036 | DEBUG | Checkpoint started. | org.apache.activemq.store.kahadb.MessageDatabase | ActiveMQ Journal Checkpoint Worker
2025-10-29 03:05:54,051 | DEBUG | Checkpoint done. | org.apache.activemq.store.kahadb.MessageDatabase | ActiveMQ Journal Checkpoint Worker
2025-10-29 03:05:55,079 | DEBUG | temp-queue://ID:351d5895b329-37485-1761699249168-2:7:1 expiring messages .. | org.apache.activemq.broker.region.Queue | ActiveMQ Broker[localhost] Scheduler
2025-10-29 03:05:55,080 | DEBUG | ID:351d5895b329-37485-1761699249168-2:7:1 toPageIn: 0, Inflight: 0, pagedInMessages.size 0, enqueueCount: 0, dequeueCount: 0 | org.apache.activemq.broker.region.Queue | ActiveMQ Broker[localhost] Scheduler
2025-10-29 03:05:55,080 | DEBUG | temp-queue://ID:351d5895b329-37485-1761699249168-2:7:1 expiring messages done. | org.apache.activemq.broker.region.Queue | ActiveMQ Broker[localhost] Scheduler
2025-10-29 03:05:56,080 | DEBUG | 30000 ms elapsed since last read check. | org.apache.activemq.transport.AbstractInactivityMonitor | ActiveMQ InactivityMonitor ReadCheckTimer
2025-10-29 03:05:56,107 | DEBUG | WriteChecker 10000 ms elapsed since last write check. | org.apache.activemq.transport.AbstractInactivityMonitor | ActiveMQ InactivityMonitor WriteCheckTimer
2025-10-29 03:05:56,108 | DEBUG | Running WriteCheck[tcp://172.18.0.1:49490] | org.apache.activemq.transport.AbstractInactivityMonitor | ActiveMQ InactivityMonitor Worker
2025-10-29 03:05:56,113 | DEBUG | 30000 ms elapsed since last read check. | org.apache.activemq.transport.AbstractInactivityMonitor | ActiveMQ InactivityMonitor ReadCheckTimer
2025-10-29 03:05:56,137 | DEBUG | WriteChecker 10000 ms elapsed since last write check. | org.apache.activemq.transport.AbstractInactivityMonitor | ActiveMQ InactivityMonitor WriteCheckTimer
2025-10-29 03:05:56,138 | DEBUG | Running WriteCheck[tcp://172.18.0.1:49496] | org.apache.activemq.transport.AbstractInactivityMonitor | ActiveMQ InactivityMonitor Worker
2025-10-29 03:05:57,520 | DEBUG | WriteChecker 10000 ms elapsed since last write check. | org.apache.activemq.transport.AbstractInactivityMonitor | ActiveMQ InactivityMonitor WriteCheckTimer
2025-10-29 03:05:57,520 | DEBUG | Running WriteCheck[tcp://172.18.0.3:38050] | org.apache.activemq.transport.AbstractInactivityMonitor | ActiveMQ InactivityMonitor Worker
2025-10-29 03:05:59,053 | DEBUG | Checkpoint started. | org.apache.activemq.store.kahadb.MessageDatabase | ActiveMQ Journal Checkpoint Worker
2025-10-29 03:05:59,070 | DEBUG | Checkpoint done. | org.apache.activemq.store.kahadb.MessageDatabase | ActiveMQ Journal Checkpoint Worker
2025-10-29 03:05:59,857 | DEBUG | 30001 ms elapsed since last read check. | org.apache.activemq.transport.AbstractInactivityMonitor | ActiveMQ InactivityMonitor ReadCheckTimer
2025-10-29 03:05:59,933 | DEBUG | WriteChecker 10001 ms elapsed since last write check. | org.apache.activemq.transport.AbstractInactivityMonitor | ActiveMQ InactivityMonitor WriteCheckTimer
2025-10-29 03:05:59,934 | DEBUG | Running WriteCheck[tcp://172.18.0.1:40982] | org.apache.activemq.transport.AbstractInactivityMonitor | ActiveMQ InactivityMonitor Worker
2025-10-29 03:06:04,073 | DEBUG | Checkpoint started. | org.apache.activemq.store.kahadb.MessageDatabase | ActiveMQ Journal Checkpoint Worker
2025-10-29 03:06:04,085 | DEBUG | Checkpoint done. | org.apache.activemq.store.kahadb.MessageDatabase | ActiveMQ Journal Checkpoint Worker
2025-10-29 03:06:06,107 | DEBUG | WriteChecker 10000 ms elapsed since last write check. | org.apache.activemq.transport.AbstractInactivityMonitor | ActiveMQ InactivityMonitor WriteCheckTimer
2025-10-29 03:06:06,107 | DEBUG | Running WriteCheck[tcp://172.18.0.1:49490] | org.apache.activemq.transport.AbstractInactivityMonitor | ActiveMQ InactivityMonitor Worker
2025-10-29 03:06:06,138 | DEBUG | WriteChecker 10001 ms elapsed since last write check. | org.apache.activemq.transport.AbstractInactivityMonitor | ActiveMQ InactivityMonitor WriteCheckTimer
2025-10-29 03:06:06,138 | DEBUG | Running WriteCheck[tcp://172.18.0.1:49496] | org.apache.activemq.transport.AbstractInactivityMonitor | ActiveMQ InactivityMonitor Worker
2025-10-29 03:06:07,509 | DEBUG | 30000 ms elapsed since last read check. | org.apache.activemq.transport.AbstractInactivityMonitor | ActiveMQ InactivityMonitor ReadCheckTimer
2025-10-29 03:06:07,520 | DEBUG | WriteChecker 10000 ms elapsed since last write check. | org.apache.activemq.transport.AbstractInactivityMonitor | ActiveMQ InactivityMonitor WriteCheckTimer
2025-10-29 03:06:07,521 | DEBUG | Running WriteCheck[tcp://172.18.0.3:38050] | org.apache.activemq.transport.AbstractInactivityMonitor | ActiveMQ InactivityMonitor Worker
2025-10-29 03:06:09,087 | DEBUG | Checkpoint started. | org.apache.activemq.store.kahadb.MessageDatabase | ActiveMQ Journal Checkpoint Worker
2025-10-29 03:06:09,102 | DEBUG | Checkpoint done. | org.apache.activemq.store.kahadb.MessageDatabase | ActiveMQ Journal Checkpoint Worker
2025-10-29 03:06:09,495 | DEBUG | queue://Consumer.A.VirtualTopic.Analysis expiring messages .. | org.apache.activemq.broker.region.Queue | ActiveMQ Broker[localhost] Scheduler
2025-10-29 03:06:09,495 | DEBUG | Consumer.A.VirtualTopic.Analysis toPageIn: 0, Inflight: 0, pagedInMessages.size 0, enqueueCount: 0, dequeueCount: 0 | org.apache.activemq.broker.region.Queue | ActiveMQ Broker[localhost] Scheduler
2025-10-29 03:06:09,495 | DEBUG | queue://Consumer.A.VirtualTopic.Analysis expiring messages done. | org.apache.activemq.broker.region.Queue | ActiveMQ Broker[localhost] Scheduler
2025-10-29 03:06:09,549 | DEBUG | queue://queue.analysis expiring messages .. | org.apache.activemq.broker.region.Queue | ActiveMQ Broker[localhost] Scheduler
2025-10-29 03:06:09,549 | DEBUG | queue.analysis toPageIn: 0, Inflight: 0, pagedInMessages.size 0, enqueueCount: 0, dequeueCount: 0 | org.apache.activemq.broker.region.Queue | ActiveMQ Broker[localhost] Scheduler
2025-10-29 03:06:09,549 | DEBUG | queue://queue.analysis expiring messages done. | org.apache.activemq.broker.region.Queue | ActiveMQ Broker[localhost] Scheduler
2025-10-29 03:06:09,933 | DEBUG | WriteChecker 10000 ms elapsed since last write check. | org.apache.activemq.transport.AbstractInactivityMonitor | ActiveMQ InactivityMonitor WriteCheckTimer
2025-10-29 03:06:09,934 | DEBUG | Running WriteCheck[tcp://172.18.0.1:40982] | org.apache.activemq.transport.AbstractInactivityMonitor | ActiveMQ InactivityMonitor Worker
2025-10-29 03:06:14,104 | DEBUG | Checkpoint started. | org.apache.activemq.store.kahadb.MessageDatabase | ActiveMQ Journal Checkpoint Worker
2025-10-29 03:06:14,119 | DEBUG | Checkpoint done. | org.apache.activemq.store.kahadb.MessageDatabase | ActiveMQ Journal Checkpoint Worker
2025-10-29 03:06:16,107 | DEBUG | WriteChecker 10000 ms elapsed since last write check. | org.apache.activemq.transport.AbstractInactivityMonitor | ActiveMQ InactivityMonitor WriteCheckTimer
2025-10-29 03:06:16,107 | DEBUG | Running WriteCheck[tcp://172.18.0.1:49490] | org.apache.activemq.transport.AbstractInactivityMonitor | ActiveMQ InactivityMonitor Worker
2025-10-29 03:06:16,139 | DEBUG | WriteChecker 10001 ms elapsed since last write check. | org.apache.activemq.transport.AbstractInactivityMonitor | ActiveMQ InactivityMonitor WriteCheckTimer
2025-10-29 03:06:16,139 | DEBUG | Running WriteCheck[tcp://172.18.0.1:49496] | org.apache.activemq.transport.AbstractInactivityMonitor | ActiveMQ InactivityMonitor Worker
2025-10-29 03:06:17,520 | DEBUG | WriteChecker 10000 ms elapsed since last write check. | org.apache.activemq.transport.AbstractInactivityMonitor | ActiveMQ InactivityMonitor WriteCheckTimer
2025-10-29 03:06:17,520 | DEBUG | Running WriteCheck[tcp://172.18.0.3:38050] | org.apache.activemq.transport.AbstractInactivityMonitor | ActiveMQ InactivityMonitor Worker
2025-10-29 03:06:19,122 | DEBUG | Checkpoint started. | org.apache.activemq.store.kahadb.MessageDatabase | ActiveMQ Journal Checkpoint Worker
2025-10-29 03:06:19,141 | DEBUG | Checkpoint done. | org.apache.activemq.store.kahadb.MessageDatabase | ActiveMQ Journal Checkpoint Worker
2025-10-29 03:06:19,934 | DEBUG | WriteChecker 10001 ms elapsed since last write check. | org.apache.activemq.transport.AbstractInactivityMonitor | ActiveMQ InactivityMonitor WriteCheckTimer
2025-10-29 03:06:19,934 | DEBUG | Running WriteCheck[tcp://172.18.0.1:40982] | org.apache.activemq.transport.AbstractInactivityMonitor | ActiveMQ InactivityMonitor Worker
2025-10-29 03:06:20,086 | DEBUG | queue://analysis.queue expiring messages .. | org.apache.activemq.broker.region.Queue | ActiveMQ Broker[localhost] Scheduler
2025-10-29 03:06:20,086 | DEBUG | analysis.queue toPageIn: 0, Inflight: 0, pagedInMessages.size 0, enqueueCount: 2, dequeueCount: 2 | org.apache.activemq.broker.region.Queue | ActiveMQ Broker[localhost] Scheduler
2025-10-29 03:06:20,087 | DEBUG | queue://analysis.queue expiring messages done. | org.apache.activemq.broker.region.Queue | ActiveMQ Broker[localhost] Scheduler
2025-10-29 03:06:24,140 | DEBUG | Checkpoint started. | org.apache.activemq.store.kahadb.MessageDatabase | ActiveMQ Journal Checkpoint Worker
2025-10-29 03:06:24,157 | DEBUG | Checkpoint done. | org.apache.activemq.store.kahadb.MessageDatabase | ActiveMQ Journal Checkpoint Worker
2025-10-29 03:06:25,079 | DEBUG | temp-queue://ID:351d5895b329-37485-1761699249168-2:7:1 expiring messages .. | org.apache.activemq.broker.region.Queue | ActiveMQ Broker[localhost] Scheduler
2025-10-29 03:06:25,079 | DEBUG | ID:351d5895b329-37485-1761699249168-2:7:1 toPageIn: 0, Inflight: 0, pagedInMessages.size 0, enqueueCount: 0, dequeueCount: 0 | org.apache.activemq.broker.region.Queue | ActiveMQ Broker[localhost] Scheduler
2025-10-29 03:06:25,079 | DEBUG | temp-queue://ID:351d5895b329-37485-1761699249168-2:7:1 expiring messages done. | org.apache.activemq.broker.region.Queue | ActiveMQ Broker[localhost] Scheduler
2025-10-29 03:06:26,080 | DEBUG | 30000 ms elapsed since last read check. | org.apache.activemq.transport.AbstractInactivityMonitor | ActiveMQ InactivityMonitor ReadCheckTimer
2025-10-29 03:06:26,107 | DEBUG | WriteChecker 10000 ms elapsed since last write check. | org.apache.activemq.transport.AbstractInactivityMonitor | ActiveMQ InactivityMonitor WriteCheckTimer
2025-10-29 03:06:26,108 | DEBUG | Running WriteCheck[tcp://172.18.0.1:49490] | org.apache.activemq.transport.AbstractInactivityMonitor | ActiveMQ InactivityMonitor Worker
2025-10-29 03:06:26,113 | DEBUG | 30000 ms elapsed since last read check. | org.apache.activemq.transport.AbstractInactivityMonitor | ActiveMQ InactivityMonitor ReadCheckTimer
2025-10-29 03:06:26,139 | DEBUG | WriteChecker 10000 ms elapsed since last write check. | org.apache.activemq.transport.AbstractInactivityMonitor | ActiveMQ InactivityMonitor WriteCheckTimer
2025-10-29 03:06:26,139 | DEBUG | Running WriteCheck[tcp://172.18.0.1:49496] | org.apache.activemq.transport.AbstractInactivityMonitor | ActiveMQ InactivityMonitor Worker
2025-10-29 03:06:27,520 | DEBUG | WriteChecker 10000 ms elapsed since last write check. | org.apache.activemq.transport.AbstractInactivityMonitor | ActiveMQ InactivityMonitor WriteCheckTimer
2025-10-29 03:06:27,521 | DEBUG | Running WriteCheck[tcp://172.18.0.3:38050] | org.apache.activemq.transport.AbstractInactivityMonitor | ActiveMQ InactivityMonitor Worker
2025-10-29 03:06:29,159 | DEBUG | Checkpoint started. | org.apache.activemq.store.kahadb.MessageDatabase | ActiveMQ Journal Checkpoint Worker
2025-10-29 03:06:29,197 | DEBUG | Checkpoint done. | org.apache.activemq.store.kahadb.MessageDatabase | ActiveMQ Journal Checkpoint Worker
2025-10-29 03:06:29,858 | DEBUG | 30001 ms elapsed since last read check. | org.apache.activemq.transport.AbstractInactivityMonitor | ActiveMQ InactivityMonitor ReadCheckTimer
2025-10-29 03:06:29,934 | DEBUG | WriteChecker 10000 ms elapsed since last write check. | org.apache.activemq.transport.AbstractInactivityMonitor | ActiveMQ InactivityMonitor WriteCheckTimer
2025-10-29 03:06:29,934 | DEBUG | Running WriteCheck[tcp://172.18.0.1:40982] | org.apache.activemq.transport.AbstractInactivityMonitor | ActiveMQ InactivityMonitor Worker
2025-10-29 03:06:31,163 | DEBUG | Unregistering MBean org.apache.activemq:type=Broker,brokerName=localhost,destinationType=Topic,destinationName=ActiveMQ.Advisory.TempQueue_ActiveMQ.Advisory.TempTopic,endpoint=Consumer,clientId=ID_e0301c8c9470-40495-1761706587348-0_1,consumerId=ID_e0301c8c9470-40495-1761706587348-1_1_-1_1 | org.apache.activemq.broker.jmx.ManagementContext | ActiveMQ Transport: tcp:///172.18.0.3:38050@61616
2025-10-29 03:06:31,164 | DEBUG | localhost removing consumer: ID:e0301c8c9470-40495-1761706587348-1:1:-1:1 for destination: ActiveMQ.Advisory.TempQueue,ActiveMQ.Advisory.TempTopic | org.apache.activemq.broker.region.AbstractRegion | ActiveMQ Transport: tcp:///172.18.0.3:38050@61616
2025-10-29 03:06:31,164 | DEBUG | remove connection id: ID:e0301c8c9470-40495-1761706587348-1:1 | org.apache.activemq.broker.TransportConnection | ActiveMQ Transport: tcp:///172.18.0.3:38050@61616
2025-10-29 03:06:31,164 | DEBUG | Unregistering MBean org.apache.activemq:type=Broker,brokerName=localhost,destinationType=Queue,destinationName=analysis.queue,endpoint=Consumer,clientId=ID_e0301c8c9470-40495-1761706587348-0_1,consumerId=ID_e0301c8c9470-40495-1761706587348-1_1_1_1 | org.apache.activemq.broker.jmx.ManagementContext | ActiveMQ Transport: tcp:///172.18.0.3:38050@61616
2025-10-29 03:06:31,164 | DEBUG | localhost removing consumer: ID:e0301c8c9470-40495-1761706587348-1:1:1:1 for destination: queue://analysis.queue | org.apache.activemq.broker.region.AbstractRegion | ActiveMQ Transport: tcp:///172.18.0.3:38050@61616
2025-10-29 03:06:31,165 | DEBUG | queue://analysis.queue remove sub: QueueSubscription: consumer=ID:e0301c8c9470-40495-1761706587348-1:1:1:1, destinations=1, dispatched=0, delivered=0, pending=0, lastDeliveredSeqId: 117, dequeues: 2, dispatched: 2, inflight: 0 | org.apache.activemq.broker.region.Queue | ActiveMQ Transport: tcp:///172.18.0.3:38050@61616
2025-10-29 03:06:31,166 | DEBUG | Unregistering MBean org.apache.activemq:type=Broker,brokerName=localhost,connector=clientConnectors,connectorName=openwire,connectionViewType=clientId,connectionName=ID_e0301c8c9470-40495-1761706587348-0_1 | org.apache.activemq.broker.jmx.ManagementContext | ActiveMQ Transport: tcp:///172.18.0.3:38050@61616
2025-10-29 03:06:31,166 | DEBUG | Unregistering MBean org.apache.activemq:type=Broker,brokerName=localhost,connector=clientConnectors,connectorName=openwire,connectionViewType=remoteAddress,connectionName=tcp_//172.18.0.3_38050 | org.apache.activemq.broker.jmx.ManagementContext | ActiveMQ Transport: tcp:///172.18.0.3:38050@61616
2025-10-29 03:06:31,167 | DEBUG | Stopping connection: tcp://172.18.0.3:38050 | org.apache.activemq.broker.TransportConnection | ActiveMQ BrokerService[localhost] Task-35
2025-10-29 03:06:31,167 | DEBUG | Stopping transport tcp:///172.18.0.3:38050@61616 | org.apache.activemq.transport.tcp.TcpTransport | ActiveMQ BrokerService[localhost] Task-35
2025-10-29 03:06:31,167 | DEBUG | Initialized TaskRunnerFactory[ActiveMQ Task] using ExecutorService: java.util.concurrent.ThreadPoolExecutor@54e8aa29[Running, pool size = 0, active threads = 0, queued tasks = 0, completed tasks = 0] | org.apache.activemq.thread.TaskRunnerFactory | ActiveMQ BrokerService[localhost] Task-35
2025-10-29 03:06:31,169 | DEBUG | Closed socket Socket[addr=/172.18.0.3,port=38050,localport=61616] | org.apache.activemq.transport.tcp.TcpTransport | ActiveMQ Task-1
2025-10-29 03:06:31,169 | DEBUG | Forcing shutdown of ExecutorService: java.util.concurrent.ThreadPoolExecutor@54e8aa29[Running, pool size = 1, active threads = 0, queued tasks = 0, completed tasks = 1] | org.apache.activemq.util.ThreadPoolUtils | ActiveMQ BrokerService[localhost] Task-35
2025-10-29 03:06:31,169 | DEBUG | Stopped transport: tcp://172.18.0.3:38050 | org.apache.activemq.broker.TransportConnection | ActiveMQ BrokerService[localhost] Task-35
2025-10-29 03:06:31,169 | DEBUG | Connection Stopped: tcp://172.18.0.3:38050 | org.apache.activemq.broker.TransportConnection | ActiveMQ BrokerService[localhost] Task-35
2025-10-29 03:06:31,178 | DEBUG | Unmarshalled new incoming event - jabber.client.Presence | org.apache.activemq.transport.xmpp.XmppTransport | ActiveMQ Transport: tcp:///172.18.0.3:43688@61222
2025-10-29 03:06:31,178 | DEBUG | Presence: null id: Jg353-4 to: null type: unavailable showOrStatusOrPriority: [] any: [] | org.apache.activemq.transport.xmpp.ProtocolConverter | ActiveMQ Transport: tcp:///172.18.0.3:43688@61222
2025-10-29 03:06:31,179 | DEBUG | Unable to create destination for null | org.apache.activemq.transport.xmpp.ProtocolConverter | ActiveMQ Transport: tcp:///172.18.0.3:43688@61222
2025-10-29 03:06:31,179 | DEBUG | XMPP consumer thread starting | org.apache.activemq.transport.xmpp.XmppTransport | ActiveMQ Transport: tcp:///172.18.0.3:43688@61222
2025-10-29 03:06:31,181 | DEBUG | Transport Connection to: tcp://172.18.0.3:43688 failed: java.io.IOException: Unexpected EOF in prolog
 at [row,col {unknown-source}]: [1,0] | org.apache.activemq.broker.TransportConnection.Transport | ActiveMQ Transport: tcp:///172.18.0.3:43688@61222
java.io.IOException: Unexpected EOF in prolog
 at [row,col {unknown-source}]: [1,0]
	at org.apache.activemq.util.IOExceptionSupport.create(IOExceptionSupport.java:45)
	at org.apache.activemq.transport.xmpp.XmppTransport.doRun(XmppTransport.java:189)
	at org.apache.activemq.transport.tcp.TcpTransport.run(TcpTransport.java:196)
	at java.lang.Thread.run(Thread.java:750)
Caused by: com.ctc.wstx.exc.WstxEOFException: Unexpected EOF in prolog
 at [row,col {unknown-source}]: [1,0]
	at com.ctc.wstx.sr.StreamScanner.throwUnexpectedEOF(StreamScanner.java:677)
	at com.ctc.wstx.sr.BasicStreamReader.handleEOF(BasicStreamReader.java:2116)
	at com.ctc.wstx.sr.BasicStreamReader.nextFromProlog(BasicStreamReader.java:2022)
	at com.ctc.wstx.sr.BasicStreamReader.next(BasicStreamReader.java:1114)
	at org.codehaus.stax2.ri.Stax2EventReaderImpl.nextTag(Stax2EventReaderImpl.java:320)
	at org.apache.activemq.transport.xmpp.XmppTransport.doRun(XmppTransport.java:155)
	... 2 more
2025-10-29 03:06:31,182 | DEBUG | Unregistering MBean org.apache.activemq:type=Broker,brokerName=localhost,connector=clientConnectors,connectorName=xmpp,connectionViewType=clientId,connectionName=xmpp-37485-1761699249168-3_7 | org.apache.activemq.broker.jmx.ManagementContext | ActiveMQ Transport: tcp:///172.18.0.3:43688@61222
2025-10-29 03:06:31,182 | DEBUG | Unregistering MBean org.apache.activemq:type=Broker,brokerName=localhost,connector=clientConnectors,connectorName=xmpp,connectionViewType=remoteAddress,connectionName=tcp_//172.18.0.3_43688 | org.apache.activemq.broker.jmx.ManagementContext | ActiveMQ Transport: tcp:///172.18.0.3:43688@61222
2025-10-29 03:06:31,182 | DEBUG | Stopping connection: tcp://172.18.0.3:43688 | org.apache.activemq.broker.TransportConnection | ActiveMQ BrokerService[localhost] Task-35
2025-10-29 03:06:31,197 | INFO  | Caught trying to close transport: com.ctc.wstx.exc.WstxIOException: Broken pipe (Write failed) | org.apache.activemq.transport.xmpp.XmppTransport | ActiveMQ BrokerService[localhost] Task-35
com.ctc.wstx.exc.WstxIOException: Broken pipe (Write failed)
	at com.ctc.wstx.sw.BaseStreamWriter._finishDocument(BaseStreamWriter.java:1406)
	at com.ctc.wstx.sw.BaseStreamWriter.writeEndDocument(BaseStreamWriter.java:536)
	at org.apache.activemq.transport.xmpp.XmppTransport.doStop(XmppTransport.java:202)
	at org.apache.activemq.util.ServiceSupport.stop(ServiceSupport.java:71)
	at org.apache.activemq.transport.tcp.TcpTransport.stop(TcpTransport.java:577)
	at org.apache.activemq.transport.AbstractInactivityMonitor.stop(AbstractInactivityMonitor.java:147)
	at org.apache.activemq.transport.TransportFilter.stop(TransportFilter.java:65)
	at org.apache.activemq.broker.TransportConnection.doStop(TransportConnection.java:1110)
	at org.apache.activemq.broker.TransportConnection$4.run(TransportConnection.java:1076)
	at java.util.concurrent.ThreadPoolExecutor.runWorker(ThreadPoolExecutor.java:1149)
	at java.util.concurrent.ThreadPoolExecutor$Worker.run(ThreadPoolExecutor.java:624)
	at java.lang.Thread.run(Thread.java:750)
Caused by: java.net.SocketException: Broken pipe (Write failed)
	at java.net.SocketOutputStream.socketWrite0(Native Method)
	at java.net.SocketOutputStream.socketWrite(SocketOutputStream.java:111)
	at java.net.SocketOutputStream.write(SocketOutputStream.java:155)
	at org.apache.activemq.transport.tcp.TcpBufferedOutputStream.flush(TcpBufferedOutputStream.java:115)
	at com.ctc.wstx.io.UTF8Writer.flush(UTF8Writer.java:103)
	at com.ctc.wstx.sw.BufferingXmlWriter.flush(BufferingXmlWriter.java:225)
	at com.ctc.wstx.sw.BufferingXmlWriter.close(BufferingXmlWriter.java:198)
	at com.ctc.wstx.sw.BaseStreamWriter._finishDocument(BaseStreamWriter.java:1404)
	... 11 more
2025-10-29 03:06:31,200 | DEBUG | Stopping transport tcp:///172.18.0.3:43688@61222 | org.apache.activemq.transport.tcp.TcpTransport | ActiveMQ BrokerService[localhost] Task-35
2025-10-29 03:06:31,201 | DEBUG | Initialized TaskRunnerFactory[ActiveMQ Task] using ExecutorService: java.util.concurrent.ThreadPoolExecutor@21bfd02d[Running, pool size = 0, active threads = 0, queued tasks = 0, completed tasks = 0] | org.apache.activemq.thread.TaskRunnerFactory | ActiveMQ BrokerService[localhost] Task-35
2025-10-29 03:06:31,201 | DEBUG | Closed socket Socket[addr=/172.18.0.3,port=43688,localport=61222] | org.apache.activemq.transport.tcp.TcpTransport | ActiveMQ Task-1
2025-10-29 03:06:31,202 | DEBUG | Forcing shutdown of ExecutorService: java.util.concurrent.ThreadPoolExecutor@21bfd02d[Running, pool size = 1, active threads = 0, queued tasks = 0, completed tasks = 1] | org.apache.activemq.util.ThreadPoolUtils | ActiveMQ BrokerService[localhost] Task-35
2025-10-29 03:06:31,202 | DEBUG | Stopped transport: tcp://172.18.0.3:43688 | org.apache.activemq.broker.TransportConnection | ActiveMQ BrokerService[localhost] Task-35
2025-10-29 03:06:31,202 | DEBUG | Cleaning up connection resources: tcp://172.18.0.3:43688 | org.apache.activemq.broker.TransportConnection | ActiveMQ BrokerService[localhost] Task-35
2025-10-29 03:06:31,202 | DEBUG | remove connection id: ID:351d5895b329-37485-1761699249168-2:7 | org.apache.activemq.broker.TransportConnection | ActiveMQ BrokerService[localhost] Task-35
2025-10-29 03:06:31,203 | DEBUG | Unregistering MBean org.apache.activemq:type=Broker,brokerName=localhost,destinationType=Topic,destinationName=admin,endpoint=Consumer,clientId=xmpp-37485-1761699249168-3_7,consumerId=ID_351d5895b329-37485-1761699249168-2_7_-1_1 | org.apache.activemq.broker.jmx.ManagementContext | ActiveMQ BrokerService[localhost] Task-35
2025-10-29 03:06:31,203 | DEBUG | localhost removing consumer: ID:351d5895b329-37485-1761699249168-2:7:-1:1 for destination: topic://admin | org.apache.activemq.broker.region.AbstractRegion | ActiveMQ BrokerService[localhost] Task-35
2025-10-29 03:06:31,204 | DEBUG | Unregistering MBean org.apache.activemq:type=Broker,brokerName=localhost,destinationType=TempQueue,destinationName=ID_351d5895b329-37485-1761699249168-2_7_1,endpoint=Consumer,clientId=xmpp-37485-1761699249168-3_7,consumerId=ID_351d5895b329-37485-1761699249168-2_7_-1_2 | org.apache.activemq.broker.jmx.ManagementContext | ActiveMQ BrokerService[localhost] Task-35
2025-10-29 03:06:31,204 | DEBUG | localhost removing consumer: ID:351d5895b329-37485-1761699249168-2:7:-1:2 for destination: temp-queue://ID:351d5895b329-37485-1761699249168-2:7:1 | org.apache.activemq.broker.region.AbstractRegion | ActiveMQ BrokerService[localhost] Task-35
2025-10-29 03:06:31,205 | DEBUG | temp-queue://ID:351d5895b329-37485-1761699249168-2:7:1 remove sub: QueueSubscription: consumer=ID:351d5895b329-37485-1761699249168-2:7:-1:2, destinations=1, dispatched=0, delivered=0, pending=0, lastDeliveredSeqId: 0, dequeues: 0, dispatched: 0, inflight: 0 | org.apache.activemq.broker.region.Queue | ActiveMQ BrokerService[localhost] Task-35
2025-10-29 03:06:31,206 | DEBUG | Unregistering MBean org.apache.activemq:type=Broker,brokerName=localhost,endpoint=dynamicProducer,clientId=xmpp-37485-1761699249168-3_7,producerId=ID_351d5895b329-37485-1761699249168-2_7_-1_1 | org.apache.activemq.broker.jmx.ManagementContext | ActiveMQ BrokerService[localhost] Task-35
2025-10-29 03:06:31,206 | DEBUG | localhost removing destination: temp-queue://ID:351d5895b329-37485-1761699249168-2:7:1 | org.apache.activemq.broker.region.AbstractRegion | ActiveMQ BrokerService[localhost] Task-35
2025-10-29 03:06:31,207 | DEBUG | ID:351d5895b329-37485-1761699249168-2:7:1 toPageIn: 0, Inflight: 0, pagedInMessages.size 0, enqueueCount: 0, dequeueCount: 0 | org.apache.activemq.broker.region.Queue | ActiveMQ BrokerService[localhost] Task-35
2025-10-29 03:06:31,207 | DEBUG | Unregistering MBean org.apache.activemq:type=Broker,brokerName=localhost,destinationType=TempQueue,destinationName=ID_351d5895b329-37485-1761699249168-2_7_1 | org.apache.activemq.broker.jmx.ManagementContext | ActiveMQ BrokerService[localhost] Task-35
2025-10-29 03:06:31,208 | DEBUG | localhost removing destination: topic://ActiveMQ.Advisory.Consumer.Queue.ID:351d5895b329-37485-1761699249168-2:7:1 | org.apache.activemq.broker.region.AbstractRegion | ActiveMQ BrokerService[localhost] Task-35
2025-10-29 03:06:31,209 | DEBUG | Unregistering MBean org.apache.activemq:type=Broker,brokerName=localhost,destinationType=Topic,destinationName=ActiveMQ.Advisory.Consumer.Queue.ID_351d5895b329-37485-1761699249168-2_7_1 | org.apache.activemq.broker.jmx.ManagementContext | ActiveMQ BrokerService[localhost] Task-35
2025-10-29 03:06:31,209 | DEBUG | Connection Stopped: tcp://172.18.0.3:43688 | org.apache.activemq.broker.TransportConnection | ActiveMQ BrokerService[localhost] Task-35
2025-10-29 03:06:34,199 | DEBUG | Checkpoint started. | org.apache.activemq.store.kahadb.MessageDatabase | ActiveMQ Journal Checkpoint Worker
2025-10-29 03:06:34,216 | DEBUG | Checkpoint done. | org.apache.activemq.store.kahadb.MessageDatabase | ActiveMQ Journal Checkpoint Worker
2025-10-29 03:06:36,107 | DEBUG | WriteChecker 10000 ms elapsed since last write check. | org.apache.activemq.transport.AbstractInactivityMonitor | ActiveMQ InactivityMonitor WriteCheckTimer
2025-10-29 03:06:36,139 | DEBUG | WriteChecker 10000 ms elapsed since last write check. | org.apache.activemq.transport.AbstractInactivityMonitor | ActiveMQ InactivityMonitor WriteCheckTimer
2025-10-29 03:06:39,218 | DEBUG | Checkpoint started. | org.apache.activemq.store.kahadb.MessageDatabase | ActiveMQ Journal Checkpoint Worker
2025-10-29 03:06:39,229 | DEBUG | Checkpoint done. | org.apache.activemq.store.kahadb.MessageDatabase | ActiveMQ Journal Checkpoint Worker
2025-10-29 03:06:39,495 | DEBUG | queue://Consumer.A.VirtualTopic.Analysis expiring messages .. | org.apache.activemq.broker.region.Queue | ActiveMQ Broker[localhost] Scheduler
2025-10-29 03:06:39,496 | DEBUG | Consumer.A.VirtualTopic.Analysis toPageIn: 0, Inflight: 0, pagedInMessages.size 0, enqueueCount: 0, dequeueCount: 0 | org.apache.activemq.broker.region.Queue | ActiveMQ Broker[localhost] Scheduler
2025-10-29 03:06:39,496 | DEBUG | queue://Consumer.A.VirtualTopic.Analysis expiring messages done. | org.apache.activemq.broker.region.Queue | ActiveMQ Broker[localhost] Scheduler
2025-10-29 03:06:39,549 | DEBUG | queue://queue.analysis expiring messages .. | org.apache.activemq.broker.region.Queue | ActiveMQ Broker[localhost] Scheduler
2025-10-29 03:06:39,550 | DEBUG | queue.analysis toPageIn: 0, Inflight: 0, pagedInMessages.size 0, enqueueCount: 0, dequeueCount: 0 | org.apache.activemq.broker.region.Queue | ActiveMQ Broker[localhost] Scheduler
2025-10-29 03:06:39,550 | DEBUG | queue://queue.analysis expiring messages done. | org.apache.activemq.broker.region.Queue | ActiveMQ Broker[localhost] Scheduler
2025-10-29 03:06:39,934 | DEBUG | WriteChecker 10000 ms elapsed since last write check. | org.apache.activemq.transport.AbstractInactivityMonitor | ActiveMQ InactivityMonitor WriteCheckTimer
2025-10-29 03:06:41,743 | DEBUG | Creating new instance of XmppTransport | org.apache.activemq.transport.xmpp.XmppTransport | ActiveMQ Transport Server Thread Handler: xmpp://0.0.0.0:61222
2025-10-29 03:06:41,747 | DEBUG | XMPP consumer thread starting | org.apache.activemq.transport.xmpp.XmppTransport | ActiveMQ Transport: tcp:///172.18.0.3:37724@61222
2025-10-29 03:06:41,748 | DEBUG | Sending initial stream element | org.apache.activemq.transport.xmpp.XmppTransport | ActiveMQ BrokerService[localhost] Task-39
2025-10-29 03:06:41,751 | DEBUG | Initial stream element sent! | org.apache.activemq.transport.xmpp.XmppTransport | ActiveMQ BrokerService[localhost] Task-39
2025-10-29 03:06:41,773 | DEBUG | Unmarshalled new incoming event - jabber.client.Iq | org.apache.activemq.transport.xmpp.XmppTransport | ActiveMQ Transport: tcp:///172.18.0.3:37724@61222
2025-10-29 03:06:41,774 | DEBUG | Iq Auth Query to: null type: get from: null id: AsJxP-0 resource: null username: admin | org.apache.activemq.transport.xmpp.ProtocolConverter | ActiveMQ Transport: tcp:///172.18.0.3:37724@61222
2025-10-29 03:06:41,781 | DEBUG | Unmarshalled new incoming event - jabber.client.Iq | org.apache.activemq.transport.xmpp.XmppTransport | ActiveMQ Transport: tcp:///172.18.0.3:37724@61222
2025-10-29 03:06:41,782 | DEBUG | Iq Auth Query to: null type: set from: null id: AsJxP-1 resource: Smack username: admin | org.apache.activemq.transport.xmpp.ProtocolConverter | ActiveMQ Transport: tcp:///172.18.0.3:37724@61222
2025-10-29 03:06:41,783 | DEBUG | Setting up new connection id: ID:351d5895b329-37485-1761699249168-2:8, address: tcp://172.18.0.3:37724, info: ConnectionInfo {commandId = 0, responseRequired = true, connectionId = ID:351d5895b329-37485-1761699249168-2:8, clientId = xmpp-37485-1761699249168-3:8, clientIp = null, userName = admin, password = *****, brokerPath = null, brokerMasterConnector = false, manageable = false, clientMaster = true, faultTolerant = false, failoverReconnect = false} | org.apache.activemq.broker.TransportConnection | ActiveMQ Transport: tcp:///172.18.0.3:37724@61222
2025-10-29 03:06:41,784 | DEBUG | Completed create sesssion | org.apache.activemq.transport.xmpp.ProtocolConverter | ActiveMQ Transport: tcp:///172.18.0.3:37724@61222
2025-10-29 03:06:41,785 | DEBUG | Completed create producer | org.apache.activemq.transport.xmpp.ProtocolConverter | ActiveMQ Transport: tcp:///172.18.0.3:37724@61222
2025-10-29 03:06:41,785 | DEBUG | localhost adding consumer: ID:351d5895b329-37485-1761699249168-2:8:-1:1 for destination: topic://admin | org.apache.activemq.broker.region.AbstractRegion | ActiveMQ Transport: tcp:///172.18.0.3:37724@61222
2025-10-29 03:06:41,785 | DEBUG | Setting the maximumPendingMessages size to: 1000 for consumer: ID:351d5895b329-37485-1761699249168-2:8:-1:1 | org.apache.activemq.broker.region.policy.PolicyEntry | ActiveMQ Transport: tcp:///172.18.0.3:37724@61222
2025-10-29 03:06:41,786 | DEBUG | Completed subscribe to destination: topic://admin | org.apache.activemq.transport.xmpp.ProtocolConverter | ActiveMQ Transport: tcp:///172.18.0.3:37724@61222
2025-10-29 03:06:41,787 | DEBUG | localhost adding destination: temp-queue://ID:351d5895b329-37485-1761699249168-2:8:1 | org.apache.activemq.broker.region.AbstractRegion | ActiveMQ Transport: tcp:///172.18.0.3:37724@61222
2025-10-29 03:06:41,790 | DEBUG | ID:351d5895b329-37485-1761699249168-2:8:1 toPageIn: 0, Inflight: 0, pagedInMessages.size 0, enqueueCount: 0, dequeueCount: 0 | org.apache.activemq.broker.region.Queue | ActiveMQ Transport: tcp:///172.18.0.3:37724@61222
2025-10-29 03:06:41,791 | DEBUG | localhost adding consumer: ID:351d5895b329-37485-1761699249168-2:8:-1:2 for destination: temp-queue://ID:351d5895b329-37485-1761699249168-2:8:1 | org.apache.activemq.broker.region.AbstractRegion | ActiveMQ Transport: tcp:///172.18.0.3:37724@61222
2025-10-29 03:06:41,793 | DEBUG | temp-queue://ID:351d5895b329-37485-1761699249168-2:8:1 add sub: QueueSubscription: consumer=ID:351d5895b329-37485-1761699249168-2:8:-1:2, destinations=0, dispatched=0, delivered=0, pending=0, dequeues: 0, dispatched: 0, inflight: 0 | org.apache.activemq.broker.region.Queue | ActiveMQ Transport: tcp:///172.18.0.3:37724@61222
2025-10-29 03:06:41,795 | DEBUG | localhost adding destination: topic://ActiveMQ.Advisory.Consumer.Queue.ID:351d5895b329-37485-1761699249168-2:8:1 | org.apache.activemq.broker.region.AbstractRegion | ActiveMQ Transport: tcp:///172.18.0.3:37724@61222
2025-10-29 03:06:41,798 | DEBUG | Completed subscribe to destination: temp-queue://ID:351d5895b329-37485-1761699249168-2:8:1 | org.apache.activemq.transport.xmpp.ProtocolConverter | ActiveMQ Transport: tcp:///172.18.0.3:37724@61222
2025-10-29 03:06:41,799 | DEBUG | Unmarshalled new incoming event - jabber.client.Iq | org.apache.activemq.transport.xmpp.XmppTransport | ActiveMQ Transport: tcp:///172.18.0.3:37724@61222
2025-10-29 03:06:41,799 | DEBUG | Iq Roster to: null type: get from: null id: AsJxP-2 item: [] | org.apache.activemq.transport.xmpp.ProtocolConverter | ActiveMQ Transport: tcp:///172.18.0.3:37724@61222
2025-10-29 03:06:41,801 | DEBUG | Unmarshalled new incoming event - jabber.client.Presence | org.apache.activemq.transport.xmpp.XmppTransport | ActiveMQ Transport: tcp:///172.18.0.3:37724@61222
2025-10-29 03:06:41,802 | DEBUG | Presence: null id: AsJxP-3 to: null type: null showOrStatusOrPriority: [] any: [] | org.apache.activemq.transport.xmpp.ProtocolConverter | ActiveMQ Transport: tcp:///172.18.0.3:37724@61222
2025-10-29 03:06:41,802 | DEBUG | Unable to create destination for null | org.apache.activemq.transport.xmpp.ProtocolConverter | ActiveMQ Transport: tcp:///172.18.0.3:37724@61222
2025-10-29 03:06:43,985 | DEBUG | Sending: WireFormatInfo { version=9, properties={TcpNoDelayEnabled=true, SizePrefixDisabled=false, CacheSize=1024, StackTraceEnabled=true, CacheEnabled=true, TightEncodingEnabled=true, MaxFrameSize=9223372036854775807, MaxInactivityDuration=30000, MaxInactivityDurationInitalDelay=10000}, magic=[A,c,t,i,v,e,M,Q]} | org.apache.activemq.transport.WireFormatNegotiator | ActiveMQ BrokerService[localhost] Task-35
2025-10-29 03:06:43,986 | DEBUG | Received WireFormat: WireFormatInfo { version=12, properties={StackTraceEnabled=true, PlatformDetails=Java, CacheEnabled=true, Host=activemq, TcpNoDelayEnabled=true, SizePrefixDisabled=false, CacheSize=1024, ProviderName=ActiveMQ, TightEncodingEnabled=true, MaxFrameSize=9223372036854775807, MaxInactivityDuration=30000, MaxInactivityDurationInitalDelay=10000, MaxFrameSizeEnabled=true, ProviderVersion=6.1.6}, magic=[A,c,t,i,v,e,M,Q]} | org.apache.activemq.transport.WireFormatNegotiator | ActiveMQ Transport: tcp:///172.18.0.3:33456@61616
2025-10-29 03:06:43,986 | DEBUG | Using min of local: WireFormatInfo { version=9, properties={TcpNoDelayEnabled=true, SizePrefixDisabled=false, CacheSize=1024, StackTraceEnabled=true, CacheEnabled=true, TightEncodingEnabled=true, MaxFrameSize=9223372036854775807, MaxInactivityDuration=30000, MaxInactivityDurationInitalDelay=10000}, magic=[A,c,t,i,v,e,M,Q]} and remote: WireFormatInfo { version=12, properties={StackTraceEnabled=true, PlatformDetails=Java, CacheEnabled=true, Host=activemq, TcpNoDelayEnabled=true, SizePrefixDisabled=false, CacheSize=1024, ProviderName=ActiveMQ, TightEncodingEnabled=true, MaxFrameSize=9223372036854775807, MaxInactivityDuration=30000, MaxInactivityDurationInitalDelay=10000, MaxFrameSizeEnabled=true, ProviderVersion=6.1.6}, magic=[A,c,t,i,v,e,M,Q]} | org.apache.activemq.transport.InactivityMonitor | ActiveMQ BrokerService[localhost] Task-35
2025-10-29 03:06:43,987 | DEBUG | tcp:///172.18.0.3:33456@61616 before negotiation: OpenWireFormat{version=9, cacheEnabled=false, stackTraceEnabled=false, tightEncodingEnabled=false, sizePrefixDisabled=false, maxFrameSize=9223372036854775807} | org.apache.activemq.transport.WireFormatNegotiator | ActiveMQ Transport: tcp:///172.18.0.3:33456@61616
2025-10-29 03:06:43,988 | DEBUG | tcp:///172.18.0.3:33456@61616 after negotiation: OpenWireFormat{version=9, cacheEnabled=true, stackTraceEnabled=true, tightEncodingEnabled=true, sizePrefixDisabled=false, maxFrameSize=9223372036854775807} | org.apache.activemq.transport.WireFormatNegotiator | ActiveMQ Transport: tcp:///172.18.0.3:33456@61616
2025-10-29 03:06:44,005 | DEBUG | Setting up new connection id: ID:07721517111c-35129-1761707203869-1:1, address: tcp://172.18.0.3:33456, info: ConnectionInfo {commandId = 1, responseRequired = true, connectionId = ID:07721517111c-35129-1761707203869-1:1, clientId = ID:07721517111c-35129-1761707203869-0:1, clientIp = null, userName = admin, password = *****, brokerPath = null, brokerMasterConnector = false, manageable = true, clientMaster = true, faultTolerant = false, failoverReconnect = false} | org.apache.activemq.broker.TransportConnection | ActiveMQ Transport: tcp:///172.18.0.3:33456@61616
2025-10-29 03:06:44,012 | DEBUG | localhost adding consumer: ID:07721517111c-35129-1761707203869-1:1:-1:1 for destination: ActiveMQ.Advisory.TempQueue,ActiveMQ.Advisory.TempTopic | org.apache.activemq.broker.region.AbstractRegion | ActiveMQ Transport: tcp:///172.18.0.3:33456@61616
2025-10-29 03:06:44,013 | DEBUG | Setting the maximumPendingMessages size to: 1000 for consumer: ID:07721517111c-35129-1761707203869-1:1:-1:1 | org.apache.activemq.broker.region.policy.PolicyEntry | ActiveMQ Transport: tcp:///172.18.0.3:33456@61616
2025-10-29 03:06:44,037 | DEBUG | localhost adding consumer: ID:07721517111c-35129-1761707203869-1:1:1:1 for destination: queue://analysis.queue | org.apache.activemq.broker.region.AbstractRegion | ActiveMQ Transport: tcp:///172.18.0.3:33456@61616
2025-10-29 03:06:44,038 | DEBUG | queue://analysis.queue add sub: QueueSubscription: consumer=ID:07721517111c-35129-1761707203869-1:1:1:1, destinations=0, dispatched=0, delivered=0, pending=0, dequeues: 2, dispatched: 2, inflight: 0 | org.apache.activemq.broker.region.Queue | ActiveMQ Transport: tcp:///172.18.0.3:33456@61616
2025-10-29 03:06:44,231 | DEBUG | Checkpoint started. | org.apache.activemq.store.kahadb.MessageDatabase | ActiveMQ Journal Checkpoint Worker
2025-10-29 03:06:44,244 | DEBUG | Checkpoint done. | org.apache.activemq.store.kahadb.MessageDatabase | ActiveMQ Journal Checkpoint Worker
2025-10-29 03:06:46,108 | DEBUG | WriteChecker 10001 ms elapsed since last write check. | org.apache.activemq.transport.AbstractInactivityMonitor | ActiveMQ InactivityMonitor WriteCheckTimer
2025-10-29 03:06:46,139 | DEBUG | WriteChecker 10000 ms elapsed since last write check. | org.apache.activemq.transport.AbstractInactivityMonitor | ActiveMQ InactivityMonitor WriteCheckTimer
2025-10-29 03:06:49,248 | DEBUG | Checkpoint started. | org.apache.activemq.store.kahadb.MessageDatabase | ActiveMQ Journal Checkpoint Worker
2025-10-29 03:06:49,263 | DEBUG | Checkpoint done. | org.apache.activemq.store.kahadb.MessageDatabase | ActiveMQ Journal Checkpoint Worker
2025-10-29 03:06:49,935 | DEBUG | WriteChecker 10001 ms elapsed since last write check. | org.apache.activemq.transport.AbstractInactivityMonitor | ActiveMQ InactivityMonitor WriteCheckTimer
2025-10-29 03:06:50,086 | DEBUG | queue://analysis.queue expiring messages .. | org.apache.activemq.broker.region.Queue | ActiveMQ Broker[localhost] Scheduler
2025-10-29 03:06:50,087 | DEBUG | analysis.queue toPageIn: 0, Inflight: 0, pagedInMessages.size 0, enqueueCount: 2, dequeueCount: 2 | org.apache.activemq.broker.region.Queue | ActiveMQ Broker[localhost] Scheduler
2025-10-29 03:06:50,087 | DEBUG | queue://analysis.queue expiring messages done. | org.apache.activemq.broker.region.Queue | ActiveMQ Broker[localhost] Scheduler
2025-10-29 03:06:54,264 | DEBUG | Checkpoint started. | org.apache.activemq.store.kahadb.MessageDatabase | ActiveMQ Journal Checkpoint Worker
2025-10-29 03:06:54,279 | DEBUG | Checkpoint done. | org.apache.activemq.store.kahadb.MessageDatabase | ActiveMQ Journal Checkpoint Worker
2025-10-29 03:06:56,080 | DEBUG | 30000 ms elapsed since last read check. | org.apache.activemq.transport.AbstractInactivityMonitor | ActiveMQ InactivityMonitor ReadCheckTimer
2025-10-29 03:06:56,108 | DEBUG | WriteChecker 10000 ms elapsed since last write check. | org.apache.activemq.transport.AbstractInactivityMonitor | ActiveMQ InactivityMonitor WriteCheckTimer
2025-10-29 03:06:56,110 | DEBUG | Running WriteCheck[tcp://172.18.0.1:49490] | org.apache.activemq.transport.AbstractInactivityMonitor | ActiveMQ InactivityMonitor Worker
2025-10-29 03:06:56,113 | DEBUG | 30000 ms elapsed since last read check. | org.apache.activemq.transport.AbstractInactivityMonitor | ActiveMQ InactivityMonitor ReadCheckTimer
2025-10-29 03:06:56,139 | DEBUG | WriteChecker 10000 ms elapsed since last write check. | org.apache.activemq.transport.AbstractInactivityMonitor | ActiveMQ InactivityMonitor WriteCheckTimer
2025-10-29 03:06:56,140 | DEBUG | Running WriteCheck[tcp://172.18.0.1:49496] | org.apache.activemq.transport.AbstractInactivityMonitor | ActiveMQ InactivityMonitor Worker
2025-10-29 03:06:59,284 | DEBUG | Checkpoint started. | org.apache.activemq.store.kahadb.MessageDatabase | ActiveMQ Journal Checkpoint Worker
2025-10-29 03:06:59,299 | DEBUG | Checkpoint done. | org.apache.activemq.store.kahadb.MessageDatabase | ActiveMQ Journal Checkpoint Worker
2025-10-29 03:06:59,857 | DEBUG | 29999 ms elapsed since last read check. | org.apache.activemq.transport.AbstractInactivityMonitor | ActiveMQ InactivityMonitor ReadCheckTimer
2025-10-29 03:06:59,935 | DEBUG | WriteChecker 10000 ms elapsed since last write check. | org.apache.activemq.transport.AbstractInactivityMonitor | ActiveMQ InactivityMonitor WriteCheckTimer
2025-10-29 03:06:59,936 | DEBUG | Running WriteCheck[tcp://172.18.0.1:40982] | org.apache.activemq.transport.AbstractInactivityMonitor | ActiveMQ InactivityMonitor Worker
2025-10-29 03:07:03,987 | DEBUG | WriteChecker 10000 ms elapsed since last write check. | org.apache.activemq.transport.AbstractInactivityMonitor | ActiveMQ InactivityMonitor WriteCheckTimer
2025-10-29 03:07:03,988 | DEBUG | Running WriteCheck[tcp://172.18.0.3:33456] | org.apache.activemq.transport.AbstractInactivityMonitor | ActiveMQ InactivityMonitor Worker
2025-10-29 03:07:04,304 | DEBUG | Checkpoint started. | org.apache.activemq.store.kahadb.MessageDatabase | ActiveMQ Journal Checkpoint Worker
2025-10-29 03:07:04,321 | DEBUG | Checkpoint done. | org.apache.activemq.store.kahadb.MessageDatabase | ActiveMQ Journal Checkpoint Worker
2025-10-29 03:07:06,109 | DEBUG | WriteChecker 10001 ms elapsed since last write check. | org.apache.activemq.transport.AbstractInactivityMonitor | ActiveMQ InactivityMonitor WriteCheckTimer
2025-10-29 03:07:06,110 | DEBUG | Running WriteCheck[tcp://172.18.0.1:49490] | org.apache.activemq.transport.AbstractInactivityMonitor | ActiveMQ InactivityMonitor Worker
2025-10-29 03:07:06,139 | DEBUG | WriteChecker 10000 ms elapsed since last write check. | org.apache.activemq.transport.AbstractInactivityMonitor | ActiveMQ InactivityMonitor WriteCheckTimer
2025-10-29 03:07:06,140 | DEBUG | Running WriteCheck[tcp://172.18.0.1:49496] | org.apache.activemq.transport.AbstractInactivityMonitor | ActiveMQ InactivityMonitor Worker
2025-10-29 03:07:09,325 | DEBUG | Checkpoint started. | org.apache.activemq.store.kahadb.MessageDatabase | ActiveMQ Journal Checkpoint Worker
2025-10-29 03:07:09,339 | DEBUG | Checkpoint done. | org.apache.activemq.store.kahadb.MessageDatabase | ActiveMQ Journal Checkpoint Worker
2025-10-29 03:07:09,496 | DEBUG | queue://Consumer.A.VirtualTopic.Analysis expiring messages .. | org.apache.activemq.broker.region.Queue | ActiveMQ Broker[localhost] Scheduler
2025-10-29 03:07:09,497 | DEBUG | Consumer.A.VirtualTopic.Analysis toPageIn: 0, Inflight: 0, pagedInMessages.size 0, enqueueCount: 0, dequeueCount: 0 | org.apache.activemq.broker.region.Queue | ActiveMQ Broker[localhost] Scheduler
2025-10-29 03:07:09,497 | DEBUG | queue://Consumer.A.VirtualTopic.Analysis expiring messages done. | org.apache.activemq.broker.region.Queue | ActiveMQ Broker[localhost] Scheduler
2025-10-29 03:07:09,549 | DEBUG | queue://queue.analysis expiring messages .. | org.apache.activemq.broker.region.Queue | ActiveMQ Broker[localhost] Scheduler
2025-10-29 03:07:09,550 | DEBUG | queue.analysis toPageIn: 0, Inflight: 0, pagedInMessages.size 0, enqueueCount: 0, dequeueCount: 0 | org.apache.activemq.broker.region.Queue | ActiveMQ Broker[localhost] Scheduler
2025-10-29 03:07:09,551 | DEBUG | queue://queue.analysis expiring messages done. | org.apache.activemq.broker.region.Queue | ActiveMQ Broker[localhost] Scheduler
2025-10-29 03:07:09,935 | DEBUG | WriteChecker 10000 ms elapsed since last write check. | org.apache.activemq.transport.AbstractInactivityMonitor | ActiveMQ InactivityMonitor WriteCheckTimer
2025-10-29 03:07:09,936 | DEBUG | Running WriteCheck[tcp://172.18.0.1:40982] | org.apache.activemq.transport.AbstractInactivityMonitor | ActiveMQ InactivityMonitor Worker
2025-10-29 03:07:11,790 | DEBUG | temp-queue://ID:351d5895b329-37485-1761699249168-2:8:1 expiring messages .. | org.apache.activemq.broker.region.Queue | ActiveMQ Broker[localhost] Scheduler
2025-10-29 03:07:11,791 | DEBUG | ID:351d5895b329-37485-1761699249168-2:8:1 toPageIn: 0, Inflight: 0, pagedInMessages.size 0, enqueueCount: 0, dequeueCount: 0 | org.apache.activemq.broker.region.Queue | ActiveMQ Broker[localhost] Scheduler
2025-10-29 03:07:11,791 | DEBUG | temp-queue://ID:351d5895b329-37485-1761699249168-2:8:1 expiring messages done. | org.apache.activemq.broker.region.Queue | ActiveMQ Broker[localhost] Scheduler
2025-10-29 03:07:13,987 | DEBUG | WriteChecker 10000 ms elapsed since last write check. | org.apache.activemq.transport.AbstractInactivityMonitor | ActiveMQ InactivityMonitor WriteCheckTimer
2025-10-29 03:07:13,988 | DEBUG | Running WriteCheck[tcp://172.18.0.3:33456] | org.apache.activemq.transport.AbstractInactivityMonitor | ActiveMQ InactivityMonitor Worker
2025-10-29 03:07:14,342 | DEBUG | Checkpoint started. | org.apache.activemq.store.kahadb.MessageDatabase | ActiveMQ Journal Checkpoint Worker
2025-10-29 03:07:14,355 | DEBUG | Checkpoint done. | org.apache.activemq.store.kahadb.MessageDatabase | ActiveMQ Journal Checkpoint Worker
2025-10-29 03:07:16,110 | DEBUG | WriteChecker 10001 ms elapsed since last write check. | org.apache.activemq.transport.AbstractInactivityMonitor | ActiveMQ InactivityMonitor WriteCheckTimer
2025-10-29 03:07:16,110 | DEBUG | Running WriteCheck[tcp://172.18.0.1:49490] | org.apache.activemq.transport.AbstractInactivityMonitor | ActiveMQ InactivityMonitor Worker
2025-10-29 03:07:16,139 | DEBUG | WriteChecker 10000 ms elapsed since last write check. | org.apache.activemq.transport.AbstractInactivityMonitor | ActiveMQ InactivityMonitor WriteCheckTimer
2025-10-29 03:07:16,140 | DEBUG | Running WriteCheck[tcp://172.18.0.1:49496] | org.apache.activemq.transport.AbstractInactivityMonitor | ActiveMQ InactivityMonitor Worker
2025-10-29 03:07:19,359 | DEBUG | Checkpoint started. | org.apache.activemq.store.kahadb.MessageDatabase | ActiveMQ Journal Checkpoint Worker
2025-10-29 03:07:19,371 | DEBUG | Checkpoint done. | org.apache.activemq.store.kahadb.MessageDatabase | ActiveMQ Journal Checkpoint Worker
2025-10-29 03:07:19,936 | DEBUG | WriteChecker 10001 ms elapsed since last write check. | org.apache.activemq.transport.AbstractInactivityMonitor | ActiveMQ InactivityMonitor WriteCheckTimer
2025-10-29 03:07:19,936 | DEBUG | Running WriteCheck[tcp://172.18.0.1:40982] | org.apache.activemq.transport.AbstractInactivityMonitor | ActiveMQ InactivityMonitor Worker
2025-10-29 03:07:20,086 | DEBUG | queue://analysis.queue expiring messages .. | org.apache.activemq.broker.region.Queue | ActiveMQ Broker[localhost] Scheduler
2025-10-29 03:07:20,087 | DEBUG | analysis.queue toPageIn: 0, Inflight: 0, pagedInMessages.size 0, enqueueCount: 2, dequeueCount: 2 | org.apache.activemq.broker.region.Queue | ActiveMQ Broker[localhost] Scheduler
2025-10-29 03:07:20,087 | DEBUG | queue://analysis.queue expiring messages done. | org.apache.activemq.broker.region.Queue | ActiveMQ Broker[localhost] Scheduler
2025-10-29 03:07:23,987 | DEBUG | WriteChecker 10000 ms elapsed since last write check. | org.apache.activemq.transport.AbstractInactivityMonitor | ActiveMQ InactivityMonitor WriteCheckTimer
2025-10-29 03:07:23,988 | DEBUG | 30000 ms elapsed since last read check. | org.apache.activemq.transport.AbstractInactivityMonitor | ActiveMQ InactivityMonitor ReadCheckTimer
2025-10-29 03:07:23,988 | DEBUG | Running WriteCheck[tcp://172.18.0.3:33456] | org.apache.activemq.transport.AbstractInactivityMonitor | ActiveMQ InactivityMonitor Worker
2025-10-29 03:07:24,371 | DEBUG | Checkpoint started. | org.apache.activemq.store.kahadb.MessageDatabase | ActiveMQ Journal Checkpoint Worker
2025-10-29 03:07:24,385 | DEBUG | Checkpoint done. | org.apache.activemq.store.kahadb.MessageDatabase | ActiveMQ Journal Checkpoint Worker
2025-10-29 03:07:26,081 | DEBUG | 30001 ms elapsed since last read check. | org.apache.activemq.transport.AbstractInactivityMonitor | ActiveMQ InactivityMonitor ReadCheckTimer
2025-10-29 03:07:26,110 | DEBUG | WriteChecker 10000 ms elapsed since last write check. | org.apache.activemq.transport.AbstractInactivityMonitor | ActiveMQ InactivityMonitor WriteCheckTimer
2025-10-29 03:07:26,111 | DEBUG | Running WriteCheck[tcp://172.18.0.1:49490] | org.apache.activemq.transport.AbstractInactivityMonitor | ActiveMQ InactivityMonitor Worker
2025-10-29 03:07:26,113 | DEBUG | 30000 ms elapsed since last read check. | org.apache.activemq.transport.AbstractInactivityMonitor | ActiveMQ InactivityMonitor ReadCheckTimer
2025-10-29 03:07:26,139 | DEBUG | WriteChecker 10000 ms elapsed since last write check. | org.apache.activemq.transport.AbstractInactivityMonitor | ActiveMQ InactivityMonitor WriteCheckTimer
2025-10-29 03:07:26,139 | DEBUG | Running WriteCheck[tcp://172.18.0.1:49496] | org.apache.activemq.transport.AbstractInactivityMonitor | ActiveMQ InactivityMonitor Worker
2025-10-29 03:07:29,388 | DEBUG | Checkpoint started. | org.apache.activemq.store.kahadb.MessageDatabase | ActiveMQ Journal Checkpoint Worker
2025-10-29 03:07:29,402 | DEBUG | Checkpoint done. | org.apache.activemq.store.kahadb.MessageDatabase | ActiveMQ Journal Checkpoint Worker
2025-10-29 03:07:29,857 | DEBUG | 30000 ms elapsed since last read check. | org.apache.activemq.transport.AbstractInactivityMonitor | ActiveMQ InactivityMonitor ReadCheckTimer
2025-10-29 03:07:29,936 | DEBUG | WriteChecker 10000 ms elapsed since last write check. | org.apache.activemq.transport.AbstractInactivityMonitor | ActiveMQ InactivityMonitor WriteCheckTimer
2025-10-29 03:07:29,937 | DEBUG | Running WriteCheck[tcp://172.18.0.1:40982] | org.apache.activemq.transport.AbstractInactivityMonitor | ActiveMQ InactivityMonitor Worker
2025-10-29 03:07:33,987 | DEBUG | WriteChecker 10000 ms elapsed since last write check. | org.apache.activemq.transport.AbstractInactivityMonitor | ActiveMQ InactivityMonitor WriteCheckTimer
2025-10-29 03:07:33,989 | DEBUG | Running WriteCheck[tcp://172.18.0.3:33456] | org.apache.activemq.transport.AbstractInactivityMonitor | ActiveMQ InactivityMonitor Worker
2025-10-29 03:07:34,405 | DEBUG | Checkpoint started. | org.apache.activemq.store.kahadb.MessageDatabase | ActiveMQ Journal Checkpoint Worker
2025-10-29 03:07:34,418 | DEBUG | Checkpoint done. | org.apache.activemq.store.kahadb.MessageDatabase | ActiveMQ Journal Checkpoint Worker
2025-10-29 03:07:36,111 | DEBUG | WriteChecker 10001 ms elapsed since last write check. | org.apache.activemq.transport.AbstractInactivityMonitor | ActiveMQ InactivityMonitor WriteCheckTimer
2025-10-29 03:07:36,112 | DEBUG | Running WriteCheck[tcp://172.18.0.1:49490] | org.apache.activemq.transport.AbstractInactivityMonitor | ActiveMQ InactivityMonitor Worker
2025-10-29 03:07:36,139 | DEBUG | WriteChecker 10000 ms elapsed since last write check. | org.apache.activemq.transport.AbstractInactivityMonitor | ActiveMQ InactivityMonitor WriteCheckTimer
2025-10-29 03:07:36,140 | DEBUG | Running WriteCheck[tcp://172.18.0.1:49496] | org.apache.activemq.transport.AbstractInactivityMonitor | ActiveMQ InactivityMonitor Worker
2025-10-29 03:07:39,422 | DEBUG | Checkpoint started. | org.apache.activemq.store.kahadb.MessageDatabase | ActiveMQ Journal Checkpoint Worker
2025-10-29 03:07:39,438 | DEBUG | Checkpoint done. | org.apache.activemq.store.kahadb.MessageDatabase | ActiveMQ Journal Checkpoint Worker
2025-10-29 03:07:39,497 | DEBUG | queue://Consumer.A.VirtualTopic.Analysis expiring messages .. | org.apache.activemq.broker.region.Queue | ActiveMQ Broker[localhost] Scheduler
2025-10-29 03:07:39,498 | DEBUG | Consumer.A.VirtualTopic.Analysis toPageIn: 0, Inflight: 0, pagedInMessages.size 0, enqueueCount: 0, dequeueCount: 0 | org.apache.activemq.broker.region.Queue | ActiveMQ Broker[localhost] Scheduler
2025-10-29 03:07:39,498 | DEBUG | queue://Consumer.A.VirtualTopic.Analysis expiring messages done. | org.apache.activemq.broker.region.Queue | ActiveMQ Broker[localhost] Scheduler
2025-10-29 03:07:39,550 | DEBUG | queue://queue.analysis expiring messages .. | org.apache.activemq.broker.region.Queue | ActiveMQ Broker[localhost] Scheduler
2025-10-29 03:07:39,550 | DEBUG | queue.analysis toPageIn: 0, Inflight: 0, pagedInMessages.size 0, enqueueCount: 0, dequeueCount: 0 | org.apache.activemq.broker.region.Queue | ActiveMQ Broker[localhost] Scheduler
2025-10-29 03:07:39,551 | DEBUG | queue://queue.analysis expiring messages done. | org.apache.activemq.broker.region.Queue | ActiveMQ Broker[localhost] Scheduler
2025-10-29 03:07:39,936 | DEBUG | WriteChecker 10000 ms elapsed since last write check. | org.apache.activemq.transport.AbstractInactivityMonitor | ActiveMQ InactivityMonitor WriteCheckTimer
2025-10-29 03:07:39,937 | DEBUG | Running WriteCheck[tcp://172.18.0.1:40982] | org.apache.activemq.transport.AbstractInactivityMonitor | ActiveMQ InactivityMonitor Worker
2025-10-29 03:07:41,790 | DEBUG | temp-queue://ID:351d5895b329-37485-1761699249168-2:8:1 expiring messages .. | org.apache.activemq.broker.region.Queue | ActiveMQ Broker[localhost] Scheduler
2025-10-29 03:07:41,791 | DEBUG | ID:351d5895b329-37485-1761699249168-2:8:1 toPageIn: 0, Inflight: 0, pagedInMessages.size 0, enqueueCount: 0, dequeueCount: 0 | org.apache.activemq.broker.region.Queue | ActiveMQ Broker[localhost] Scheduler
2025-10-29 03:07:41,791 | DEBUG | temp-queue://ID:351d5895b329-37485-1761699249168-2:8:1 expiring messages done. | org.apache.activemq.broker.region.Queue | ActiveMQ Broker[localhost] Scheduler
2025-10-29 03:07:42,685 | DEBUG | Unmarshalled new incoming event - jabber.client.Presence | org.apache.activemq.transport.xmpp.XmppTransport | ActiveMQ Transport: tcp:///172.18.0.3:37724@61222
2025-10-29 03:07:42,686 | DEBUG | Presence: null id: AsJxP-4 to: analysis.request@conference.localhost/spring type: null showOrStatusOrPriority: [] any: [org.jabber.protocol.muc.X@37ac6816] | org.apache.activemq.transport.xmpp.ProtocolConverter | ActiveMQ Transport: tcp:///172.18.0.3:37724@61222
2025-10-29 03:07:42,686 | DEBUG | localhost adding consumer: ID:351d5895b329-37485-1761699249168-2:8:-1:3 for destination: topic://analysis.request | org.apache.activemq.broker.region.AbstractRegion | ActiveMQ Transport: tcp:///172.18.0.3:37724@61222
2025-10-29 03:07:42,688 | DEBUG | Setting the maximumPendingMessages size to: 1000 for consumer: ID:351d5895b329-37485-1761699249168-2:8:-1:3 | org.apache.activemq.broker.region.policy.PolicyEntry | ActiveMQ Transport: tcp:///172.18.0.3:37724@61222
2025-10-29 03:07:42,690 | DEBUG | Completed subscribe to destination: topic://analysis.request | org.apache.activemq.transport.xmpp.ProtocolConverter | ActiveMQ Transport: tcp:///172.18.0.3:37724@61222
2025-10-29 03:07:42,691 | DEBUG | Unmarshalled new incoming event - jabber.client.Message | org.apache.activemq.transport.xmpp.XmppTransport | ActiveMQ Transport: tcp:///172.18.0.3:37724@61222
2025-10-29 03:07:42,691 | DEBUG | Message from: null to: analysis.request@conference.localhost subjectOrBodyOrThread: [jabber.client.Body@c64a5b2] | org.apache.activemq.transport.xmpp.ProtocolConverter | ActiveMQ Transport: tcp:///172.18.0.3:37724@61222
2025-10-29 03:07:42,692 | INFO  | Setting reply to destination to: temp-queue://ID:351d5895b329-37485-1761699249168-2:8:1 | org.apache.activemq.transport.xmpp.ProtocolConverter | ActiveMQ Transport: tcp:///172.18.0.3:37724@61222
2025-10-29 03:07:42,692 | DEBUG | Sending ActiveMQ message: ActiveMQTextMessage {commandId = 0, responseRequired = false, messageId = ID:351d5895b329-37485-1761699249168-2:8:-1:1:1, originalDestination = null, originalTransactionId = null, producerId = ID:351d5895b329-37485-1761699249168-2:8:-1:1, destination = topic://analysis.request, transactionId = null, expiration = 0, timestamp = 1761707262691, arrival = 0, brokerInTime = 0, brokerOutTime = 0, correlationId = null, replyTo = temp-queue://ID:351d5895b329-37485-1761699249168-2:8:1, persistent = false, type = groupchat, priority = 0, groupID = null, groupSequence = 0, targetConsumerId = null, compressed = false, userID = null, content = null, marshalledProperties = null, dataStructure = null, redeliveryCounter = 0, size = 0, properties = {XMPPLang=null, XMPPFrom=null, XMPPID=AsJxP-5, XMPPTo=analysis.request@conference.localhost}, readOnlyProperties = false, readOnlyBody = false, droppable = false, text = {"name":"hotyDev1","email":"iiec1337.2@gmail....cket":"apk"}} | org.apache.activemq.transport.xmpp.ProtocolConverter | ActiveMQ Transport: tcp:///172.18.0.3:37724@61222
2025-10-29 03:07:42,694 | DEBUG | Completed send message | org.apache.activemq.transport.xmpp.ProtocolConverter | ActiveMQ Transport: tcp:///172.18.0.3:37724@61222
2025-10-29 03:07:43,987 | DEBUG | WriteChecker 10000 ms elapsed since last write check. | org.apache.activemq.transport.AbstractInactivityMonitor | ActiveMQ InactivityMonitor WriteCheckTimer
2025-10-29 03:07:43,997 | DEBUG | Running WriteCheck[tcp://172.18.0.3:33456] | org.apache.activemq.transport.AbstractInactivityMonitor | ActiveMQ InactivityMonitor Worker
2025-10-29 03:07:44,441 | DEBUG | Checkpoint started. | org.apache.activemq.store.kahadb.MessageDatabase | ActiveMQ Journal Checkpoint Worker
2025-10-29 03:07:44,484 | DEBUG | Checkpoint done. | org.apache.activemq.store.kahadb.MessageDatabase | ActiveMQ Journal Checkpoint Worker
2025-10-29 03:07:46,111 | DEBUG | WriteChecker 10000 ms elapsed since last write check. | org.apache.activemq.transport.AbstractInactivityMonitor | ActiveMQ InactivityMonitor WriteCheckTimer
2025-10-29 03:07:46,112 | DEBUG | Running WriteCheck[tcp://172.18.0.1:49490] | org.apache.activemq.transport.AbstractInactivityMonitor | ActiveMQ InactivityMonitor Worker
2025-10-29 03:07:46,139 | DEBUG | WriteChecker 10000 ms elapsed since last write check. | org.apache.activemq.transport.AbstractInactivityMonitor | ActiveMQ InactivityMonitor WriteCheckTimer
2025-10-29 03:07:49,488 | DEBUG | Checkpoint started. | org.apache.activemq.store.kahadb.MessageDatabase | ActiveMQ Journal Checkpoint Worker
2025-10-29 03:07:49,503 | DEBUG | Checkpoint done. | org.apache.activemq.store.kahadb.MessageDatabase | ActiveMQ Journal Checkpoint Worker
2025-10-29 03:07:49,936 | DEBUG | WriteChecker 10000 ms elapsed since last write check. | org.apache.activemq.transport.AbstractInactivityMonitor | ActiveMQ InactivityMonitor WriteCheckTimer
2025-10-29 03:07:50,086 | DEBUG | queue://analysis.queue expiring messages .. | org.apache.activemq.broker.region.Queue | ActiveMQ Broker[localhost] Scheduler
2025-10-29 03:07:50,086 | DEBUG | analysis.queue toPageIn: 0, Inflight: 0, pagedInMessages.size 0, enqueueCount: 2, dequeueCount: 2 | org.apache.activemq.broker.region.Queue | ActiveMQ Broker[localhost] Scheduler
2025-10-29 03:07:50,087 | DEBUG | queue://analysis.queue expiring messages done. | org.apache.activemq.broker.region.Queue | ActiveMQ Broker[localhost] Scheduler
2025-10-29 03:07:53,987 | DEBUG | 30000 ms elapsed since last read check. | org.apache.activemq.transport.AbstractInactivityMonitor | ActiveMQ InactivityMonitor ReadCheckTimer
2025-10-29 03:07:53,987 | DEBUG | WriteChecker 10000 ms elapsed since last write check. | org.apache.activemq.transport.AbstractInactivityMonitor | ActiveMQ InactivityMonitor WriteCheckTimer
2025-10-29 03:07:53,987 | DEBUG | Running WriteCheck[tcp://172.18.0.3:33456] | org.apache.activemq.transport.AbstractInactivityMonitor | ActiveMQ InactivityMonitor Worker
2025-10-29 03:07:54,503 | DEBUG | Checkpoint started. | org.apache.activemq.store.kahadb.MessageDatabase | ActiveMQ Journal Checkpoint Worker
2025-10-29 03:07:54,520 | DEBUG | Checkpoint done. | org.apache.activemq.store.kahadb.MessageDatabase | ActiveMQ Journal Checkpoint Worker
2025-10-29 03:07:56,081 | DEBUG | 30000 ms elapsed since last read check. | org.apache.activemq.transport.AbstractInactivityMonitor | ActiveMQ InactivityMonitor ReadCheckTimer
2025-10-29 03:07:56,111 | DEBUG | WriteChecker 10000 ms elapsed since last write check. | org.apache.activemq.transport.AbstractInactivityMonitor | ActiveMQ InactivityMonitor WriteCheckTimer
2025-10-29 03:07:56,112 | DEBUG | Running WriteCheck[tcp://172.18.0.1:49490] | org.apache.activemq.transport.AbstractInactivityMonitor | ActiveMQ InactivityMonitor Worker
2025-10-29 03:07:56,113 | DEBUG | 30000 ms elapsed since last read check. | org.apache.activemq.transport.AbstractInactivityMonitor | ActiveMQ InactivityMonitor ReadCheckTimer
2025-10-29 03:07:56,139 | DEBUG | WriteChecker 10000 ms elapsed since last write check. | org.apache.activemq.transport.AbstractInactivityMonitor | ActiveMQ InactivityMonitor WriteCheckTimer
2025-10-29 03:07:56,140 | DEBUG | Running WriteCheck[tcp://172.18.0.1:49496] | org.apache.activemq.transport.AbstractInactivityMonitor | ActiveMQ InactivityMonitor Worker
2025-10-29 03:07:59,522 | DEBUG | Checkpoint started. | org.apache.activemq.store.kahadb.MessageDatabase | ActiveMQ Journal Checkpoint Worker
2025-10-29 03:07:59,536 | DEBUG | Checkpoint done. | org.apache.activemq.store.kahadb.MessageDatabase | ActiveMQ Journal Checkpoint Worker
2025-10-29 03:07:59,857 | DEBUG | 30000 ms elapsed since last read check. | org.apache.activemq.transport.AbstractInactivityMonitor | ActiveMQ InactivityMonitor ReadCheckTimer
2025-10-29 03:07:59,936 | DEBUG | WriteChecker 10000 ms elapsed since last write check. | org.apache.activemq.transport.AbstractInactivityMonitor | ActiveMQ InactivityMonitor WriteCheckTimer
2025-10-29 03:07:59,936 | DEBUG | Running WriteCheck[tcp://172.18.0.1:40982] | org.apache.activemq.transport.AbstractInactivityMonitor | ActiveMQ InactivityMonitor Worker
2025-10-29 03:08:03,988 | DEBUG | WriteChecker 10001 ms elapsed since last write check. | org.apache.activemq.transport.AbstractInactivityMonitor | ActiveMQ InactivityMonitor WriteCheckTimer
2025-10-29 03:08:03,988 | DEBUG | Running WriteCheck[tcp://172.18.0.3:33456] | org.apache.activemq.transport.AbstractInactivityMonitor | ActiveMQ InactivityMonitor Worker
2025-10-29 03:08:04,538 | DEBUG | Checkpoint started. | org.apache.activemq.store.kahadb.MessageDatabase | ActiveMQ Journal Checkpoint Worker
2025-10-29 03:08:04,554 | DEBUG | Checkpoint done. | org.apache.activemq.store.kahadb.MessageDatabase | ActiveMQ Journal Checkpoint Worker
2025-10-29 03:08:06,112 | DEBUG | WriteChecker 10001 ms elapsed since last write check. | org.apache.activemq.transport.AbstractInactivityMonitor | ActiveMQ InactivityMonitor WriteCheckTimer
2025-10-29 03:08:06,113 | DEBUG | Running WriteCheck[tcp://172.18.0.1:49490] | org.apache.activemq.transport.AbstractInactivityMonitor | ActiveMQ InactivityMonitor Worker
2025-10-29 03:08:06,139 | DEBUG | WriteChecker 10000 ms elapsed since last write check. | org.apache.activemq.transport.AbstractInactivityMonitor | ActiveMQ InactivityMonitor WriteCheckTimer
2025-10-29 03:08:06,140 | DEBUG | Running WriteCheck[tcp://172.18.0.1:49496] | org.apache.activemq.transport.AbstractInactivityMonitor | ActiveMQ InactivityMonitor Worker
2025-10-29 03:08:09,498 | DEBUG | queue://Consumer.A.VirtualTopic.Analysis expiring messages .. | org.apache.activemq.broker.region.Queue | ActiveMQ Broker[localhost] Scheduler
2025-10-29 03:08:09,499 | DEBUG | Consumer.A.VirtualTopic.Analysis toPageIn: 0, Inflight: 0, pagedInMessages.size 0, enqueueCount: 0, dequeueCount: 0 | org.apache.activemq.broker.region.Queue | ActiveMQ Broker[localhost] Scheduler
2025-10-29 03:08:09,499 | DEBUG | queue://Consumer.A.VirtualTopic.Analysis expiring messages done. | org.apache.activemq.broker.region.Queue | ActiveMQ Broker[localhost] Scheduler
2025-10-29 03:08:09,550 | DEBUG | queue://queue.analysis expiring messages .. | org.apache.activemq.broker.region.Queue | ActiveMQ Broker[localhost] Scheduler
2025-10-29 03:08:09,550 | DEBUG | queue.analysis toPageIn: 0, Inflight: 0, pagedInMessages.size 0, enqueueCount: 0, dequeueCount: 0 | org.apache.activemq.broker.region.Queue | ActiveMQ Broker[localhost] Scheduler
2025-10-29 03:08:09,550 | DEBUG | queue://queue.analysis expiring messages done. | org.apache.activemq.broker.region.Queue | ActiveMQ Broker[localhost] Scheduler
2025-10-29 03:08:09,557 | DEBUG | Checkpoint started. | org.apache.activemq.store.kahadb.MessageDatabase | ActiveMQ Journal Checkpoint Worker
2025-10-29 03:08:09,571 | DEBUG | Checkpoint done. | org.apache.activemq.store.kahadb.MessageDatabase | ActiveMQ Journal Checkpoint Worker
2025-10-29 03:08:09,937 | DEBUG | WriteChecker 10001 ms elapsed since last write check. | org.apache.activemq.transport.AbstractInactivityMonitor | ActiveMQ InactivityMonitor WriteCheckTimer
2025-10-29 03:08:09,937 | DEBUG | Running WriteCheck[tcp://172.18.0.1:40982] | org.apache.activemq.transport.AbstractInactivityMonitor | ActiveMQ InactivityMonitor Worker
2025-10-29 03:08:11,790 | DEBUG | temp-queue://ID:351d5895b329-37485-1761699249168-2:8:1 expiring messages .. | org.apache.activemq.broker.region.Queue | ActiveMQ Broker[localhost] Scheduler
2025-10-29 03:08:11,791 | DEBUG | ID:351d5895b329-37485-1761699249168-2:8:1 toPageIn: 0, Inflight: 0, pagedInMessages.size 0, enqueueCount: 0, dequeueCount: 0 | org.apache.activemq.broker.region.Queue | ActiveMQ Broker[localhost] Scheduler
2025-10-29 03:08:11,792 | DEBUG | temp-queue://ID:351d5895b329-37485-1761699249168-2:8:1 expiring messages done. | org.apache.activemq.broker.region.Queue | ActiveMQ Broker[localhost] Scheduler
2025-10-29 03:08:13,988 | DEBUG | WriteChecker 10000 ms elapsed since last write check. | org.apache.activemq.transport.AbstractInactivityMonitor | ActiveMQ InactivityMonitor WriteCheckTimer
2025-10-29 03:08:13,989 | DEBUG | Running WriteCheck[tcp://172.18.0.3:33456] | org.apache.activemq.transport.AbstractInactivityMonitor | ActiveMQ InactivityMonitor Worker
2025-10-29 03:08:14,573 | DEBUG | Checkpoint started. | org.apache.activemq.store.kahadb.MessageDatabase | ActiveMQ Journal Checkpoint Worker
2025-10-29 03:08:14,590 | DEBUG | Checkpoint done. | org.apache.activemq.store.kahadb.MessageDatabase | ActiveMQ Journal Checkpoint Worker
2025-10-29 03:08:16,112 | DEBUG | WriteChecker 10000 ms elapsed since last write check. | org.apache.activemq.transport.AbstractInactivityMonitor | ActiveMQ InactivityMonitor WriteCheckTimer
2025-10-29 03:08:16,113 | DEBUG | Running WriteCheck[tcp://172.18.0.1:49490] | org.apache.activemq.transport.AbstractInactivityMonitor | ActiveMQ InactivityMonitor Worker
2025-10-29 03:08:16,139 | DEBUG | WriteChecker 10000 ms elapsed since last write check. | org.apache.activemq.transport.AbstractInactivityMonitor | ActiveMQ InactivityMonitor WriteCheckTimer
2025-10-29 03:08:16,140 | DEBUG | Running WriteCheck[tcp://172.18.0.1:49496] | org.apache.activemq.transport.AbstractInactivityMonitor | ActiveMQ InactivityMonitor Worker
2025-10-29 03:08:19,592 | DEBUG | Checkpoint started. | org.apache.activemq.store.kahadb.MessageDatabase | ActiveMQ Journal Checkpoint Worker
2025-10-29 03:08:19,605 | DEBUG | Checkpoint done. | org.apache.activemq.store.kahadb.MessageDatabase | ActiveMQ Journal Checkpoint Worker
2025-10-29 03:08:19,936 | DEBUG | WriteChecker 9999 ms elapsed since last write check. | org.apache.activemq.transport.AbstractInactivityMonitor | ActiveMQ InactivityMonitor WriteCheckTimer
2025-10-29 03:08:19,937 | DEBUG | Running WriteCheck[tcp://172.18.0.1:40982] | org.apache.activemq.transport.AbstractInactivityMonitor | ActiveMQ InactivityMonitor Worker
2025-10-29 03:08:20,086 | DEBUG | queue://analysis.queue expiring messages .. | org.apache.activemq.broker.region.Queue | ActiveMQ Broker[localhost] Scheduler
2025-10-29 03:08:20,086 | DEBUG | analysis.queue toPageIn: 0, Inflight: 0, pagedInMessages.size 0, enqueueCount: 2, dequeueCount: 2 | org.apache.activemq.broker.region.Queue | ActiveMQ Broker[localhost] Scheduler
2025-10-29 03:08:20,087 | DEBUG | queue://analysis.queue expiring messages done. | org.apache.activemq.broker.region.Queue | ActiveMQ Broker[localhost] Scheduler
2025-10-29 03:08:23,987 | DEBUG | 30000 ms elapsed since last read check. | org.apache.activemq.transport.AbstractInactivityMonitor | ActiveMQ InactivityMonitor ReadCheckTimer
2025-10-29 03:08:23,988 | DEBUG | WriteChecker 10000 ms elapsed since last write check. | org.apache.activemq.transport.AbstractInactivityMonitor | ActiveMQ InactivityMonitor WriteCheckTimer
2025-10-29 03:08:23,988 | DEBUG | Running WriteCheck[tcp://172.18.0.3:33456] | org.apache.activemq.transport.AbstractInactivityMonitor | ActiveMQ InactivityMonitor Worker
2025-10-29 03:08:24,601 | DEBUG | Checkpoint started. | org.apache.activemq.store.kahadb.MessageDatabase | ActiveMQ Journal Checkpoint Worker
2025-10-29 03:08:24,617 | DEBUG | Checkpoint done. | org.apache.activemq.store.kahadb.MessageDatabase | ActiveMQ Journal Checkpoint Worker
2025-10-29 03:08:26,082 | DEBUG | 30001 ms elapsed since last read check. | org.apache.activemq.transport.AbstractInactivityMonitor | ActiveMQ InactivityMonitor ReadCheckTimer
2025-10-29 03:08:26,112 | DEBUG | WriteChecker 10000 ms elapsed since last write check. | org.apache.activemq.transport.AbstractInactivityMonitor | ActiveMQ InactivityMonitor WriteCheckTimer
2025-10-29 03:08:26,113 | DEBUG | Running WriteCheck[tcp://172.18.0.1:49490] | org.apache.activemq.transport.AbstractInactivityMonitor | ActiveMQ InactivityMonitor Worker
2025-10-29 03:08:26,113 | DEBUG | 30000 ms elapsed since last read check. | org.apache.activemq.transport.AbstractInactivityMonitor | ActiveMQ InactivityMonitor ReadCheckTimer
2025-10-29 03:08:26,139 | DEBUG | WriteChecker 10000 ms elapsed since last write check. | org.apache.activemq.transport.AbstractInactivityMonitor | ActiveMQ InactivityMonitor WriteCheckTimer
2025-10-29 03:08:26,139 | DEBUG | Running WriteCheck[tcp://172.18.0.1:49496] | org.apache.activemq.transport.AbstractInactivityMonitor | ActiveMQ InactivityMonitor Worker
2025-10-29 03:08:29,619 | DEBUG | Checkpoint started. | org.apache.activemq.store.kahadb.MessageDatabase | ActiveMQ Journal Checkpoint Worker
2025-10-29 03:08:29,635 | DEBUG | Checkpoint done. | org.apache.activemq.store.kahadb.MessageDatabase | ActiveMQ Journal Checkpoint Worker
2025-10-29 03:08:29,858 | DEBUG | 30001 ms elapsed since last read check. | org.apache.activemq.transport.AbstractInactivityMonitor | ActiveMQ InactivityMonitor ReadCheckTimer
2025-10-29 03:08:29,936 | DEBUG | WriteChecker 10000 ms elapsed since last write check. | org.apache.activemq.transport.AbstractInactivityMonitor | ActiveMQ InactivityMonitor WriteCheckTimer
2025-10-29 03:08:29,937 | DEBUG | Running WriteCheck[tcp://172.18.0.1:40982] | org.apache.activemq.transport.AbstractInactivityMonitor | ActiveMQ InactivityMonitor Worker
2025-10-29 03:08:33,988 | DEBUG | WriteChecker 10000 ms elapsed since last write check. | org.apache.activemq.transport.AbstractInactivityMonitor | ActiveMQ InactivityMonitor WriteCheckTimer
2025-10-29 03:08:33,989 | DEBUG | Running WriteCheck[tcp://172.18.0.3:33456] | org.apache.activemq.transport.AbstractInactivityMonitor | ActiveMQ InactivityMonitor Worker
2025-10-29 03:08:34,637 | DEBUG | Checkpoint started. | org.apache.activemq.store.kahadb.MessageDatabase | ActiveMQ Journal Checkpoint Worker
2025-10-29 03:08:34,653 | DEBUG | Checkpoint done. | org.apache.activemq.store.kahadb.MessageDatabase | ActiveMQ Journal Checkpoint Worker
2025-10-29 03:08:36,112 | DEBUG | WriteChecker 10000 ms elapsed since last write check. | org.apache.activemq.transport.AbstractInactivityMonitor | ActiveMQ InactivityMonitor WriteCheckTimer
2025-10-29 03:08:36,113 | DEBUG | Running WriteCheck[tcp://172.18.0.1:49490] | org.apache.activemq.transport.AbstractInactivityMonitor | ActiveMQ InactivityMonitor Worker
2025-10-29 03:08:36,139 | DEBUG | WriteChecker 10000 ms elapsed since last write check. | org.apache.activemq.transport.AbstractInactivityMonitor | ActiveMQ InactivityMonitor WriteCheckTimer
2025-10-29 03:08:36,139 | DEBUG | Running WriteCheck[tcp://172.18.0.1:49496] | org.apache.activemq.transport.AbstractInactivityMonitor | ActiveMQ InactivityMonitor Worker
2025-10-29 03:08:39,498 | DEBUG | queue://Consumer.A.VirtualTopic.Analysis expiring messages .. | org.apache.activemq.broker.region.Queue | ActiveMQ Broker[localhost] Scheduler
2025-10-29 03:08:39,499 | DEBUG | Consumer.A.VirtualTopic.Analysis toPageIn: 0, Inflight: 0, pagedInMessages.size 0, enqueueCount: 0, dequeueCount: 0 | org.apache.activemq.broker.region.Queue | ActiveMQ Broker[localhost] Scheduler
2025-10-29 03:08:39,501 | DEBUG | queue://Consumer.A.VirtualTopic.Analysis expiring messages done. | org.apache.activemq.broker.region.Queue | ActiveMQ Broker[localhost] Scheduler
2025-10-29 03:08:39,550 | DEBUG | queue://queue.analysis expiring messages .. | org.apache.activemq.broker.region.Queue | ActiveMQ Broker[localhost] Scheduler
2025-10-29 03:08:39,550 | DEBUG | queue.analysis toPageIn: 0, Inflight: 0, pagedInMessages.size 0, enqueueCount: 0, dequeueCount: 0 | org.apache.activemq.broker.region.Queue | ActiveMQ Broker[localhost] Scheduler
2025-10-29 03:08:39,551 | DEBUG | queue://queue.analysis expiring messages done. | org.apache.activemq.broker.region.Queue | ActiveMQ Broker[localhost] Scheduler
2025-10-29 03:08:39,655 | DEBUG | Checkpoint started. | org.apache.activemq.store.kahadb.MessageDatabase | ActiveMQ Journal Checkpoint Worker
2025-10-29 03:08:39,668 | DEBUG | Checkpoint done. | org.apache.activemq.store.kahadb.MessageDatabase | ActiveMQ Journal Checkpoint Worker
2025-10-29 03:08:39,937 | DEBUG | WriteChecker 10001 ms elapsed since last write check. | org.apache.activemq.transport.AbstractInactivityMonitor | ActiveMQ InactivityMonitor WriteCheckTimer
2025-10-29 03:08:39,937 | DEBUG | Running WriteCheck[tcp://172.18.0.1:40982] | org.apache.activemq.transport.AbstractInactivityMonitor | ActiveMQ InactivityMonitor Worker
2025-10-29 03:08:41,791 | DEBUG | temp-queue://ID:351d5895b329-37485-1761699249168-2:8:1 expiring messages .. | org.apache.activemq.broker.region.Queue | ActiveMQ Broker[localhost] Scheduler
2025-10-29 03:08:41,791 | DEBUG | ID:351d5895b329-37485-1761699249168-2:8:1 toPageIn: 0, Inflight: 0, pagedInMessages.size 0, enqueueCount: 0, dequeueCount: 0 | org.apache.activemq.broker.region.Queue | ActiveMQ Broker[localhost] Scheduler
2025-10-29 03:08:41,791 | DEBUG | temp-queue://ID:351d5895b329-37485-1761699249168-2:8:1 expiring messages done. | org.apache.activemq.broker.region.Queue | ActiveMQ Broker[localhost] Scheduler
2025-10-29 03:08:43,988 | DEBUG | WriteChecker 10000 ms elapsed since last write check. | org.apache.activemq.transport.AbstractInactivityMonitor | ActiveMQ InactivityMonitor WriteCheckTimer
2025-10-29 03:08:43,989 | DEBUG | Running WriteCheck[tcp://172.18.0.3:33456] | org.apache.activemq.transport.AbstractInactivityMonitor | ActiveMQ InactivityMonitor Worker
2025-10-29 03:08:44,670 | DEBUG | Checkpoint started. | org.apache.activemq.store.kahadb.MessageDatabase | ActiveMQ Journal Checkpoint Worker
2025-10-29 03:08:44,685 | DEBUG | Checkpoint done. | org.apache.activemq.store.kahadb.MessageDatabase | ActiveMQ Journal Checkpoint Worker
2025-10-29 03:08:46,112 | DEBUG | WriteChecker 10000 ms elapsed since last write check. | org.apache.activemq.transport.AbstractInactivityMonitor | ActiveMQ InactivityMonitor WriteCheckTimer
2025-10-29 03:08:46,112 | DEBUG | Running WriteCheck[tcp://172.18.0.1:49490] | org.apache.activemq.transport.AbstractInactivityMonitor | ActiveMQ InactivityMonitor Worker
2025-10-29 03:08:46,140 | DEBUG | WriteChecker 10001 ms elapsed since last write check. | org.apache.activemq.transport.AbstractInactivityMonitor | ActiveMQ InactivityMonitor WriteCheckTimer
2025-10-29 03:08:46,140 | DEBUG | Running WriteCheck[tcp://172.18.0.1:49496] | org.apache.activemq.transport.AbstractInactivityMonitor | ActiveMQ InactivityMonitor Worker
2025-10-29 03:08:49,686 | DEBUG | Checkpoint started. | org.apache.activemq.store.kahadb.MessageDatabase | ActiveMQ Journal Checkpoint Worker
2025-10-29 03:08:49,700 | DEBUG | Checkpoint done. | org.apache.activemq.store.kahadb.MessageDatabase | ActiveMQ Journal Checkpoint Worker
2025-10-29 03:08:49,937 | DEBUG | WriteChecker 10000 ms elapsed since last write check. | org.apache.activemq.transport.AbstractInactivityMonitor | ActiveMQ InactivityMonitor WriteCheckTimer
2025-10-29 03:08:49,938 | DEBUG | Running WriteCheck[tcp://172.18.0.1:40982] | org.apache.activemq.transport.AbstractInactivityMonitor | ActiveMQ InactivityMonitor Worker
2025-10-29 03:08:50,086 | DEBUG | queue://analysis.queue expiring messages .. | org.apache.activemq.broker.region.Queue | ActiveMQ Broker[localhost] Scheduler
2025-10-29 03:08:50,087 | DEBUG | analysis.queue toPageIn: 0, Inflight: 0, pagedInMessages.size 0, enqueueCount: 2, dequeueCount: 2 | org.apache.activemq.broker.region.Queue | ActiveMQ Broker[localhost] Scheduler
2025-10-29 03:08:50,087 | DEBUG | queue://analysis.queue expiring messages done. | org.apache.activemq.broker.region.Queue | ActiveMQ Broker[localhost] Scheduler
2025-10-29 03:08:53,989 | DEBUG | 30002 ms elapsed since last read check. | org.apache.activemq.transport.AbstractInactivityMonitor | ActiveMQ InactivityMonitor ReadCheckTimer
2025-10-29 03:08:53,990 | DEBUG | WriteChecker 10002 ms elapsed since last write check. | org.apache.activemq.transport.AbstractInactivityMonitor | ActiveMQ InactivityMonitor WriteCheckTimer
2025-10-29 03:08:53,990 | DEBUG | Running WriteCheck[tcp://172.18.0.3:33456] | org.apache.activemq.transport.AbstractInactivityMonitor | ActiveMQ InactivityMonitor Worker
2025-10-29 03:08:54,705 | DEBUG | Checkpoint started. | org.apache.activemq.store.kahadb.MessageDatabase | ActiveMQ Journal Checkpoint Worker
2025-10-29 03:08:54,720 | DEBUG | Checkpoint done. | org.apache.activemq.store.kahadb.MessageDatabase | ActiveMQ Journal Checkpoint Worker
2025-10-29 03:08:56,082 | DEBUG | 30000 ms elapsed since last read check. | org.apache.activemq.transport.AbstractInactivityMonitor | ActiveMQ InactivityMonitor ReadCheckTimer
2025-10-29 03:08:56,112 | DEBUG | WriteChecker 10000 ms elapsed since last write check. | org.apache.activemq.transport.AbstractInactivityMonitor | ActiveMQ InactivityMonitor WriteCheckTimer
2025-10-29 03:08:56,113 | DEBUG | Running WriteCheck[tcp://172.18.0.1:49490] | org.apache.activemq.transport.AbstractInactivityMonitor | ActiveMQ InactivityMonitor Worker
2025-10-29 03:08:56,113 | DEBUG | 30000 ms elapsed since last read check. | org.apache.activemq.transport.AbstractInactivityMonitor | ActiveMQ InactivityMonitor ReadCheckTimer
2025-10-29 03:08:56,140 | DEBUG | WriteChecker 10000 ms elapsed since last write check. | org.apache.activemq.transport.AbstractInactivityMonitor | ActiveMQ InactivityMonitor WriteCheckTimer
2025-10-29 03:08:56,140 | DEBUG | Running WriteCheck[tcp://172.18.0.1:49496] | org.apache.activemq.transport.AbstractInactivityMonitor | ActiveMQ InactivityMonitor Worker
2025-10-29 03:08:59,723 | DEBUG | Checkpoint started. | org.apache.activemq.store.kahadb.MessageDatabase | ActiveMQ Journal Checkpoint Worker
2025-10-29 03:08:59,736 | DEBUG | Checkpoint done. | org.apache.activemq.store.kahadb.MessageDatabase | ActiveMQ Journal Checkpoint Worker
2025-10-29 03:08:59,859 | DEBUG | 30001 ms elapsed since last read check. | org.apache.activemq.transport.AbstractInactivityMonitor | ActiveMQ InactivityMonitor ReadCheckTimer
2025-10-29 03:08:59,938 | DEBUG | WriteChecker 10001 ms elapsed since last write check. | org.apache.activemq.transport.AbstractInactivityMonitor | ActiveMQ InactivityMonitor WriteCheckTimer
2025-10-29 03:08:59,938 | DEBUG | Running WriteCheck[tcp://172.18.0.1:40982] | org.apache.activemq.transport.AbstractInactivityMonitor | ActiveMQ InactivityMonitor Worker
2025-10-29 03:09:03,990 | DEBUG | WriteChecker 10000 ms elapsed since last write check. | org.apache.activemq.transport.AbstractInactivityMonitor | ActiveMQ InactivityMonitor WriteCheckTimer
2025-10-29 03:09:03,992 | DEBUG | Running WriteCheck[tcp://172.18.0.3:33456] | org.apache.activemq.transport.AbstractInactivityMonitor | ActiveMQ InactivityMonitor Worker
2025-10-29 03:09:04,738 | DEBUG | Checkpoint started. | org.apache.activemq.store.kahadb.MessageDatabase | ActiveMQ Journal Checkpoint Worker
2025-10-29 03:09:04,751 | DEBUG | Checkpoint done. | org.apache.activemq.store.kahadb.MessageDatabase | ActiveMQ Journal Checkpoint Worker
2025-10-29 03:09:06,112 | DEBUG | WriteChecker 10000 ms elapsed since last write check. | org.apache.activemq.transport.AbstractInactivityMonitor | ActiveMQ InactivityMonitor WriteCheckTimer
2025-10-29 03:09:06,112 | DEBUG | Running WriteCheck[tcp://172.18.0.1:49490] | org.apache.activemq.transport.AbstractInactivityMonitor | ActiveMQ InactivityMonitor Worker
2025-10-29 03:09:06,140 | DEBUG | WriteChecker 10000 ms elapsed since last write check. | org.apache.activemq.transport.AbstractInactivityMonitor | ActiveMQ InactivityMonitor WriteCheckTimer
2025-10-29 03:09:06,141 | DEBUG | Running WriteCheck[tcp://172.18.0.1:49496] | org.apache.activemq.transport.AbstractInactivityMonitor | ActiveMQ InactivityMonitor Worker
2025-10-29 03:09:09,498 | DEBUG | queue://Consumer.A.VirtualTopic.Analysis expiring messages .. | org.apache.activemq.broker.region.Queue | ActiveMQ Broker[localhost] Scheduler
2025-10-29 03:09:09,498 | DEBUG | Consumer.A.VirtualTopic.Analysis toPageIn: 0, Inflight: 0, pagedInMessages.size 0, enqueueCount: 0, dequeueCount: 0 | org.apache.activemq.broker.region.Queue | ActiveMQ Broker[localhost] Scheduler
2025-10-29 03:09:09,499 | DEBUG | queue://Consumer.A.VirtualTopic.Analysis expiring messages done. | org.apache.activemq.broker.region.Queue | ActiveMQ Broker[localhost] Scheduler
2025-10-29 03:09:09,550 | DEBUG | queue://queue.analysis expiring messages .. | org.apache.activemq.broker.region.Queue | ActiveMQ Broker[localhost] Scheduler
2025-10-29 03:09:09,551 | DEBUG | queue.analysis toPageIn: 0, Inflight: 0, pagedInMessages.size 0, enqueueCount: 0, dequeueCount: 0 | org.apache.activemq.broker.region.Queue | ActiveMQ Broker[localhost] Scheduler
2025-10-29 03:09:09,551 | DEBUG | queue://queue.analysis expiring messages done. | org.apache.activemq.broker.region.Queue | ActiveMQ Broker[localhost] Scheduler
2025-10-29 03:09:09,754 | DEBUG | Checkpoint started. | org.apache.activemq.store.kahadb.MessageDatabase | ActiveMQ Journal Checkpoint Worker
2025-10-29 03:09:09,769 | DEBUG | Checkpoint done. | org.apache.activemq.store.kahadb.MessageDatabase | ActiveMQ Journal Checkpoint Worker
2025-10-29 03:09:09,938 | DEBUG | WriteChecker 10000 ms elapsed since last write check. | org.apache.activemq.transport.AbstractInactivityMonitor | ActiveMQ InactivityMonitor WriteCheckTimer
2025-10-29 03:09:09,939 | DEBUG | Running WriteCheck[tcp://172.18.0.1:40982] | org.apache.activemq.transport.AbstractInactivityMonitor | ActiveMQ InactivityMonitor Worker
2025-10-29 03:09:11,791 | DEBUG | temp-queue://ID:351d5895b329-37485-1761699249168-2:8:1 expiring messages .. | org.apache.activemq.broker.region.Queue | ActiveMQ Broker[localhost] Scheduler
2025-10-29 03:09:11,791 | DEBUG | ID:351d5895b329-37485-1761699249168-2:8:1 toPageIn: 0, Inflight: 0, pagedInMessages.size 0, enqueueCount: 0, dequeueCount: 0 | org.apache.activemq.broker.region.Queue | ActiveMQ Broker[localhost] Scheduler
2025-10-29 03:09:11,792 | DEBUG | temp-queue://ID:351d5895b329-37485-1761699249168-2:8:1 expiring messages done. | org.apache.activemq.broker.region.Queue | ActiveMQ Broker[localhost] Scheduler
2025-10-29 03:09:13,990 | DEBUG | WriteChecker 10000 ms elapsed since last write check. | org.apache.activemq.transport.AbstractInactivityMonitor | ActiveMQ InactivityMonitor WriteCheckTimer
2025-10-29 03:09:13,991 | DEBUG | Running WriteCheck[tcp://172.18.0.3:33456] | org.apache.activemq.transport.AbstractInactivityMonitor | ActiveMQ InactivityMonitor Worker
2025-10-29 03:09:14,771 | DEBUG | Checkpoint started. | org.apache.activemq.store.kahadb.MessageDatabase | ActiveMQ Journal Checkpoint Worker
2025-10-29 03:09:14,786 | DEBUG | Checkpoint done. | org.apache.activemq.store.kahadb.MessageDatabase | ActiveMQ Journal Checkpoint Worker
2025-10-29 03:09:15,401 | DEBUG | Unmarshalled new incoming event - jabber.client.Presence | org.apache.activemq.transport.xmpp.XmppTransport | ActiveMQ Transport: tcp:///172.18.0.3:37724@61222
2025-10-29 03:09:15,401 | DEBUG | Presence: null id: AsJxP-6 to: analysis.request@conference.localhost/spring type: null showOrStatusOrPriority: [] any: [org.jabber.protocol.muc.X@4f29f5c5] | org.apache.activemq.transport.xmpp.ProtocolConverter | ActiveMQ Transport: tcp:///172.18.0.3:37724@61222
2025-10-29 03:09:15,403 | DEBUG | Unmarshalled new incoming event - jabber.client.Message | org.apache.activemq.transport.xmpp.XmppTransport | ActiveMQ Transport: tcp:///172.18.0.3:37724@61222
2025-10-29 03:09:15,403 | DEBUG | Message from: null to: analysis.request@conference.localhost subjectOrBodyOrThread: [jabber.client.Body@11ef61e1] | org.apache.activemq.transport.xmpp.ProtocolConverter | ActiveMQ Transport: tcp:///172.18.0.3:37724@61222
2025-10-29 03:09:15,403 | INFO  | Setting reply to destination to: temp-queue://ID:351d5895b329-37485-1761699249168-2:8:1 | org.apache.activemq.transport.xmpp.ProtocolConverter | ActiveMQ Transport: tcp:///172.18.0.3:37724@61222
2025-10-29 03:09:15,404 | DEBUG | Sending ActiveMQ message: ActiveMQTextMessage {commandId = 0, responseRequired = false, messageId = ID:351d5895b329-37485-1761699249168-2:8:-1:1:2, originalDestination = null, originalTransactionId = null, producerId = ID:351d5895b329-37485-1761699249168-2:8:-1:1, destination = topic://analysis.request, transactionId = null, expiration = 0, timestamp = 1761707355403, arrival = 0, brokerInTime = 0, brokerOutTime = 0, correlationId = null, replyTo = temp-queue://ID:351d5895b329-37485-1761699249168-2:8:1, persistent = false, type = groupchat, priority = 0, groupID = null, groupSequence = 0, targetConsumerId = null, compressed = false, userID = null, content = null, marshalledProperties = null, dataStructure = null, redeliveryCounter = 0, size = 0, properties = {XMPPLang=null, XMPPFrom=null, XMPPID=AsJxP-7, XMPPTo=analysis.request@conference.localhost}, readOnlyProperties = false, readOnlyBody = false, droppable = false, text = {"name":"hotyDev1","email":"iiec1337.2@gmail....cket":"apk"}} | org.apache.activemq.transport.xmpp.ProtocolConverter | ActiveMQ Transport: tcp:///172.18.0.3:37724@61222
2025-10-29 03:09:15,405 | DEBUG | Completed send message | org.apache.activemq.transport.xmpp.ProtocolConverter | ActiveMQ Transport: tcp:///172.18.0.3:37724@61222
2025-10-29 03:09:15,558 | DEBUG | localhost Message ID:Vyacheslav-65323-1761704775945-1:1:1:1:3 sent to queue://analysis.queue | org.apache.activemq.broker.region.Queue | ActiveMQ Transport: tcp:///172.18.0.1:49490@61616
2025-10-29 03:09:15,559 | DEBUG | analysis.queue toPageIn: 1, Inflight: 0, pagedInMessages.size 0, enqueueCount: 3, dequeueCount: 2 | org.apache.activemq.broker.region.Queue | ActiveMQ BrokerService[localhost] Task-41
2025-10-29 03:09:16,112 | DEBUG | WriteChecker 10000 ms elapsed since last write check. | org.apache.activemq.transport.AbstractInactivityMonitor | ActiveMQ InactivityMonitor WriteCheckTimer
2025-10-29 03:09:16,140 | DEBUG | WriteChecker 10000 ms elapsed since last write check. | org.apache.activemq.transport.AbstractInactivityMonitor | ActiveMQ InactivityMonitor WriteCheckTimer
2025-10-29 03:09:19,788 | DEBUG | Checkpoint started. | org.apache.activemq.store.kahadb.MessageDatabase | ActiveMQ Journal Checkpoint Worker
2025-10-29 03:09:19,816 | DEBUG | Checkpoint done. | org.apache.activemq.store.kahadb.MessageDatabase | ActiveMQ Journal Checkpoint Worker
2025-10-29 03:09:19,938 | DEBUG | WriteChecker 10000 ms elapsed since last write check. | org.apache.activemq.transport.AbstractInactivityMonitor | ActiveMQ InactivityMonitor WriteCheckTimer
2025-10-29 03:09:20,086 | DEBUG | queue://analysis.queue expiring messages .. | org.apache.activemq.broker.region.Queue | ActiveMQ Broker[localhost] Scheduler
2025-10-29 03:09:20,087 | DEBUG | analysis.queue toPageIn: 0, Inflight: 0, pagedInMessages.size 0, enqueueCount: 3, dequeueCount: 3 | org.apache.activemq.broker.region.Queue | ActiveMQ Broker[localhost] Scheduler
2025-10-29 03:09:20,087 | DEBUG | queue://analysis.queue expiring messages done. | org.apache.activemq.broker.region.Queue | ActiveMQ Broker[localhost] Scheduler
2025-10-29 03:09:23,989 | DEBUG | 30000 ms elapsed since last read check. | org.apache.activemq.transport.AbstractInactivityMonitor | ActiveMQ InactivityMonitor ReadCheckTimer
2025-10-29 03:09:23,990 | DEBUG | WriteChecker 10000 ms elapsed since last write check. | org.apache.activemq.transport.AbstractInactivityMonitor | ActiveMQ InactivityMonitor WriteCheckTimer
2025-10-29 03:09:24,817 | DEBUG | Checkpoint started. | org.apache.activemq.store.kahadb.MessageDatabase | ActiveMQ Journal Checkpoint Worker
2025-10-29 03:09:24,833 | DEBUG | Checkpoint done. | org.apache.activemq.store.kahadb.MessageDatabase | ActiveMQ Journal Checkpoint Worker
2025-10-29 03:09:26,082 | DEBUG | 30000 ms elapsed since last read check. | org.apache.activemq.transport.AbstractInactivityMonitor | ActiveMQ InactivityMonitor ReadCheckTimer
2025-10-29 03:09:26,112 | DEBUG | WriteChecker 10000 ms elapsed since last write check. | org.apache.activemq.transport.AbstractInactivityMonitor | ActiveMQ InactivityMonitor WriteCheckTimer
2025-10-29 03:09:26,113 | DEBUG | 30000 ms elapsed since last read check. | org.apache.activemq.transport.AbstractInactivityMonitor | ActiveMQ InactivityMonitor ReadCheckTimer
2025-10-29 03:09:26,114 | DEBUG | Running WriteCheck[tcp://172.18.0.1:49490] | org.apache.activemq.transport.AbstractInactivityMonitor | ActiveMQ InactivityMonitor Worker
2025-10-29 03:09:26,141 | DEBUG | WriteChecker 10001 ms elapsed since last write check. | org.apache.activemq.transport.AbstractInactivityMonitor | ActiveMQ InactivityMonitor WriteCheckTimer
2025-10-29 03:09:26,141 | DEBUG | Running WriteCheck[tcp://172.18.0.1:49496] | org.apache.activemq.transport.AbstractInactivityMonitor | ActiveMQ InactivityMonitor Worker
2025-10-29 03:09:29,838 | DEBUG | Checkpoint started. | org.apache.activemq.store.kahadb.MessageDatabase | ActiveMQ Journal Checkpoint Worker
2025-10-29 03:09:29,855 | DEBUG | Checkpoint done. | org.apache.activemq.store.kahadb.MessageDatabase | ActiveMQ Journal Checkpoint Worker
2025-10-29 03:09:29,860 | DEBUG | 30001 ms elapsed since last read check. | org.apache.activemq.transport.AbstractInactivityMonitor | ActiveMQ InactivityMonitor ReadCheckTimer
2025-10-29 03:09:29,938 | DEBUG | WriteChecker 10000 ms elapsed since last write check. | org.apache.activemq.transport.AbstractInactivityMonitor | ActiveMQ InactivityMonitor WriteCheckTimer
2025-10-29 03:09:29,940 | DEBUG | Running WriteCheck[tcp://172.18.0.1:40982] | org.apache.activemq.transport.AbstractInactivityMonitor | ActiveMQ InactivityMonitor Worker
2025-10-29 03:09:33,990 | DEBUG | WriteChecker 10000 ms elapsed since last write check. | org.apache.activemq.transport.AbstractInactivityMonitor | ActiveMQ InactivityMonitor WriteCheckTimer
2025-10-29 03:09:33,991 | DEBUG | Running WriteCheck[tcp://172.18.0.3:33456] | org.apache.activemq.transport.AbstractInactivityMonitor | ActiveMQ InactivityMonitor Worker
2025-10-29 03:09:34,859 | DEBUG | Checkpoint started. | org.apache.activemq.store.kahadb.MessageDatabase | ActiveMQ Journal Checkpoint Worker
2025-10-29 03:09:34,871 | DEBUG | Checkpoint done. | org.apache.activemq.store.kahadb.MessageDatabase | ActiveMQ Journal Checkpoint Worker
2025-10-29 03:09:36,113 | DEBUG | WriteChecker 10001 ms elapsed since last write check. | org.apache.activemq.transport.AbstractInactivityMonitor | ActiveMQ InactivityMonitor WriteCheckTimer
2025-10-29 03:09:36,114 | DEBUG | Running WriteCheck[tcp://172.18.0.1:49490] | org.apache.activemq.transport.AbstractInactivityMonitor | ActiveMQ InactivityMonitor Worker
2025-10-29 03:09:36,141 | DEBUG | WriteChecker 10000 ms elapsed since last write check. | org.apache.activemq.transport.AbstractInactivityMonitor | ActiveMQ InactivityMonitor WriteCheckTimer
2025-10-29 03:09:36,142 | DEBUG | Running WriteCheck[tcp://172.18.0.1:49496] | org.apache.activemq.transport.AbstractInactivityMonitor | ActiveMQ InactivityMonitor Worker
2025-10-29 03:09:39,498 | DEBUG | queue://Consumer.A.VirtualTopic.Analysis expiring messages .. | org.apache.activemq.broker.region.Queue | ActiveMQ Broker[localhost] Scheduler
2025-10-29 03:09:39,499 | DEBUG | Consumer.A.VirtualTopic.Analysis toPageIn: 0, Inflight: 0, pagedInMessages.size 0, enqueueCount: 0, dequeueCount: 0 | org.apache.activemq.broker.region.Queue | ActiveMQ Broker[localhost] Scheduler
2025-10-29 03:09:39,504 | DEBUG | queue://Consumer.A.VirtualTopic.Analysis expiring messages done. | org.apache.activemq.broker.region.Queue | ActiveMQ Broker[localhost] Scheduler
2025-10-29 03:09:39,550 | DEBUG | queue://queue.analysis expiring messages .. | org.apache.activemq.broker.region.Queue | ActiveMQ Broker[localhost] Scheduler
2025-10-29 03:09:39,551 | DEBUG | queue.analysis toPageIn: 0, Inflight: 0, pagedInMessages.size 0, enqueueCount: 0, dequeueCount: 0 | org.apache.activemq.broker.region.Queue | ActiveMQ Broker[localhost] Scheduler
2025-10-29 03:09:39,552 | DEBUG | queue://queue.analysis expiring messages done. | org.apache.activemq.broker.region.Queue | ActiveMQ Broker[localhost] Scheduler
2025-10-29 03:09:39,874 | DEBUG | Checkpoint started. | org.apache.activemq.store.kahadb.MessageDatabase | ActiveMQ Journal Checkpoint Worker
2025-10-29 03:09:39,891 | DEBUG | Checkpoint done. | org.apache.activemq.store.kahadb.MessageDatabase | ActiveMQ Journal Checkpoint Worker
2025-10-29 03:09:39,939 | DEBUG | WriteChecker 10001 ms elapsed since last write check. | org.apache.activemq.transport.AbstractInactivityMonitor | ActiveMQ InactivityMonitor WriteCheckTimer
2025-10-29 03:09:39,940 | DEBUG | Running WriteCheck[tcp://172.18.0.1:40982] | org.apache.activemq.transport.AbstractInactivityMonitor | ActiveMQ InactivityMonitor Worker
2025-10-29 03:09:41,791 | DEBUG | temp-queue://ID:351d5895b329-37485-1761699249168-2:8:1 expiring messages .. | org.apache.activemq.broker.region.Queue | ActiveMQ Broker[localhost] Scheduler
2025-10-29 03:09:41,792 | DEBUG | ID:351d5895b329-37485-1761699249168-2:8:1 toPageIn: 0, Inflight: 0, pagedInMessages.size 0, enqueueCount: 0, dequeueCount: 0 | org.apache.activemq.broker.region.Queue | ActiveMQ Broker[localhost] Scheduler
2025-10-29 03:09:41,793 | DEBUG | temp-queue://ID:351d5895b329-37485-1761699249168-2:8:1 expiring messages done. | org.apache.activemq.broker.region.Queue | ActiveMQ Broker[localhost] Scheduler
2025-10-29 03:09:43,991 | DEBUG | WriteChecker 10001 ms elapsed since last write check. | org.apache.activemq.transport.AbstractInactivityMonitor | ActiveMQ InactivityMonitor WriteCheckTimer
2025-10-29 03:09:43,992 | DEBUG | Running WriteCheck[tcp://172.18.0.3:33456] | org.apache.activemq.transport.AbstractInactivityMonitor | ActiveMQ InactivityMonitor Worker
2025-10-29 03:09:44,896 | DEBUG | Checkpoint started. | org.apache.activemq.store.kahadb.MessageDatabase | ActiveMQ Journal Checkpoint Worker
2025-10-29 03:09:44,912 | DEBUG | Checkpoint done. | org.apache.activemq.store.kahadb.MessageDatabase | ActiveMQ Journal Checkpoint Worker
2025-10-29 03:09:46,113 | DEBUG | WriteChecker 10000 ms elapsed since last write check. | org.apache.activemq.transport.AbstractInactivityMonitor | ActiveMQ InactivityMonitor WriteCheckTimer
2025-10-29 03:09:46,114 | DEBUG | Running WriteCheck[tcp://172.18.0.1:49490] | org.apache.activemq.transport.AbstractInactivityMonitor | ActiveMQ InactivityMonitor Worker
2025-10-29 03:09:46,141 | DEBUG | WriteChecker 10000 ms elapsed since last write check. | org.apache.activemq.transport.AbstractInactivityMonitor | ActiveMQ InactivityMonitor WriteCheckTimer
2025-10-29 03:09:46,142 | DEBUG | Running WriteCheck[tcp://172.18.0.1:49496] | org.apache.activemq.transport.AbstractInactivityMonitor | ActiveMQ InactivityMonitor Worker
2025-10-29 03:09:49,917 | DEBUG | Checkpoint started. | org.apache.activemq.store.kahadb.MessageDatabase | ActiveMQ Journal Checkpoint Worker
2025-10-29 03:09:49,931 | DEBUG | Checkpoint done. | org.apache.activemq.store.kahadb.MessageDatabase | ActiveMQ Journal Checkpoint Worker
2025-10-29 03:09:49,939 | DEBUG | WriteChecker 10000 ms elapsed since last write check. | org.apache.activemq.transport.AbstractInactivityMonitor | ActiveMQ InactivityMonitor WriteCheckTimer
2025-10-29 03:09:49,940 | DEBUG | Running WriteCheck[tcp://172.18.0.1:40982] | org.apache.activemq.transport.AbstractInactivityMonitor | ActiveMQ InactivityMonitor Worker
2025-10-29 03:09:50,087 | DEBUG | queue://analysis.queue expiring messages .. | org.apache.activemq.broker.region.Queue | ActiveMQ Broker[localhost] Scheduler
2025-10-29 03:09:50,088 | DEBUG | analysis.queue toPageIn: 0, Inflight: 0, pagedInMessages.size 0, enqueueCount: 3, dequeueCount: 3 | org.apache.activemq.broker.region.Queue | ActiveMQ Broker[localhost] Scheduler
2025-10-29 03:09:50,088 | DEBUG | queue://analysis.queue expiring messages done. | org.apache.activemq.broker.region.Queue | ActiveMQ Broker[localhost] Scheduler
2025-10-29 03:09:53,989 | DEBUG | 30000 ms elapsed since last read check. | org.apache.activemq.transport.AbstractInactivityMonitor | ActiveMQ InactivityMonitor ReadCheckTimer
2025-10-29 03:09:53,991 | DEBUG | WriteChecker 10000 ms elapsed since last write check. | org.apache.activemq.transport.AbstractInactivityMonitor | ActiveMQ InactivityMonitor WriteCheckTimer
2025-10-29 03:09:53,991 | DEBUG | Running WriteCheck[tcp://172.18.0.3:33456] | org.apache.activemq.transport.AbstractInactivityMonitor | ActiveMQ InactivityMonitor Worker
2025-10-29 03:09:54,933 | DEBUG | Checkpoint started. | org.apache.activemq.store.kahadb.MessageDatabase | ActiveMQ Journal Checkpoint Worker
2025-10-29 03:09:54,948 | DEBUG | Checkpoint done. | org.apache.activemq.store.kahadb.MessageDatabase | ActiveMQ Journal Checkpoint Worker
2025-10-29 03:09:56,082 | DEBUG | 30000 ms elapsed since last read check. | org.apache.activemq.transport.AbstractInactivityMonitor | ActiveMQ InactivityMonitor ReadCheckTimer
2025-10-29 03:09:56,113 | DEBUG | WriteChecker 10000 ms elapsed since last write check. | org.apache.activemq.transport.AbstractInactivityMonitor | ActiveMQ InactivityMonitor WriteCheckTimer
2025-10-29 03:09:56,113 | DEBUG | 30000 ms elapsed since last read check. | org.apache.activemq.transport.AbstractInactivityMonitor | ActiveMQ InactivityMonitor ReadCheckTimer
2025-10-29 03:09:56,114 | DEBUG | Running WriteCheck[tcp://172.18.0.1:49490] | org.apache.activemq.transport.AbstractInactivityMonitor | ActiveMQ InactivityMonitor Worker
2025-10-29 03:09:56,141 | DEBUG | WriteChecker 10000 ms elapsed since last write check. | org.apache.activemq.transport.AbstractInactivityMonitor | ActiveMQ InactivityMonitor WriteCheckTimer
2025-10-29 03:09:56,141 | DEBUG | Running WriteCheck[tcp://172.18.0.1:49496] | org.apache.activemq.transport.AbstractInactivityMonitor | ActiveMQ InactivityMonitor Worker
2025-10-29 03:09:59,860 | DEBUG | 30000 ms elapsed since last read check. | org.apache.activemq.transport.AbstractInactivityMonitor | ActiveMQ InactivityMonitor ReadCheckTimer
2025-10-29 03:09:59,940 | DEBUG | WriteChecker 10001 ms elapsed since last write check. | org.apache.activemq.transport.AbstractInactivityMonitor | ActiveMQ InactivityMonitor WriteCheckTimer
2025-10-29 03:09:59,940 | DEBUG | Running WriteCheck[tcp://172.18.0.1:40982] | org.apache.activemq.transport.AbstractInactivityMonitor | ActiveMQ InactivityMonitor Worker
2025-10-29 03:09:59,951 | DEBUG | Checkpoint started. | org.apache.activemq.store.kahadb.MessageDatabase | ActiveMQ Journal Checkpoint Worker
2025-10-29 03:09:59,965 | DEBUG | Checkpoint done. | org.apache.activemq.store.kahadb.MessageDatabase | ActiveMQ Journal Checkpoint Worker
2025-10-29 03:10:03,992 | DEBUG | WriteChecker 10001 ms elapsed since last write check. | org.apache.activemq.transport.AbstractInactivityMonitor | ActiveMQ InactivityMonitor WriteCheckTimer
2025-10-29 03:10:03,993 | DEBUG | Running WriteCheck[tcp://172.18.0.3:33456] | org.apache.activemq.transport.AbstractInactivityMonitor | ActiveMQ InactivityMonitor Worker
2025-10-29 03:10:04,970 | DEBUG | Checkpoint started. | org.apache.activemq.store.kahadb.MessageDatabase | ActiveMQ Journal Checkpoint Worker
2025-10-29 03:10:04,982 | DEBUG | Checkpoint done. | org.apache.activemq.store.kahadb.MessageDatabase | ActiveMQ Journal Checkpoint Worker
2025-10-29 03:10:06,113 | DEBUG | WriteChecker 10000 ms elapsed since last write check. | org.apache.activemq.transport.AbstractInactivityMonitor | ActiveMQ InactivityMonitor WriteCheckTimer
2025-10-29 03:10:06,113 | DEBUG | Running WriteCheck[tcp://172.18.0.1:49490] | org.apache.activemq.transport.AbstractInactivityMonitor | ActiveMQ InactivityMonitor Worker
2025-10-29 03:10:06,142 | DEBUG | WriteChecker 10001 ms elapsed since last write check. | org.apache.activemq.transport.AbstractInactivityMonitor | ActiveMQ InactivityMonitor WriteCheckTimer
2025-10-29 03:10:06,142 | DEBUG | Running WriteCheck[tcp://172.18.0.1:49496] | org.apache.activemq.transport.AbstractInactivityMonitor | ActiveMQ InactivityMonitor Worker
2025-10-29 03:10:09,498 | DEBUG | queue://Consumer.A.VirtualTopic.Analysis expiring messages .. | org.apache.activemq.broker.region.Queue | ActiveMQ Broker[localhost] Scheduler
2025-10-29 03:10:09,499 | DEBUG | Consumer.A.VirtualTopic.Analysis toPageIn: 0, Inflight: 0, pagedInMessages.size 0, enqueueCount: 0, dequeueCount: 0 | org.apache.activemq.broker.region.Queue | ActiveMQ Broker[localhost] Scheduler
2025-10-29 03:10:09,499 | DEBUG | queue://Consumer.A.VirtualTopic.Analysis expiring messages done. | org.apache.activemq.broker.region.Queue | ActiveMQ Broker[localhost] Scheduler
2025-10-29 03:10:09,550 | DEBUG | queue://queue.analysis expiring messages .. | org.apache.activemq.broker.region.Queue | ActiveMQ Broker[localhost] Scheduler
2025-10-29 03:10:09,551 | DEBUG | queue.analysis toPageIn: 0, Inflight: 0, pagedInMessages.size 0, enqueueCount: 0, dequeueCount: 0 | org.apache.activemq.broker.region.Queue | ActiveMQ Broker[localhost] Scheduler
2025-10-29 03:10:09,552 | DEBUG | queue://queue.analysis expiring messages done. | org.apache.activemq.broker.region.Queue | ActiveMQ Broker[localhost] Scheduler
2025-10-29 03:10:09,941 | DEBUG | WriteChecker 10001 ms elapsed since last write check. | org.apache.activemq.transport.AbstractInactivityMonitor | ActiveMQ InactivityMonitor WriteCheckTimer
2025-10-29 03:10:09,942 | DEBUG | Running WriteCheck[tcp://172.18.0.1:40982] | org.apache.activemq.transport.AbstractInactivityMonitor | ActiveMQ InactivityMonitor Worker
2025-10-29 03:10:09,986 | DEBUG | Checkpoint started. | org.apache.activemq.store.kahadb.MessageDatabase | ActiveMQ Journal Checkpoint Worker
2025-10-29 03:10:10,004 | DEBUG | Checkpoint done. | org.apache.activemq.store.kahadb.MessageDatabase | ActiveMQ Journal Checkpoint Worker
2025-10-29 03:10:11,791 | DEBUG | temp-queue://ID:351d5895b329-37485-1761699249168-2:8:1 expiring messages .. | org.apache.activemq.broker.region.Queue | ActiveMQ Broker[localhost] Scheduler
2025-10-29 03:10:11,792 | DEBUG | ID:351d5895b329-37485-1761699249168-2:8:1 toPageIn: 0, Inflight: 0, pagedInMessages.size 0, enqueueCount: 0, dequeueCount: 0 | org.apache.activemq.broker.region.Queue | ActiveMQ Broker[localhost] Scheduler
2025-10-29 03:10:11,793 | DEBUG | temp-queue://ID:351d5895b329-37485-1761699249168-2:8:1 expiring messages done. | org.apache.activemq.broker.region.Queue | ActiveMQ Broker[localhost] Scheduler
2025-10-29 03:10:13,992 | DEBUG | WriteChecker 10000 ms elapsed since last write check. | org.apache.activemq.transport.AbstractInactivityMonitor | ActiveMQ InactivityMonitor WriteCheckTimer
2025-10-29 03:10:13,992 | DEBUG | Running WriteCheck[tcp://172.18.0.3:33456] | org.apache.activemq.transport.AbstractInactivityMonitor | ActiveMQ InactivityMonitor Worker
2025-10-29 03:10:15,008 | DEBUG | Checkpoint started. | org.apache.activemq.store.kahadb.MessageDatabase | ActiveMQ Journal Checkpoint Worker
2025-10-29 03:10:15,027 | DEBUG | Checkpoint done. | org.apache.activemq.store.kahadb.MessageDatabase | ActiveMQ Journal Checkpoint Worker
2025-10-29 03:10:16,114 | DEBUG | WriteChecker 10001 ms elapsed since last write check. | org.apache.activemq.transport.AbstractInactivityMonitor | ActiveMQ InactivityMonitor WriteCheckTimer
2025-10-29 03:10:16,114 | DEBUG | Running WriteCheck[tcp://172.18.0.1:49490] | org.apache.activemq.transport.AbstractInactivityMonitor | ActiveMQ InactivityMonitor Worker
2025-10-29 03:10:16,142 | DEBUG | WriteChecker 10000 ms elapsed since last write check. | org.apache.activemq.transport.AbstractInactivityMonitor | ActiveMQ InactivityMonitor WriteCheckTimer
2025-10-29 03:10:16,143 | DEBUG | Running WriteCheck[tcp://172.18.0.1:49496] | org.apache.activemq.transport.AbstractInactivityMonitor | ActiveMQ InactivityMonitor Worker
2025-10-29 03:10:19,942 | DEBUG | WriteChecker 10001 ms elapsed since last write check. | org.apache.activemq.transport.AbstractInactivityMonitor | ActiveMQ InactivityMonitor WriteCheckTimer
2025-10-29 03:10:19,943 | DEBUG | Running WriteCheck[tcp://172.18.0.1:40982] | org.apache.activemq.transport.AbstractInactivityMonitor | ActiveMQ InactivityMonitor Worker
2025-10-29 03:10:20,030 | DEBUG | Checkpoint started. | org.apache.activemq.store.kahadb.MessageDatabase | ActiveMQ Journal Checkpoint Worker
2025-10-29 03:10:20,045 | DEBUG | Checkpoint done. | org.apache.activemq.store.kahadb.MessageDatabase | ActiveMQ Journal Checkpoint Worker
2025-10-29 03:10:20,088 | DEBUG | queue://analysis.queue expiring messages .. | org.apache.activemq.broker.region.Queue | ActiveMQ Broker[localhost] Scheduler
2025-10-29 03:10:20,088 | DEBUG | analysis.queue toPageIn: 0, Inflight: 0, pagedInMessages.size 0, enqueueCount: 3, dequeueCount: 3 | org.apache.activemq.broker.region.Queue | ActiveMQ Broker[localhost] Scheduler
2025-10-29 03:10:20,088 | DEBUG | queue://analysis.queue expiring messages done. | org.apache.activemq.broker.region.Queue | ActiveMQ Broker[localhost] Scheduler
2025-10-29 03:10:23,989 | DEBUG | 30000 ms elapsed since last read check. | org.apache.activemq.transport.AbstractInactivityMonitor | ActiveMQ InactivityMonitor ReadCheckTimer
2025-10-29 03:10:23,992 | DEBUG | WriteChecker 10000 ms elapsed since last write check. | org.apache.activemq.transport.AbstractInactivityMonitor | ActiveMQ InactivityMonitor WriteCheckTimer
2025-10-29 03:10:23,993 | DEBUG | Running WriteCheck[tcp://172.18.0.3:33456] | org.apache.activemq.transport.AbstractInactivityMonitor | ActiveMQ InactivityMonitor Worker
2025-10-29 03:10:25,044 | DEBUG | Checkpoint started. | org.apache.activemq.store.kahadb.MessageDatabase | ActiveMQ Journal Checkpoint Worker
2025-10-29 03:10:25,060 | DEBUG | Checkpoint done. | org.apache.activemq.store.kahadb.MessageDatabase | ActiveMQ Journal Checkpoint Worker
2025-10-29 03:10:26,082 | DEBUG | 30000 ms elapsed since last read check. | org.apache.activemq.transport.AbstractInactivityMonitor | ActiveMQ InactivityMonitor ReadCheckTimer
2025-10-29 03:10:26,113 | DEBUG | 30000 ms elapsed since last read check. | org.apache.activemq.transport.AbstractInactivityMonitor | ActiveMQ InactivityMonitor ReadCheckTimer
2025-10-29 03:10:26,114 | DEBUG | WriteChecker 10000 ms elapsed since last write check. | org.apache.activemq.transport.AbstractInactivityMonitor | ActiveMQ InactivityMonitor WriteCheckTimer
2025-10-29 03:10:26,114 | DEBUG | Running WriteCheck[tcp://172.18.0.1:49490] | org.apache.activemq.transport.AbstractInactivityMonitor | ActiveMQ InactivityMonitor Worker
2025-10-29 03:10:26,142 | DEBUG | WriteChecker 10000 ms elapsed since last write check. | org.apache.activemq.transport.AbstractInactivityMonitor | ActiveMQ InactivityMonitor WriteCheckTimer
2025-10-29 03:10:26,143 | DEBUG | Running WriteCheck[tcp://172.18.0.1:49496] | org.apache.activemq.transport.AbstractInactivityMonitor | ActiveMQ InactivityMonitor Worker
2025-10-29 03:10:29,860 | DEBUG | 30000 ms elapsed since last read check. | org.apache.activemq.transport.AbstractInactivityMonitor | ActiveMQ InactivityMonitor ReadCheckTimer
2025-10-29 03:10:29,942 | DEBUG | WriteChecker 10000 ms elapsed since last write check. | org.apache.activemq.transport.AbstractInactivityMonitor | ActiveMQ InactivityMonitor WriteCheckTimer
2025-10-29 03:10:29,943 | DEBUG | Running WriteCheck[tcp://172.18.0.1:40982] | org.apache.activemq.transport.AbstractInactivityMonitor | ActiveMQ InactivityMonitor Worker
2025-10-29 03:10:30,063 | DEBUG | Checkpoint started. | org.apache.activemq.store.kahadb.MessageDatabase | ActiveMQ Journal Checkpoint Worker
2025-10-29 03:10:30,078 | DEBUG | Checkpoint done. | org.apache.activemq.store.kahadb.MessageDatabase | ActiveMQ Journal Checkpoint Worker
2025-10-29 03:10:33,992 | DEBUG | WriteChecker 10000 ms elapsed since last write check. | org.apache.activemq.transport.AbstractInactivityMonitor | ActiveMQ InactivityMonitor WriteCheckTimer
2025-10-29 03:10:33,992 | DEBUG | Running WriteCheck[tcp://172.18.0.3:33456] | org.apache.activemq.transport.AbstractInactivityMonitor | ActiveMQ InactivityMonitor Worker
2025-10-29 03:10:35,081 | DEBUG | Checkpoint started. | org.apache.activemq.store.kahadb.MessageDatabase | ActiveMQ Journal Checkpoint Worker
2025-10-29 03:10:35,097 | DEBUG | Checkpoint done. | org.apache.activemq.store.kahadb.MessageDatabase | ActiveMQ Journal Checkpoint Worker
2025-10-29 03:10:36,115 | DEBUG | WriteChecker 10001 ms elapsed since last write check. | org.apache.activemq.transport.AbstractInactivityMonitor | ActiveMQ InactivityMonitor WriteCheckTimer
2025-10-29 03:10:36,116 | DEBUG | Running WriteCheck[tcp://172.18.0.1:49490] | org.apache.activemq.transport.AbstractInactivityMonitor | ActiveMQ InactivityMonitor Worker
2025-10-29 03:10:36,142 | DEBUG | WriteChecker 10000 ms elapsed since last write check. | org.apache.activemq.transport.AbstractInactivityMonitor | ActiveMQ InactivityMonitor WriteCheckTimer
2025-10-29 03:10:36,143 | DEBUG | Running WriteCheck[tcp://172.18.0.1:49496] | org.apache.activemq.transport.AbstractInactivityMonitor | ActiveMQ InactivityMonitor Worker
2025-10-29 03:10:39,499 | DEBUG | queue://Consumer.A.VirtualTopic.Analysis expiring messages .. | org.apache.activemq.broker.region.Queue | ActiveMQ Broker[localhost] Scheduler
2025-10-29 03:10:39,500 | DEBUG | Consumer.A.VirtualTopic.Analysis toPageIn: 0, Inflight: 0, pagedInMessages.size 0, enqueueCount: 0, dequeueCount: 0 | org.apache.activemq.broker.region.Queue | ActiveMQ Broker[localhost] Scheduler
2025-10-29 03:10:39,500 | DEBUG | queue://Consumer.A.VirtualTopic.Analysis expiring messages done. | org.apache.activemq.broker.region.Queue | ActiveMQ Broker[localhost] Scheduler
2025-10-29 03:10:39,550 | DEBUG | queue://queue.analysis expiring messages .. | org.apache.activemq.broker.region.Queue | ActiveMQ Broker[localhost] Scheduler
2025-10-29 03:10:39,551 | DEBUG | queue.analysis toPageIn: 0, Inflight: 0, pagedInMessages.size 0, enqueueCount: 0, dequeueCount: 0 | org.apache.activemq.broker.region.Queue | ActiveMQ Broker[localhost] Scheduler
2025-10-29 03:10:39,551 | DEBUG | queue://queue.analysis expiring messages done. | org.apache.activemq.broker.region.Queue | ActiveMQ Broker[localhost] Scheduler
2025-10-29 03:10:39,942 | DEBUG | WriteChecker 10000 ms elapsed since last write check. | org.apache.activemq.transport.AbstractInactivityMonitor | ActiveMQ InactivityMonitor WriteCheckTimer
2025-10-29 03:10:39,943 | DEBUG | Running WriteCheck[tcp://172.18.0.1:40982] | org.apache.activemq.transport.AbstractInactivityMonitor | ActiveMQ InactivityMonitor Worker
2025-10-29 03:10:40,099 | DEBUG | Checkpoint started. | org.apache.activemq.store.kahadb.MessageDatabase | ActiveMQ Journal Checkpoint Worker
2025-10-29 03:10:40,114 | DEBUG | Checkpoint done. | org.apache.activemq.store.kahadb.MessageDatabase | ActiveMQ Journal Checkpoint Worker
2025-10-29 03:10:41,791 | DEBUG | temp-queue://ID:351d5895b329-37485-1761699249168-2:8:1 expiring messages .. | org.apache.activemq.broker.region.Queue | ActiveMQ Broker[localhost] Scheduler
2025-10-29 03:10:41,792 | DEBUG | ID:351d5895b329-37485-1761699249168-2:8:1 toPageIn: 0, Inflight: 0, pagedInMessages.size 0, enqueueCount: 0, dequeueCount: 0 | org.apache.activemq.broker.region.Queue | ActiveMQ Broker[localhost] Scheduler
2025-10-29 03:10:41,792 | DEBUG | temp-queue://ID:351d5895b329-37485-1761699249168-2:8:1 expiring messages done. | org.apache.activemq.broker.region.Queue | ActiveMQ Broker[localhost] Scheduler
2025-10-29 03:10:43,992 | DEBUG | WriteChecker 10000 ms elapsed since last write check. | org.apache.activemq.transport.AbstractInactivityMonitor | ActiveMQ InactivityMonitor WriteCheckTimer
2025-10-29 03:10:43,992 | DEBUG | Running WriteCheck[tcp://172.18.0.3:33456] | org.apache.activemq.transport.AbstractInactivityMonitor | ActiveMQ InactivityMonitor Worker
2025-10-29 03:10:45,119 | DEBUG | Checkpoint started. | org.apache.activemq.store.kahadb.MessageDatabase | ActiveMQ Journal Checkpoint Worker
2025-10-29 03:10:45,135 | DEBUG | Checkpoint done. | org.apache.activemq.store.kahadb.MessageDatabase | ActiveMQ Journal Checkpoint Worker
2025-10-29 03:10:46,116 | DEBUG | WriteChecker 10001 ms elapsed since last write check. | org.apache.activemq.transport.AbstractInactivityMonitor | ActiveMQ InactivityMonitor WriteCheckTimer
2025-10-29 03:10:46,116 | DEBUG | Running WriteCheck[tcp://172.18.0.1:49490] | org.apache.activemq.transport.AbstractInactivityMonitor | ActiveMQ InactivityMonitor Worker
2025-10-29 03:10:46,142 | DEBUG | WriteChecker 10000 ms elapsed since last write check. | org.apache.activemq.transport.AbstractInactivityMonitor | ActiveMQ InactivityMonitor WriteCheckTimer
2025-10-29 03:10:46,143 | DEBUG | Running WriteCheck[tcp://172.18.0.1:49496] | org.apache.activemq.transport.AbstractInactivityMonitor | ActiveMQ InactivityMonitor Worker
2025-10-29 03:10:49,942 | DEBUG | WriteChecker 10000 ms elapsed since last write check. | org.apache.activemq.transport.AbstractInactivityMonitor | ActiveMQ InactivityMonitor WriteCheckTimer
2025-10-29 03:10:49,943 | DEBUG | Running WriteCheck[tcp://172.18.0.1:40982] | org.apache.activemq.transport.AbstractInactivityMonitor | ActiveMQ InactivityMonitor Worker
2025-10-29 03:10:50,088 | DEBUG | queue://analysis.queue expiring messages .. | org.apache.activemq.broker.region.Queue | ActiveMQ Broker[localhost] Scheduler
2025-10-29 03:10:50,089 | DEBUG | analysis.queue toPageIn: 0, Inflight: 0, pagedInMessages.size 0, enqueueCount: 3, dequeueCount: 3 | org.apache.activemq.broker.region.Queue | ActiveMQ Broker[localhost] Scheduler
2025-10-29 03:10:50,089 | DEBUG | queue://analysis.queue expiring messages done. | org.apache.activemq.broker.region.Queue | ActiveMQ Broker[localhost] Scheduler
2025-10-29 03:10:50,138 | DEBUG | Checkpoint started. | org.apache.activemq.store.kahadb.MessageDatabase | ActiveMQ Journal Checkpoint Worker
2025-10-29 03:10:50,153 | DEBUG | Checkpoint done. | org.apache.activemq.store.kahadb.MessageDatabase | ActiveMQ Journal Checkpoint Worker
2025-10-29 03:10:53,990 | DEBUG | 30000 ms elapsed since last read check. | org.apache.activemq.transport.AbstractInactivityMonitor | ActiveMQ InactivityMonitor ReadCheckTimer
2025-10-29 03:10:53,992 | DEBUG | WriteChecker 10000 ms elapsed since last write check. | org.apache.activemq.transport.AbstractInactivityMonitor | ActiveMQ InactivityMonitor WriteCheckTimer
2025-10-29 03:10:53,993 | DEBUG | Running WriteCheck[tcp://172.18.0.3:33456] | org.apache.activemq.transport.AbstractInactivityMonitor | ActiveMQ InactivityMonitor Worker
2025-10-29 03:10:55,153 | DEBUG | Checkpoint started. | org.apache.activemq.store.kahadb.MessageDatabase | ActiveMQ Journal Checkpoint Worker
2025-10-29 03:10:55,166 | DEBUG | Checkpoint done. | org.apache.activemq.store.kahadb.MessageDatabase | ActiveMQ Journal Checkpoint Worker
2025-10-29 03:10:56,082 | DEBUG | 30000 ms elapsed since last read check. | org.apache.activemq.transport.AbstractInactivityMonitor | ActiveMQ InactivityMonitor ReadCheckTimer
2025-10-29 03:10:56,113 | DEBUG | 30000 ms elapsed since last read check. | org.apache.activemq.transport.AbstractInactivityMonitor | ActiveMQ InactivityMonitor ReadCheckTimer
2025-10-29 03:10:56,116 | DEBUG | WriteChecker 10000 ms elapsed since last write check. | org.apache.activemq.transport.AbstractInactivityMonitor | ActiveMQ InactivityMonitor WriteCheckTimer
2025-10-29 03:10:56,116 | DEBUG | Running WriteCheck[tcp://172.18.0.1:49490] | org.apache.activemq.transport.AbstractInactivityMonitor | ActiveMQ InactivityMonitor Worker
2025-10-29 03:10:56,142 | DEBUG | WriteChecker 10000 ms elapsed since last write check. | org.apache.activemq.transport.AbstractInactivityMonitor | ActiveMQ InactivityMonitor WriteCheckTimer
2025-10-29 03:10:56,143 | DEBUG | Running WriteCheck[tcp://172.18.0.1:49496] | org.apache.activemq.transport.AbstractInactivityMonitor | ActiveMQ InactivityMonitor Worker
2025-10-29 03:10:59,861 | DEBUG | 30001 ms elapsed since last read check. | org.apache.activemq.transport.AbstractInactivityMonitor | ActiveMQ InactivityMonitor ReadCheckTimer
2025-10-29 03:10:59,942 | DEBUG | WriteChecker 10000 ms elapsed since last write check. | org.apache.activemq.transport.AbstractInactivityMonitor | ActiveMQ InactivityMonitor WriteCheckTimer
2025-10-29 03:10:59,942 | DEBUG | Running WriteCheck[tcp://172.18.0.1:40982] | org.apache.activemq.transport.AbstractInactivityMonitor | ActiveMQ InactivityMonitor Worker
2025-10-29 03:11:00,168 | DEBUG | Checkpoint started. | org.apache.activemq.store.kahadb.MessageDatabase | ActiveMQ Journal Checkpoint Worker
2025-10-29 03:11:00,181 | DEBUG | Checkpoint done. | org.apache.activemq.store.kahadb.MessageDatabase | ActiveMQ Journal Checkpoint Worker
2025-10-29 03:11:03,992 | DEBUG | WriteChecker 10000 ms elapsed since last write check. | org.apache.activemq.transport.AbstractInactivityMonitor | ActiveMQ InactivityMonitor WriteCheckTimer
2025-10-29 03:11:03,993 | DEBUG | Running WriteCheck[tcp://172.18.0.3:33456] | org.apache.activemq.transport.AbstractInactivityMonitor | ActiveMQ InactivityMonitor Worker
2025-10-29 03:11:05,184 | DEBUG | Checkpoint started. | org.apache.activemq.store.kahadb.MessageDatabase | ActiveMQ Journal Checkpoint Worker
2025-10-29 03:11:05,200 | DEBUG | Checkpoint done. | org.apache.activemq.store.kahadb.MessageDatabase | ActiveMQ Journal Checkpoint Worker
2025-10-29 03:11:06,116 | DEBUG | WriteChecker 10000 ms elapsed since last write check. | org.apache.activemq.transport.AbstractInactivityMonitor | ActiveMQ InactivityMonitor WriteCheckTimer
2025-10-29 03:11:06,116 | DEBUG | Running WriteCheck[tcp://172.18.0.1:49490] | org.apache.activemq.transport.AbstractInactivityMonitor | ActiveMQ InactivityMonitor Worker
2025-10-29 03:11:06,143 | DEBUG | WriteChecker 10001 ms elapsed since last write check. | org.apache.activemq.transport.AbstractInactivityMonitor | ActiveMQ InactivityMonitor WriteCheckTimer
2025-10-29 03:11:06,143 | DEBUG | Running WriteCheck[tcp://172.18.0.1:49496] | org.apache.activemq.transport.AbstractInactivityMonitor | ActiveMQ InactivityMonitor Worker
2025-10-29 03:11:09,499 | DEBUG | queue://Consumer.A.VirtualTopic.Analysis expiring messages .. | org.apache.activemq.broker.region.Queue | ActiveMQ Broker[localhost] Scheduler
2025-10-29 03:11:09,500 | DEBUG | Consumer.A.VirtualTopic.Analysis toPageIn: 0, Inflight: 0, pagedInMessages.size 0, enqueueCount: 0, dequeueCount: 0 | org.apache.activemq.broker.region.Queue | ActiveMQ Broker[localhost] Scheduler
2025-10-29 03:11:09,501 | DEBUG | queue://Consumer.A.VirtualTopic.Analysis expiring messages done. | org.apache.activemq.broker.region.Queue | ActiveMQ Broker[localhost] Scheduler
2025-10-29 03:11:09,551 | DEBUG | queue://queue.analysis expiring messages .. | org.apache.activemq.broker.region.Queue | ActiveMQ Broker[localhost] Scheduler
2025-10-29 03:11:09,552 | DEBUG | queue.analysis toPageIn: 0, Inflight: 0, pagedInMessages.size 0, enqueueCount: 0, dequeueCount: 0 | org.apache.activemq.broker.region.Queue | ActiveMQ Broker[localhost] Scheduler
2025-10-29 03:11:09,552 | DEBUG | queue://queue.analysis expiring messages done. | org.apache.activemq.broker.region.Queue | ActiveMQ Broker[localhost] Scheduler
2025-10-29 03:11:09,942 | DEBUG | WriteChecker 10000 ms elapsed since last write check. | org.apache.activemq.transport.AbstractInactivityMonitor | ActiveMQ InactivityMonitor WriteCheckTimer
2025-10-29 03:11:09,943 | DEBUG | Running WriteCheck[tcp://172.18.0.1:40982] | org.apache.activemq.transport.AbstractInactivityMonitor | ActiveMQ InactivityMonitor Worker
2025-10-29 03:11:10,203 | DEBUG | Checkpoint started. | org.apache.activemq.store.kahadb.MessageDatabase | ActiveMQ Journal Checkpoint Worker
2025-10-29 03:11:10,217 | DEBUG | Checkpoint done. | org.apache.activemq.store.kahadb.MessageDatabase | ActiveMQ Journal Checkpoint Worker
2025-10-29 03:11:11,792 | DEBUG | temp-queue://ID:351d5895b329-37485-1761699249168-2:8:1 expiring messages .. | org.apache.activemq.broker.region.Queue | ActiveMQ Broker[localhost] Scheduler
2025-10-29 03:11:11,793 | DEBUG | ID:351d5895b329-37485-1761699249168-2:8:1 toPageIn: 0, Inflight: 0, pagedInMessages.size 0, enqueueCount: 0, dequeueCount: 0 | org.apache.activemq.broker.region.Queue | ActiveMQ Broker[localhost] Scheduler
2025-10-29 03:11:11,793 | DEBUG | temp-queue://ID:351d5895b329-37485-1761699249168-2:8:1 expiring messages done. | org.apache.activemq.broker.region.Queue | ActiveMQ Broker[localhost] Scheduler
2025-10-29 03:11:13,992 | DEBUG | WriteChecker 10000 ms elapsed since last write check. | org.apache.activemq.transport.AbstractInactivityMonitor | ActiveMQ InactivityMonitor WriteCheckTimer
2025-10-29 03:11:13,993 | DEBUG | Running WriteCheck[tcp://172.18.0.3:33456] | org.apache.activemq.transport.AbstractInactivityMonitor | ActiveMQ InactivityMonitor Worker
2025-10-29 03:11:15,219 | DEBUG | Checkpoint started. | org.apache.activemq.store.kahadb.MessageDatabase | ActiveMQ Journal Checkpoint Worker
2025-10-29 03:11:15,236 | DEBUG | Checkpoint done. | org.apache.activemq.store.kahadb.MessageDatabase | ActiveMQ Journal Checkpoint Worker
2025-10-29 03:11:16,116 | DEBUG | WriteChecker 10000 ms elapsed since last write check. | org.apache.activemq.transport.AbstractInactivityMonitor | ActiveMQ InactivityMonitor WriteCheckTimer
2025-10-29 03:11:16,117 | DEBUG | Running WriteCheck[tcp://172.18.0.1:49490] | org.apache.activemq.transport.AbstractInactivityMonitor | ActiveMQ InactivityMonitor Worker
2025-10-29 03:11:16,143 | DEBUG | WriteChecker 10000 ms elapsed since last write check. | org.apache.activemq.transport.AbstractInactivityMonitor | ActiveMQ InactivityMonitor WriteCheckTimer
2025-10-29 03:11:16,143 | DEBUG | Running WriteCheck[tcp://172.18.0.1:49496] | org.apache.activemq.transport.AbstractInactivityMonitor | ActiveMQ InactivityMonitor Worker
2025-10-29 03:11:19,942 | DEBUG | WriteChecker 10000 ms elapsed since last write check. | org.apache.activemq.transport.AbstractInactivityMonitor | ActiveMQ InactivityMonitor WriteCheckTimer
2025-10-29 03:11:19,943 | DEBUG | Running WriteCheck[tcp://172.18.0.1:40982] | org.apache.activemq.transport.AbstractInactivityMonitor | ActiveMQ InactivityMonitor Worker
2025-10-29 03:11:20,088 | DEBUG | queue://analysis.queue expiring messages .. | org.apache.activemq.broker.region.Queue | ActiveMQ Broker[localhost] Scheduler
2025-10-29 03:11:20,089 | DEBUG | analysis.queue toPageIn: 0, Inflight: 0, pagedInMessages.size 0, enqueueCount: 3, dequeueCount: 3 | org.apache.activemq.broker.region.Queue | ActiveMQ Broker[localhost] Scheduler
2025-10-29 03:11:20,089 | DEBUG | queue://analysis.queue expiring messages done. | org.apache.activemq.broker.region.Queue | ActiveMQ Broker[localhost] Scheduler
2025-10-29 03:11:20,239 | DEBUG | Checkpoint started. | org.apache.activemq.store.kahadb.MessageDatabase | ActiveMQ Journal Checkpoint Worker
2025-10-29 03:11:20,255 | DEBUG | Checkpoint done. | org.apache.activemq.store.kahadb.MessageDatabase | ActiveMQ Journal Checkpoint Worker
2025-10-29 03:11:23,989 | DEBUG | 30000 ms elapsed since last read check. | org.apache.activemq.transport.AbstractInactivityMonitor | ActiveMQ InactivityMonitor ReadCheckTimer
2025-10-29 03:11:23,992 | DEBUG | WriteChecker 10000 ms elapsed since last write check. | org.apache.activemq.transport.AbstractInactivityMonitor | ActiveMQ InactivityMonitor WriteCheckTimer
2025-10-29 03:11:23,993 | DEBUG | Running WriteCheck[tcp://172.18.0.3:33456] | org.apache.activemq.transport.AbstractInactivityMonitor | ActiveMQ InactivityMonitor Worker
2025-10-29 03:11:25,255 | DEBUG | Checkpoint started. | org.apache.activemq.store.kahadb.MessageDatabase | ActiveMQ Journal Checkpoint Worker
2025-10-29 03:11:25,269 | DEBUG | Checkpoint done. | org.apache.activemq.store.kahadb.MessageDatabase | ActiveMQ Journal Checkpoint Worker
2025-10-29 03:11:26,082 | DEBUG | 30000 ms elapsed since last read check. | org.apache.activemq.transport.AbstractInactivityMonitor | ActiveMQ InactivityMonitor ReadCheckTimer
2025-10-29 03:11:26,115 | DEBUG | 30000 ms elapsed since last read check. | org.apache.activemq.transport.AbstractInactivityMonitor | ActiveMQ InactivityMonitor ReadCheckTimer
2025-10-29 03:11:26,116 | DEBUG | WriteChecker 10000 ms elapsed since last write check. | org.apache.activemq.transport.AbstractInactivityMonitor | ActiveMQ InactivityMonitor WriteCheckTimer
2025-10-29 03:11:26,116 | DEBUG | Running WriteCheck[tcp://172.18.0.1:49490] | org.apache.activemq.transport.AbstractInactivityMonitor | ActiveMQ InactivityMonitor Worker
2025-10-29 03:11:26,143 | DEBUG | WriteChecker 10000 ms elapsed since last write check. | org.apache.activemq.transport.AbstractInactivityMonitor | ActiveMQ InactivityMonitor WriteCheckTimer
2025-10-29 03:11:26,144 | DEBUG | Running WriteCheck[tcp://172.18.0.1:49496] | org.apache.activemq.transport.AbstractInactivityMonitor | ActiveMQ InactivityMonitor Worker
2025-10-29 03:11:29,862 | DEBUG | 30001 ms elapsed since last read check. | org.apache.activemq.transport.AbstractInactivityMonitor | ActiveMQ InactivityMonitor ReadCheckTimer
2025-10-29 03:11:29,942 | DEBUG | WriteChecker 10000 ms elapsed since last write check. | org.apache.activemq.transport.AbstractInactivityMonitor | ActiveMQ InactivityMonitor WriteCheckTimer
2025-10-29 03:11:29,943 | DEBUG | Running WriteCheck[tcp://172.18.0.1:40982] | org.apache.activemq.transport.AbstractInactivityMonitor | ActiveMQ InactivityMonitor Worker
2025-10-29 03:11:30,272 | DEBUG | Checkpoint started. | org.apache.activemq.store.kahadb.MessageDatabase | ActiveMQ Journal Checkpoint Worker
2025-10-29 03:11:30,287 | DEBUG | Checkpoint done. | org.apache.activemq.store.kahadb.MessageDatabase | ActiveMQ Journal Checkpoint Worker
2025-10-29 03:11:33,992 | DEBUG | WriteChecker 10000 ms elapsed since last write check. | org.apache.activemq.transport.AbstractInactivityMonitor | ActiveMQ InactivityMonitor WriteCheckTimer
2025-10-29 03:11:33,992 | DEBUG | Running WriteCheck[tcp://172.18.0.3:33456] | org.apache.activemq.transport.AbstractInactivityMonitor | ActiveMQ InactivityMonitor Worker
2025-10-29 03:11:35,290 | DEBUG | Checkpoint started. | org.apache.activemq.store.kahadb.MessageDatabase | ActiveMQ Journal Checkpoint Worker
2025-10-29 03:11:35,305 | DEBUG | Checkpoint done. | org.apache.activemq.store.kahadb.MessageDatabase | ActiveMQ Journal Checkpoint Worker
2025-10-29 03:11:36,117 | DEBUG | WriteChecker 10001 ms elapsed since last write check. | org.apache.activemq.transport.AbstractInactivityMonitor | ActiveMQ InactivityMonitor WriteCheckTimer
2025-10-29 03:11:36,117 | DEBUG | Running WriteCheck[tcp://172.18.0.1:49490] | org.apache.activemq.transport.AbstractInactivityMonitor | ActiveMQ InactivityMonitor Worker
2025-10-29 03:11:36,143 | DEBUG | WriteChecker 10000 ms elapsed since last write check. | org.apache.activemq.transport.AbstractInactivityMonitor | ActiveMQ InactivityMonitor WriteCheckTimer
2025-10-29 03:11:36,144 | DEBUG | Running WriteCheck[tcp://172.18.0.1:49496] | org.apache.activemq.transport.AbstractInactivityMonitor | ActiveMQ InactivityMonitor Worker
2025-10-29 03:11:39,499 | DEBUG | queue://Consumer.A.VirtualTopic.Analysis expiring messages .. | org.apache.activemq.broker.region.Queue | ActiveMQ Broker[localhost] Scheduler
2025-10-29 03:11:39,500 | DEBUG | Consumer.A.VirtualTopic.Analysis toPageIn: 0, Inflight: 0, pagedInMessages.size 0, enqueueCount: 0, dequeueCount: 0 | org.apache.activemq.broker.region.Queue | ActiveMQ Broker[localhost] Scheduler
2025-10-29 03:11:39,500 | DEBUG | queue://Consumer.A.VirtualTopic.Analysis expiring messages done. | org.apache.activemq.broker.region.Queue | ActiveMQ Broker[localhost] Scheduler
2025-10-29 03:11:39,552 | DEBUG | queue://queue.analysis expiring messages .. | org.apache.activemq.broker.region.Queue | ActiveMQ Broker[localhost] Scheduler
2025-10-29 03:11:39,552 | DEBUG | queue.analysis toPageIn: 0, Inflight: 0, pagedInMessages.size 0, enqueueCount: 0, dequeueCount: 0 | org.apache.activemq.broker.region.Queue | ActiveMQ Broker[localhost] Scheduler
2025-10-29 03:11:39,552 | DEBUG | queue://queue.analysis expiring messages done. | org.apache.activemq.broker.region.Queue | ActiveMQ Broker[localhost] Scheduler
2025-10-29 03:11:39,942 | DEBUG | WriteChecker 10000 ms elapsed since last write check. | org.apache.activemq.transport.AbstractInactivityMonitor | ActiveMQ InactivityMonitor WriteCheckTimer
2025-10-29 03:11:39,942 | DEBUG | Running WriteCheck[tcp://172.18.0.1:40982] | org.apache.activemq.transport.AbstractInactivityMonitor | ActiveMQ InactivityMonitor Worker
2025-10-29 03:11:40,308 | DEBUG | Checkpoint started. | org.apache.activemq.store.kahadb.MessageDatabase | ActiveMQ Journal Checkpoint Worker
2025-10-29 03:11:40,324 | DEBUG | Checkpoint done. | org.apache.activemq.store.kahadb.MessageDatabase | ActiveMQ Journal Checkpoint Worker
2025-10-29 03:11:41,793 | DEBUG | temp-queue://ID:351d5895b329-37485-1761699249168-2:8:1 expiring messages .. | org.apache.activemq.broker.region.Queue | ActiveMQ Broker[localhost] Scheduler
2025-10-29 03:11:41,794 | DEBUG | ID:351d5895b329-37485-1761699249168-2:8:1 toPageIn: 0, Inflight: 0, pagedInMessages.size 0, enqueueCount: 0, dequeueCount: 0 | org.apache.activemq.broker.region.Queue | ActiveMQ Broker[localhost] Scheduler
2025-10-29 03:11:41,794 | DEBUG | temp-queue://ID:351d5895b329-37485-1761699249168-2:8:1 expiring messages done. | org.apache.activemq.broker.region.Queue | ActiveMQ Broker[localhost] Scheduler
2025-10-29 03:11:43,993 | DEBUG | WriteChecker 10001 ms elapsed since last write check. | org.apache.activemq.transport.AbstractInactivityMonitor | ActiveMQ InactivityMonitor WriteCheckTimer
2025-10-29 03:11:43,993 | DEBUG | Running WriteCheck[tcp://172.18.0.3:33456] | org.apache.activemq.transport.AbstractInactivityMonitor | ActiveMQ InactivityMonitor Worker
2025-10-29 03:11:45,326 | DEBUG | Checkpoint started. | org.apache.activemq.store.kahadb.MessageDatabase | ActiveMQ Journal Checkpoint Worker
2025-10-29 03:11:45,341 | DEBUG | Checkpoint done. | org.apache.activemq.store.kahadb.MessageDatabase | ActiveMQ Journal Checkpoint Worker
2025-10-29 03:11:46,118 | DEBUG | WriteChecker 10000 ms elapsed since last write check. | org.apache.activemq.transport.AbstractInactivityMonitor | ActiveMQ InactivityMonitor WriteCheckTimer
2025-10-29 03:11:46,118 | DEBUG | Running WriteCheck[tcp://172.18.0.1:49490] | org.apache.activemq.transport.AbstractInactivityMonitor | ActiveMQ InactivityMonitor Worker
2025-10-29 03:11:46,143 | DEBUG | WriteChecker 10000 ms elapsed since last write check. | org.apache.activemq.transport.AbstractInactivityMonitor | ActiveMQ InactivityMonitor WriteCheckTimer
2025-10-29 03:11:46,144 | DEBUG | Running WriteCheck[tcp://172.18.0.1:49496] | org.apache.activemq.transport.AbstractInactivityMonitor | ActiveMQ InactivityMonitor Worker
2025-10-29 03:11:49,943 | DEBUG | WriteChecker 10001 ms elapsed since last write check. | org.apache.activemq.transport.AbstractInactivityMonitor | ActiveMQ InactivityMonitor WriteCheckTimer
2025-10-29 03:11:49,944 | DEBUG | Running WriteCheck[tcp://172.18.0.1:40982] | org.apache.activemq.transport.AbstractInactivityMonitor | ActiveMQ InactivityMonitor Worker
2025-10-29 03:11:50,088 | DEBUG | queue://analysis.queue expiring messages .. | org.apache.activemq.broker.region.Queue | ActiveMQ Broker[localhost] Scheduler
2025-10-29 03:11:50,089 | DEBUG | analysis.queue toPageIn: 0, Inflight: 0, pagedInMessages.size 0, enqueueCount: 3, dequeueCount: 3 | org.apache.activemq.broker.region.Queue | ActiveMQ Broker[localhost] Scheduler
2025-10-29 03:11:50,090 | DEBUG | queue://analysis.queue expiring messages done. | org.apache.activemq.broker.region.Queue | ActiveMQ Broker[localhost] Scheduler
2025-10-29 03:11:50,343 | DEBUG | Checkpoint started. | org.apache.activemq.store.kahadb.MessageDatabase | ActiveMQ Journal Checkpoint Worker
2025-10-29 03:11:50,359 | DEBUG | Checkpoint done. | org.apache.activemq.store.kahadb.MessageDatabase | ActiveMQ Journal Checkpoint Worker
2025-10-29 03:11:53,989 | DEBUG | 30000 ms elapsed since last read check. | org.apache.activemq.transport.AbstractInactivityMonitor | ActiveMQ InactivityMonitor ReadCheckTimer
2025-10-29 03:11:53,993 | DEBUG | WriteChecker 10000 ms elapsed since last write check. | org.apache.activemq.transport.AbstractInactivityMonitor | ActiveMQ InactivityMonitor WriteCheckTimer
2025-10-29 03:11:53,993 | DEBUG | Running WriteCheck[tcp://172.18.0.3:33456] | org.apache.activemq.transport.AbstractInactivityMonitor | ActiveMQ InactivityMonitor Worker
2025-10-29 03:11:55,360 | DEBUG | Checkpoint started. | org.apache.activemq.store.kahadb.MessageDatabase | ActiveMQ Journal Checkpoint Worker
2025-10-29 03:11:55,376 | DEBUG | Checkpoint done. | org.apache.activemq.store.kahadb.MessageDatabase | ActiveMQ Journal Checkpoint Worker
2025-10-29 03:11:56,082 | DEBUG | 30000 ms elapsed since last read check. | org.apache.activemq.transport.AbstractInactivityMonitor | ActiveMQ InactivityMonitor ReadCheckTimer
2025-10-29 03:11:56,114 | DEBUG | 30001 ms elapsed since last read check. | org.apache.activemq.transport.AbstractInactivityMonitor | ActiveMQ InactivityMonitor ReadCheckTimer
2025-10-29 03:11:56,117 | DEBUG | WriteChecker 10000 ms elapsed since last write check. | org.apache.activemq.transport.AbstractInactivityMonitor | ActiveMQ InactivityMonitor WriteCheckTimer
2025-10-29 03:11:56,118 | DEBUG | Running WriteCheck[tcp://172.18.0.1:49490] | org.apache.activemq.transport.AbstractInactivityMonitor | ActiveMQ InactivityMonitor Worker
2025-10-29 03:11:56,144 | DEBUG | WriteChecker 10001 ms elapsed since last write check. | org.apache.activemq.transport.AbstractInactivityMonitor | ActiveMQ InactivityMonitor WriteCheckTimer
2025-10-29 03:11:56,144 | DEBUG | Running WriteCheck[tcp://172.18.0.1:49496] | org.apache.activemq.transport.AbstractInactivityMonitor | ActiveMQ InactivityMonitor Worker
2025-10-29 03:11:59,862 | DEBUG | 30000 ms elapsed since last read check. | org.apache.activemq.transport.AbstractInactivityMonitor | ActiveMQ InactivityMonitor ReadCheckTimer
2025-10-29 03:11:59,942 | DEBUG | WriteChecker 9999 ms elapsed since last write check. | org.apache.activemq.transport.AbstractInactivityMonitor | ActiveMQ InactivityMonitor WriteCheckTimer
2025-10-29 03:11:59,943 | DEBUG | Running WriteCheck[tcp://172.18.0.1:40982] | org.apache.activemq.transport.AbstractInactivityMonitor | ActiveMQ InactivityMonitor Worker
2025-10-29 03:12:00,378 | DEBUG | Checkpoint started. | org.apache.activemq.store.kahadb.MessageDatabase | ActiveMQ Journal Checkpoint Worker
2025-10-29 03:12:00,390 | DEBUG | Checkpoint done. | org.apache.activemq.store.kahadb.MessageDatabase | ActiveMQ Journal Checkpoint Worker
2025-10-29 03:12:03,993 | DEBUG | WriteChecker 10000 ms elapsed since last write check. | org.apache.activemq.transport.AbstractInactivityMonitor | ActiveMQ InactivityMonitor WriteCheckTimer
2025-10-29 03:12:03,993 | DEBUG | Running WriteCheck[tcp://172.18.0.3:33456] | org.apache.activemq.transport.AbstractInactivityMonitor | ActiveMQ InactivityMonitor Worker
2025-10-29 03:12:05,393 | DEBUG | Checkpoint started. | org.apache.activemq.store.kahadb.MessageDatabase | ActiveMQ Journal Checkpoint Worker
2025-10-29 03:12:05,408 | DEBUG | Checkpoint done. | org.apache.activemq.store.kahadb.MessageDatabase | ActiveMQ Journal Checkpoint Worker
2025-10-29 03:12:06,118 | DEBUG | WriteChecker 10001 ms elapsed since last write check. | org.apache.activemq.transport.AbstractInactivityMonitor | ActiveMQ InactivityMonitor WriteCheckTimer
2025-10-29 03:12:06,118 | DEBUG | Running WriteCheck[tcp://172.18.0.1:49490] | org.apache.activemq.transport.AbstractInactivityMonitor | ActiveMQ InactivityMonitor Worker
2025-10-29 03:12:06,144 | DEBUG | WriteChecker 10000 ms elapsed since last write check. | org.apache.activemq.transport.AbstractInactivityMonitor | ActiveMQ InactivityMonitor WriteCheckTimer
2025-10-29 03:12:06,145 | DEBUG | Running WriteCheck[tcp://172.18.0.1:49496] | org.apache.activemq.transport.AbstractInactivityMonitor | ActiveMQ InactivityMonitor Worker
2025-10-29 03:12:09,499 | DEBUG | queue://Consumer.A.VirtualTopic.Analysis expiring messages .. | org.apache.activemq.broker.region.Queue | ActiveMQ Broker[localhost] Scheduler
2025-10-29 03:12:09,500 | DEBUG | Consumer.A.VirtualTopic.Analysis toPageIn: 0, Inflight: 0, pagedInMessages.size 0, enqueueCount: 0, dequeueCount: 0 | org.apache.activemq.broker.region.Queue | ActiveMQ Broker[localhost] Scheduler
2025-10-29 03:12:09,500 | DEBUG | queue://Consumer.A.VirtualTopic.Analysis expiring messages done. | org.apache.activemq.broker.region.Queue | ActiveMQ Broker[localhost] Scheduler
2025-10-29 03:12:09,552 | DEBUG | queue://queue.analysis expiring messages .. | org.apache.activemq.broker.region.Queue | ActiveMQ Broker[localhost] Scheduler
2025-10-29 03:12:09,553 | DEBUG | queue.analysis toPageIn: 0, Inflight: 0, pagedInMessages.size 0, enqueueCount: 0, dequeueCount: 0 | org.apache.activemq.broker.region.Queue | ActiveMQ Broker[localhost] Scheduler
2025-10-29 03:12:09,553 | DEBUG | queue://queue.analysis expiring messages done. | org.apache.activemq.broker.region.Queue | ActiveMQ Broker[localhost] Scheduler
2025-10-29 03:12:09,942 | DEBUG | WriteChecker 10000 ms elapsed since last write check. | org.apache.activemq.transport.AbstractInactivityMonitor | ActiveMQ InactivityMonitor WriteCheckTimer
2025-10-29 03:12:09,943 | DEBUG | Running WriteCheck[tcp://172.18.0.1:40982] | org.apache.activemq.transport.AbstractInactivityMonitor | ActiveMQ InactivityMonitor Worker
2025-10-29 03:12:10,410 | DEBUG | Checkpoint started. | org.apache.activemq.store.kahadb.MessageDatabase | ActiveMQ Journal Checkpoint Worker
2025-10-29 03:12:10,426 | DEBUG | Checkpoint done. | org.apache.activemq.store.kahadb.MessageDatabase | ActiveMQ Journal Checkpoint Worker
2025-10-29 03:12:11,793 | DEBUG | temp-queue://ID:351d5895b329-37485-1761699249168-2:8:1 expiring messages .. | org.apache.activemq.broker.region.Queue | ActiveMQ Broker[localhost] Scheduler
2025-10-29 03:12:11,793 | DEBUG | ID:351d5895b329-37485-1761699249168-2:8:1 toPageIn: 0, Inflight: 0, pagedInMessages.size 0, enqueueCount: 0, dequeueCount: 0 | org.apache.activemq.broker.region.Queue | ActiveMQ Broker[localhost] Scheduler
2025-10-29 03:12:11,794 | DEBUG | temp-queue://ID:351d5895b329-37485-1761699249168-2:8:1 expiring messages done. | org.apache.activemq.broker.region.Queue | ActiveMQ Broker[localhost] Scheduler
2025-10-29 03:12:13,993 | DEBUG | WriteChecker 10000 ms elapsed since last write check. | org.apache.activemq.transport.AbstractInactivityMonitor | ActiveMQ InactivityMonitor WriteCheckTimer
2025-10-29 03:12:13,994 | DEBUG | Running WriteCheck[tcp://172.18.0.3:33456] | org.apache.activemq.transport.AbstractInactivityMonitor | ActiveMQ InactivityMonitor Worker
2025-10-29 03:12:15,428 | DEBUG | Checkpoint started. | org.apache.activemq.store.kahadb.MessageDatabase | ActiveMQ Journal Checkpoint Worker
2025-10-29 03:12:15,443 | DEBUG | Checkpoint done. | org.apache.activemq.store.kahadb.MessageDatabase | ActiveMQ Journal Checkpoint Worker
2025-10-29 03:12:16,118 | DEBUG | WriteChecker 10000 ms elapsed since last write check. | org.apache.activemq.transport.AbstractInactivityMonitor | ActiveMQ InactivityMonitor WriteCheckTimer
2025-10-29 03:12:16,119 | DEBUG | Running WriteCheck[tcp://172.18.0.1:49490] | org.apache.activemq.transport.AbstractInactivityMonitor | ActiveMQ InactivityMonitor Worker
2025-10-29 03:12:16,144 | DEBUG | WriteChecker 10000 ms elapsed since last write check. | org.apache.activemq.transport.AbstractInactivityMonitor | ActiveMQ InactivityMonitor WriteCheckTimer
2025-10-29 03:12:16,144 | DEBUG | Running WriteCheck[tcp://172.18.0.1:49496] | org.apache.activemq.transport.AbstractInactivityMonitor | ActiveMQ InactivityMonitor Worker
2025-10-29 03:12:19,943 | DEBUG | WriteChecker 10001 ms elapsed since last write check. | org.apache.activemq.transport.AbstractInactivityMonitor | ActiveMQ InactivityMonitor WriteCheckTimer
2025-10-29 03:12:19,943 | DEBUG | Running WriteCheck[tcp://172.18.0.1:40982] | org.apache.activemq.transport.AbstractInactivityMonitor | ActiveMQ InactivityMonitor Worker
2025-10-29 03:12:20,088 | DEBUG | queue://analysis.queue expiring messages .. | org.apache.activemq.broker.region.Queue | ActiveMQ Broker[localhost] Scheduler
2025-10-29 03:12:20,088 | DEBUG | analysis.queue toPageIn: 0, Inflight: 0, pagedInMessages.size 0, enqueueCount: 3, dequeueCount: 3 | org.apache.activemq.broker.region.Queue | ActiveMQ Broker[localhost] Scheduler
2025-10-29 03:12:20,088 | DEBUG | queue://analysis.queue expiring messages done. | org.apache.activemq.broker.region.Queue | ActiveMQ Broker[localhost] Scheduler
2025-10-29 03:12:20,445 | DEBUG | Checkpoint started. | org.apache.activemq.store.kahadb.MessageDatabase | ActiveMQ Journal Checkpoint Worker
2025-10-29 03:12:20,459 | DEBUG | Checkpoint done. | org.apache.activemq.store.kahadb.MessageDatabase | ActiveMQ Journal Checkpoint Worker
2025-10-29 03:12:23,989 | DEBUG | 30000 ms elapsed since last read check. | org.apache.activemq.transport.AbstractInactivityMonitor | ActiveMQ InactivityMonitor ReadCheckTimer
2025-10-29 03:12:23,993 | DEBUG | WriteChecker 10000 ms elapsed since last write check. | org.apache.activemq.transport.AbstractInactivityMonitor | ActiveMQ InactivityMonitor WriteCheckTimer
2025-10-29 03:12:23,994 | DEBUG | Running WriteCheck[tcp://172.18.0.3:33456] | org.apache.activemq.transport.AbstractInactivityMonitor | ActiveMQ InactivityMonitor Worker
2025-10-29 03:12:25,459 | DEBUG | Checkpoint started. | org.apache.activemq.store.kahadb.MessageDatabase | ActiveMQ Journal Checkpoint Worker
2025-10-29 03:12:25,473 | DEBUG | Checkpoint done. | org.apache.activemq.store.kahadb.MessageDatabase | ActiveMQ Journal Checkpoint Worker
2025-10-29 03:12:26,082 | DEBUG | 30000 ms elapsed since last read check. | org.apache.activemq.transport.AbstractInactivityMonitor | ActiveMQ InactivityMonitor ReadCheckTimer
2025-10-29 03:12:26,114 | DEBUG | 30000 ms elapsed since last read check. | org.apache.activemq.transport.AbstractInactivityMonitor | ActiveMQ InactivityMonitor ReadCheckTimer
2025-10-29 03:12:26,118 | DEBUG | WriteChecker 10000 ms elapsed since last write check. | org.apache.activemq.transport.AbstractInactivityMonitor | ActiveMQ InactivityMonitor WriteCheckTimer
2025-10-29 03:12:26,118 | DEBUG | Running WriteCheck[tcp://172.18.0.1:49490] | org.apache.activemq.transport.AbstractInactivityMonitor | ActiveMQ InactivityMonitor Worker
2025-10-29 03:12:26,144 | DEBUG | WriteChecker 10000 ms elapsed since last write check. | org.apache.activemq.transport.AbstractInactivityMonitor | ActiveMQ InactivityMonitor WriteCheckTimer
2025-10-29 03:12:26,145 | DEBUG | Running WriteCheck[tcp://172.18.0.1:49496] | org.apache.activemq.transport.AbstractInactivityMonitor | ActiveMQ InactivityMonitor Worker
2025-10-29 03:12:29,862 | DEBUG | 30000 ms elapsed since last read check. | org.apache.activemq.transport.AbstractInactivityMonitor | ActiveMQ InactivityMonitor ReadCheckTimer
2025-10-29 03:12:29,943 | DEBUG | WriteChecker 10000 ms elapsed since last write check. | org.apache.activemq.transport.AbstractInactivityMonitor | ActiveMQ InactivityMonitor WriteCheckTimer
2025-10-29 03:12:29,944 | DEBUG | Running WriteCheck[tcp://172.18.0.1:40982] | org.apache.activemq.transport.AbstractInactivityMonitor | ActiveMQ InactivityMonitor Worker
2025-10-29 03:12:30,476 | DEBUG | Checkpoint started. | org.apache.activemq.store.kahadb.MessageDatabase | ActiveMQ Journal Checkpoint Worker
2025-10-29 03:12:30,492 | DEBUG | Checkpoint done. | org.apache.activemq.store.kahadb.MessageDatabase | ActiveMQ Journal Checkpoint Worker
2025-10-29 03:12:33,993 | DEBUG | WriteChecker 10000 ms elapsed since last write check. | org.apache.activemq.transport.AbstractInactivityMonitor | ActiveMQ InactivityMonitor WriteCheckTimer
2025-10-29 03:12:33,994 | DEBUG | Running WriteCheck[tcp://172.18.0.3:33456] | org.apache.activemq.transport.AbstractInactivityMonitor | ActiveMQ InactivityMonitor Worker
2025-10-29 03:12:35,495 | DEBUG | Checkpoint started. | org.apache.activemq.store.kahadb.MessageDatabase | ActiveMQ Journal Checkpoint Worker
2025-10-29 03:12:35,510 | DEBUG | Checkpoint done. | org.apache.activemq.store.kahadb.MessageDatabase | ActiveMQ Journal Checkpoint Worker
2025-10-29 03:12:36,119 | DEBUG | WriteChecker 10001 ms elapsed since last write check. | org.apache.activemq.transport.AbstractInactivityMonitor | ActiveMQ InactivityMonitor WriteCheckTimer
2025-10-29 03:12:36,120 | DEBUG | Running WriteCheck[tcp://172.18.0.1:49490] | org.apache.activemq.transport.AbstractInactivityMonitor | ActiveMQ InactivityMonitor Worker
2025-10-29 03:12:36,144 | DEBUG | WriteChecker 10000 ms elapsed since last write check. | org.apache.activemq.transport.AbstractInactivityMonitor | ActiveMQ InactivityMonitor WriteCheckTimer
2025-10-29 03:12:36,145 | DEBUG | Running WriteCheck[tcp://172.18.0.1:49496] | org.apache.activemq.transport.AbstractInactivityMonitor | ActiveMQ InactivityMonitor Worker
2025-10-29 03:12:39,499 | DEBUG | queue://Consumer.A.VirtualTopic.Analysis expiring messages .. | org.apache.activemq.broker.region.Queue | ActiveMQ Broker[localhost] Scheduler
2025-10-29 03:12:39,499 | DEBUG | Consumer.A.VirtualTopic.Analysis toPageIn: 0, Inflight: 0, pagedInMessages.size 0, enqueueCount: 0, dequeueCount: 0 | org.apache.activemq.broker.region.Queue | ActiveMQ Broker[localhost] Scheduler
2025-10-29 03:12:39,499 | DEBUG | queue://Consumer.A.VirtualTopic.Analysis expiring messages done. | org.apache.activemq.broker.region.Queue | ActiveMQ Broker[localhost] Scheduler
2025-10-29 03:12:39,552 | DEBUG | queue://queue.analysis expiring messages .. | org.apache.activemq.broker.region.Queue | ActiveMQ Broker[localhost] Scheduler
2025-10-29 03:12:39,552 | DEBUG | queue.analysis toPageIn: 0, Inflight: 0, pagedInMessages.size 0, enqueueCount: 0, dequeueCount: 0 | org.apache.activemq.broker.region.Queue | ActiveMQ Broker[localhost] Scheduler
2025-10-29 03:12:39,552 | DEBUG | queue://queue.analysis expiring messages done. | org.apache.activemq.broker.region.Queue | ActiveMQ Broker[localhost] Scheduler
2025-10-29 03:12:39,943 | DEBUG | WriteChecker 10000 ms elapsed since last write check. | org.apache.activemq.transport.AbstractInactivityMonitor | ActiveMQ InactivityMonitor WriteCheckTimer
2025-10-29 03:12:39,944 | DEBUG | Running WriteCheck[tcp://172.18.0.1:40982] | org.apache.activemq.transport.AbstractInactivityMonitor | ActiveMQ InactivityMonitor Worker
2025-10-29 03:12:40,513 | DEBUG | Checkpoint started. | org.apache.activemq.store.kahadb.MessageDatabase | ActiveMQ Journal Checkpoint Worker
2025-10-29 03:12:40,530 | DEBUG | Checkpoint done. | org.apache.activemq.store.kahadb.MessageDatabase | ActiveMQ Journal Checkpoint Worker
2025-10-29 03:12:41,794 | DEBUG | temp-queue://ID:351d5895b329-37485-1761699249168-2:8:1 expiring messages .. | org.apache.activemq.broker.region.Queue | ActiveMQ Broker[localhost] Scheduler
2025-10-29 03:12:41,795 | DEBUG | ID:351d5895b329-37485-1761699249168-2:8:1 toPageIn: 0, Inflight: 0, pagedInMessages.size 0, enqueueCount: 0, dequeueCount: 0 | org.apache.activemq.broker.region.Queue | ActiveMQ Broker[localhost] Scheduler
2025-10-29 03:12:41,795 | DEBUG | temp-queue://ID:351d5895b329-37485-1761699249168-2:8:1 expiring messages done. | org.apache.activemq.broker.region.Queue | ActiveMQ Broker[localhost] Scheduler
2025-10-29 03:12:43,994 | DEBUG | WriteChecker 10001 ms elapsed since last write check. | org.apache.activemq.transport.AbstractInactivityMonitor | ActiveMQ InactivityMonitor WriteCheckTimer
2025-10-29 03:12:43,994 | DEBUG | Running WriteCheck[tcp://172.18.0.3:33456] | org.apache.activemq.transport.AbstractInactivityMonitor | ActiveMQ InactivityMonitor Worker
2025-10-29 03:12:45,533 | DEBUG | Checkpoint started. | org.apache.activemq.store.kahadb.MessageDatabase | ActiveMQ Journal Checkpoint Worker
2025-10-29 03:12:45,547 | DEBUG | Checkpoint done. | org.apache.activemq.store.kahadb.MessageDatabase | ActiveMQ Journal Checkpoint Worker
2025-10-29 03:12:46,119 | DEBUG | WriteChecker 10000 ms elapsed since last write check. | org.apache.activemq.transport.AbstractInactivityMonitor | ActiveMQ InactivityMonitor WriteCheckTimer
2025-10-29 03:12:46,120 | DEBUG | Running WriteCheck[tcp://172.18.0.1:49490] | org.apache.activemq.transport.AbstractInactivityMonitor | ActiveMQ InactivityMonitor Worker
2025-10-29 03:12:46,144 | DEBUG | WriteChecker 10000 ms elapsed since last write check. | org.apache.activemq.transport.AbstractInactivityMonitor | ActiveMQ InactivityMonitor WriteCheckTimer
2025-10-29 03:12:46,145 | DEBUG | Running WriteCheck[tcp://172.18.0.1:49496] | org.apache.activemq.transport.AbstractInactivityMonitor | ActiveMQ InactivityMonitor Worker
2025-10-29 03:12:49,943 | DEBUG | WriteChecker 10000 ms elapsed since last write check. | org.apache.activemq.transport.AbstractInactivityMonitor | ActiveMQ InactivityMonitor WriteCheckTimer
2025-10-29 03:12:49,944 | DEBUG | Running WriteCheck[tcp://172.18.0.1:40982] | org.apache.activemq.transport.AbstractInactivityMonitor | ActiveMQ InactivityMonitor Worker
2025-10-29 03:12:50,088 | DEBUG | queue://analysis.queue expiring messages .. | org.apache.activemq.broker.region.Queue | ActiveMQ Broker[localhost] Scheduler
2025-10-29 03:12:50,089 | DEBUG | analysis.queue toPageIn: 0, Inflight: 0, pagedInMessages.size 0, enqueueCount: 3, dequeueCount: 3 | org.apache.activemq.broker.region.Queue | ActiveMQ Broker[localhost] Scheduler
2025-10-29 03:12:50,089 | DEBUG | queue://analysis.queue expiring messages done. | org.apache.activemq.broker.region.Queue | ActiveMQ Broker[localhost] Scheduler
2025-10-29 03:12:50,550 | DEBUG | Checkpoint started. | org.apache.activemq.store.kahadb.MessageDatabase | ActiveMQ Journal Checkpoint Worker
2025-10-29 03:12:50,563 | DEBUG | Checkpoint done. | org.apache.activemq.store.kahadb.MessageDatabase | ActiveMQ Journal Checkpoint Worker
2025-10-29 03:12:53,990 | DEBUG | 30001 ms elapsed since last read check. | org.apache.activemq.transport.AbstractInactivityMonitor | ActiveMQ InactivityMonitor ReadCheckTimer
2025-10-29 03:12:53,994 | DEBUG | WriteChecker 10000 ms elapsed since last write check. | org.apache.activemq.transport.AbstractInactivityMonitor | ActiveMQ InactivityMonitor WriteCheckTimer
2025-10-29 03:12:53,995 | DEBUG | Running WriteCheck[tcp://172.18.0.3:33456] | org.apache.activemq.transport.AbstractInactivityMonitor | ActiveMQ InactivityMonitor Worker
2025-10-29 03:12:55,564 | DEBUG | Checkpoint started. | org.apache.activemq.store.kahadb.MessageDatabase | ActiveMQ Journal Checkpoint Worker
2025-10-29 03:12:55,579 | DEBUG | Checkpoint done. | org.apache.activemq.store.kahadb.MessageDatabase | ActiveMQ Journal Checkpoint Worker
2025-10-29 03:12:56,082 | DEBUG | 30000 ms elapsed since last read check. | org.apache.activemq.transport.AbstractInactivityMonitor | ActiveMQ InactivityMonitor ReadCheckTimer
2025-10-29 03:12:56,115 | DEBUG | 30001 ms elapsed since last read check. | org.apache.activemq.transport.AbstractInactivityMonitor | ActiveMQ InactivityMonitor ReadCheckTimer
2025-10-29 03:12:56,119 | DEBUG | WriteChecker 10000 ms elapsed since last write check. | org.apache.activemq.transport.AbstractInactivityMonitor | ActiveMQ InactivityMonitor WriteCheckTimer
2025-10-29 03:12:56,120 | DEBUG | Running WriteCheck[tcp://172.18.0.1:49490] | org.apache.activemq.transport.AbstractInactivityMonitor | ActiveMQ InactivityMonitor Worker
2025-10-29 03:12:56,144 | DEBUG | WriteChecker 10000 ms elapsed since last write check. | org.apache.activemq.transport.AbstractInactivityMonitor | ActiveMQ InactivityMonitor WriteCheckTimer
2025-10-29 03:12:56,145 | DEBUG | Running WriteCheck[tcp://172.18.0.1:49496] | org.apache.activemq.transport.AbstractInactivityMonitor | ActiveMQ InactivityMonitor Worker
2025-10-29 03:12:59,862 | DEBUG | 30000 ms elapsed since last read check. | org.apache.activemq.transport.AbstractInactivityMonitor | ActiveMQ InactivityMonitor ReadCheckTimer
2025-10-29 03:12:59,943 | DEBUG | WriteChecker 10000 ms elapsed since last write check. | org.apache.activemq.transport.AbstractInactivityMonitor | ActiveMQ InactivityMonitor WriteCheckTimer
2025-10-29 03:12:59,944 | DEBUG | Running WriteCheck[tcp://172.18.0.1:40982] | org.apache.activemq.transport.AbstractInactivityMonitor | ActiveMQ InactivityMonitor Worker
2025-10-29 03:13:00,583 | DEBUG | Checkpoint started. | org.apache.activemq.store.kahadb.MessageDatabase | ActiveMQ Journal Checkpoint Worker
2025-10-29 03:13:00,596 | DEBUG | Checkpoint done. | org.apache.activemq.store.kahadb.MessageDatabase | ActiveMQ Journal Checkpoint Worker
2025-10-29 03:13:03,994 | DEBUG | WriteChecker 10000 ms elapsed since last write check. | org.apache.activemq.transport.AbstractInactivityMonitor | ActiveMQ InactivityMonitor WriteCheckTimer
2025-10-29 03:13:03,994 | DEBUG | Running WriteCheck[tcp://172.18.0.3:33456] | org.apache.activemq.transport.AbstractInactivityMonitor | ActiveMQ InactivityMonitor Worker
2025-10-29 03:13:05,598 | DEBUG | Checkpoint started. | org.apache.activemq.store.kahadb.MessageDatabase | ActiveMQ Journal Checkpoint Worker
2025-10-29 03:13:05,614 | DEBUG | Checkpoint done. | org.apache.activemq.store.kahadb.MessageDatabase | ActiveMQ Journal Checkpoint Worker
2025-10-29 03:13:06,120 | DEBUG | WriteChecker 10001 ms elapsed since last write check. | org.apache.activemq.transport.AbstractInactivityMonitor | ActiveMQ InactivityMonitor WriteCheckTimer
2025-10-29 03:13:06,121 | DEBUG | Running WriteCheck[tcp://172.18.0.1:49490] | org.apache.activemq.transport.AbstractInactivityMonitor | ActiveMQ InactivityMonitor Worker
2025-10-29 03:13:06,144 | DEBUG | WriteChecker 10000 ms elapsed since last write check. | org.apache.activemq.transport.AbstractInactivityMonitor | ActiveMQ InactivityMonitor WriteCheckTimer
2025-10-29 03:13:06,144 | DEBUG | Running WriteCheck[tcp://172.18.0.1:49496] | org.apache.activemq.transport.AbstractInactivityMonitor | ActiveMQ InactivityMonitor Worker
2025-10-29 03:13:09,500 | DEBUG | queue://Consumer.A.VirtualTopic.Analysis expiring messages .. | org.apache.activemq.broker.region.Queue | ActiveMQ Broker[localhost] Scheduler
2025-10-29 03:13:09,500 | DEBUG | Consumer.A.VirtualTopic.Analysis toPageIn: 0, Inflight: 0, pagedInMessages.size 0, enqueueCount: 0, dequeueCount: 0 | org.apache.activemq.broker.region.Queue | ActiveMQ Broker[localhost] Scheduler
2025-10-29 03:13:09,501 | DEBUG | queue://Consumer.A.VirtualTopic.Analysis expiring messages done. | org.apache.activemq.broker.region.Queue | ActiveMQ Broker[localhost] Scheduler
2025-10-29 03:13:09,553 | DEBUG | queue://queue.analysis expiring messages .. | org.apache.activemq.broker.region.Queue | ActiveMQ Broker[localhost] Scheduler
2025-10-29 03:13:09,553 | DEBUG | queue.analysis toPageIn: 0, Inflight: 0, pagedInMessages.size 0, enqueueCount: 0, dequeueCount: 0 | org.apache.activemq.broker.region.Queue | ActiveMQ Broker[localhost] Scheduler
2025-10-29 03:13:09,554 | DEBUG | queue://queue.analysis expiring messages done. | org.apache.activemq.broker.region.Queue | ActiveMQ Broker[localhost] Scheduler
2025-10-29 03:13:09,943 | DEBUG | WriteChecker 10000 ms elapsed since last write check. | org.apache.activemq.transport.AbstractInactivityMonitor | ActiveMQ InactivityMonitor WriteCheckTimer
2025-10-29 03:13:09,944 | DEBUG | Running WriteCheck[tcp://172.18.0.1:40982] | org.apache.activemq.transport.AbstractInactivityMonitor | ActiveMQ InactivityMonitor Worker
2025-10-29 03:13:10,618 | DEBUG | Checkpoint started. | org.apache.activemq.store.kahadb.MessageDatabase | ActiveMQ Journal Checkpoint Worker
2025-10-29 03:13:10,634 | DEBUG | Checkpoint done. | org.apache.activemq.store.kahadb.MessageDatabase | ActiveMQ Journal Checkpoint Worker
2025-10-29 03:13:11,794 | DEBUG | temp-queue://ID:351d5895b329-37485-1761699249168-2:8:1 expiring messages .. | org.apache.activemq.broker.region.Queue | ActiveMQ Broker[localhost] Scheduler
2025-10-29 03:13:11,794 | DEBUG | ID:351d5895b329-37485-1761699249168-2:8:1 toPageIn: 0, Inflight: 0, pagedInMessages.size 0, enqueueCount: 0, dequeueCount: 0 | org.apache.activemq.broker.region.Queue | ActiveMQ Broker[localhost] Scheduler
2025-10-29 03:13:11,795 | DEBUG | temp-queue://ID:351d5895b329-37485-1761699249168-2:8:1 expiring messages done. | org.apache.activemq.broker.region.Queue | ActiveMQ Broker[localhost] Scheduler
2025-10-29 03:13:13,994 | DEBUG | WriteChecker 10000 ms elapsed since last write check. | org.apache.activemq.transport.AbstractInactivityMonitor | ActiveMQ InactivityMonitor WriteCheckTimer
2025-10-29 03:13:13,995 | DEBUG | Running WriteCheck[tcp://172.18.0.3:33456] | org.apache.activemq.transport.AbstractInactivityMonitor | ActiveMQ InactivityMonitor Worker
2025-10-29 03:13:15,638 | DEBUG | Checkpoint started. | org.apache.activemq.store.kahadb.MessageDatabase | ActiveMQ Journal Checkpoint Worker
2025-10-29 03:13:15,652 | DEBUG | Checkpoint done. | org.apache.activemq.store.kahadb.MessageDatabase | ActiveMQ Journal Checkpoint Worker
2025-10-29 03:13:16,120 | DEBUG | WriteChecker 10000 ms elapsed since last write check. | org.apache.activemq.transport.AbstractInactivityMonitor | ActiveMQ InactivityMonitor WriteCheckTimer
2025-10-29 03:13:16,121 | DEBUG | Running WriteCheck[tcp://172.18.0.1:49490] | org.apache.activemq.transport.AbstractInactivityMonitor | ActiveMQ InactivityMonitor Worker
2025-10-29 03:13:16,144 | DEBUG | WriteChecker 10000 ms elapsed since last write check. | org.apache.activemq.transport.AbstractInactivityMonitor | ActiveMQ InactivityMonitor WriteCheckTimer
2025-10-29 03:13:16,144 | DEBUG | Running WriteCheck[tcp://172.18.0.1:49496] | org.apache.activemq.transport.AbstractInactivityMonitor | ActiveMQ InactivityMonitor Worker
2025-10-29 03:13:19,943 | DEBUG | WriteChecker 10000 ms elapsed since last write check. | org.apache.activemq.transport.AbstractInactivityMonitor | ActiveMQ InactivityMonitor WriteCheckTimer
2025-10-29 03:13:19,944 | DEBUG | Running WriteCheck[tcp://172.18.0.1:40982] | org.apache.activemq.transport.AbstractInactivityMonitor | ActiveMQ InactivityMonitor Worker
2025-10-29 03:13:20,088 | DEBUG | queue://analysis.queue expiring messages .. | org.apache.activemq.broker.region.Queue | ActiveMQ Broker[localhost] Scheduler
2025-10-29 03:13:20,089 | DEBUG | analysis.queue toPageIn: 0, Inflight: 0, pagedInMessages.size 0, enqueueCount: 3, dequeueCount: 3 | org.apache.activemq.broker.region.Queue | ActiveMQ Broker[localhost] Scheduler
2025-10-29 03:13:20,089 | DEBUG | queue://analysis.queue expiring messages done. | org.apache.activemq.broker.region.Queue | ActiveMQ Broker[localhost] Scheduler
2025-10-29 03:13:20,654 | DEBUG | Checkpoint started. | org.apache.activemq.store.kahadb.MessageDatabase | ActiveMQ Journal Checkpoint Worker
2025-10-29 03:13:20,670 | DEBUG | Checkpoint done. | org.apache.activemq.store.kahadb.MessageDatabase | ActiveMQ Journal Checkpoint Worker
2025-10-29 03:13:23,990 | DEBUG | 30000 ms elapsed since last read check. | org.apache.activemq.transport.AbstractInactivityMonitor | ActiveMQ InactivityMonitor ReadCheckTimer
2025-10-29 03:13:23,994 | DEBUG | WriteChecker 10000 ms elapsed since last write check. | org.apache.activemq.transport.AbstractInactivityMonitor | ActiveMQ InactivityMonitor WriteCheckTimer
2025-10-29 03:13:23,994 | DEBUG | Running WriteCheck[tcp://172.18.0.3:33456] | org.apache.activemq.transport.AbstractInactivityMonitor | ActiveMQ InactivityMonitor Worker
2025-10-29 03:13:25,670 | DEBUG | Checkpoint started. | org.apache.activemq.store.kahadb.MessageDatabase | ActiveMQ Journal Checkpoint Worker
2025-10-29 03:13:25,683 | DEBUG | Checkpoint done. | org.apache.activemq.store.kahadb.MessageDatabase | ActiveMQ Journal Checkpoint Worker
2025-10-29 03:13:26,083 | DEBUG | 30001 ms elapsed since last read check. | org.apache.activemq.transport.AbstractInactivityMonitor | ActiveMQ InactivityMonitor ReadCheckTimer
2025-10-29 03:13:26,115 | DEBUG | 30000 ms elapsed since last read check. | org.apache.activemq.transport.AbstractInactivityMonitor | ActiveMQ InactivityMonitor ReadCheckTimer
2025-10-29 03:13:26,120 | DEBUG | WriteChecker 10000 ms elapsed since last write check. | org.apache.activemq.transport.AbstractInactivityMonitor | ActiveMQ InactivityMonitor WriteCheckTimer
2025-10-29 03:13:26,121 | DEBUG | Running WriteCheck[tcp://172.18.0.1:49490] | org.apache.activemq.transport.AbstractInactivityMonitor | ActiveMQ InactivityMonitor Worker
2025-10-29 03:13:26,144 | DEBUG | WriteChecker 10000 ms elapsed since last write check. | org.apache.activemq.transport.AbstractInactivityMonitor | ActiveMQ InactivityMonitor WriteCheckTimer
2025-10-29 03:13:26,144 | DEBUG | Running WriteCheck[tcp://172.18.0.1:49496] | org.apache.activemq.transport.AbstractInactivityMonitor | ActiveMQ InactivityMonitor Worker
2025-10-29 03:13:29,862 | DEBUG | 30000 ms elapsed since last read check. | org.apache.activemq.transport.AbstractInactivityMonitor | ActiveMQ InactivityMonitor ReadCheckTimer
2025-10-29 03:13:29,943 | DEBUG | WriteChecker 10000 ms elapsed since last write check. | org.apache.activemq.transport.AbstractInactivityMonitor | ActiveMQ InactivityMonitor WriteCheckTimer
2025-10-29 03:13:29,944 | DEBUG | Running WriteCheck[tcp://172.18.0.1:40982] | org.apache.activemq.transport.AbstractInactivityMonitor | ActiveMQ InactivityMonitor Worker
2025-10-29 03:13:30,685 | DEBUG | Checkpoint started. | org.apache.activemq.store.kahadb.MessageDatabase | ActiveMQ Journal Checkpoint Worker
2025-10-29 03:13:30,701 | DEBUG | Checkpoint done. | org.apache.activemq.store.kahadb.MessageDatabase | ActiveMQ Journal Checkpoint Worker
2025-10-29 03:13:33,994 | DEBUG | WriteChecker 10000 ms elapsed since last write check. | org.apache.activemq.transport.AbstractInactivityMonitor | ActiveMQ InactivityMonitor WriteCheckTimer
2025-10-29 03:13:33,996 | DEBUG | Running WriteCheck[tcp://172.18.0.3:33456] | org.apache.activemq.transport.AbstractInactivityMonitor | ActiveMQ InactivityMonitor Worker
2025-10-29 03:13:35,703 | DEBUG | Checkpoint started. | org.apache.activemq.store.kahadb.MessageDatabase | ActiveMQ Journal Checkpoint Worker
2025-10-29 03:13:35,716 | DEBUG | Checkpoint done. | org.apache.activemq.store.kahadb.MessageDatabase | ActiveMQ Journal Checkpoint Worker
2025-10-29 03:13:36,120 | DEBUG | WriteChecker 10000 ms elapsed since last write check. | org.apache.activemq.transport.AbstractInactivityMonitor | ActiveMQ InactivityMonitor WriteCheckTimer
2025-10-29 03:13:36,120 | DEBUG | Running WriteCheck[tcp://172.18.0.1:49490] | org.apache.activemq.transport.AbstractInactivityMonitor | ActiveMQ InactivityMonitor Worker
2025-10-29 03:13:36,144 | DEBUG | WriteChecker 10000 ms elapsed since last write check. | org.apache.activemq.transport.AbstractInactivityMonitor | ActiveMQ InactivityMonitor WriteCheckTimer
2025-10-29 03:13:36,145 | DEBUG | Running WriteCheck[tcp://172.18.0.1:49496] | org.apache.activemq.transport.AbstractInactivityMonitor | ActiveMQ InactivityMonitor Worker
2025-10-29 03:13:39,500 | DEBUG | queue://Consumer.A.VirtualTopic.Analysis expiring messages .. | org.apache.activemq.broker.region.Queue | ActiveMQ Broker[localhost] Scheduler
2025-10-29 03:13:39,500 | DEBUG | Consumer.A.VirtualTopic.Analysis toPageIn: 0, Inflight: 0, pagedInMessages.size 0, enqueueCount: 0, dequeueCount: 0 | org.apache.activemq.broker.region.Queue | ActiveMQ Broker[localhost] Scheduler
2025-10-29 03:13:39,501 | DEBUG | queue://Consumer.A.VirtualTopic.Analysis expiring messages done. | org.apache.activemq.broker.region.Queue | ActiveMQ Broker[localhost] Scheduler
2025-10-29 03:13:39,553 | DEBUG | queue://queue.analysis expiring messages .. | org.apache.activemq.broker.region.Queue | ActiveMQ Broker[localhost] Scheduler
2025-10-29 03:13:39,554 | DEBUG | queue.analysis toPageIn: 0, Inflight: 0, pagedInMessages.size 0, enqueueCount: 0, dequeueCount: 0 | org.apache.activemq.broker.region.Queue | ActiveMQ Broker[localhost] Scheduler
2025-10-29 03:13:39,554 | DEBUG | queue://queue.analysis expiring messages done. | org.apache.activemq.broker.region.Queue | ActiveMQ Broker[localhost] Scheduler
2025-10-29 03:13:39,943 | DEBUG | WriteChecker 10000 ms elapsed since last write check. | org.apache.activemq.transport.AbstractInactivityMonitor | ActiveMQ InactivityMonitor WriteCheckTimer
2025-10-29 03:13:39,944 | DEBUG | Running WriteCheck[tcp://172.18.0.1:40982] | org.apache.activemq.transport.AbstractInactivityMonitor | ActiveMQ InactivityMonitor Worker
2025-10-29 03:13:40,718 | DEBUG | Checkpoint started. | org.apache.activemq.store.kahadb.MessageDatabase | ActiveMQ Journal Checkpoint Worker
2025-10-29 03:13:40,732 | DEBUG | Checkpoint done. | org.apache.activemq.store.kahadb.MessageDatabase | ActiveMQ Journal Checkpoint Worker
2025-10-29 03:13:41,793 | DEBUG | temp-queue://ID:351d5895b329-37485-1761699249168-2:8:1 expiring messages .. | org.apache.activemq.broker.region.Queue | ActiveMQ Broker[localhost] Scheduler
2025-10-29 03:13:41,794 | DEBUG | ID:351d5895b329-37485-1761699249168-2:8:1 toPageIn: 0, Inflight: 0, pagedInMessages.size 0, enqueueCount: 0, dequeueCount: 0 | org.apache.activemq.broker.region.Queue | ActiveMQ Broker[localhost] Scheduler
2025-10-29 03:13:41,794 | DEBUG | temp-queue://ID:351d5895b329-37485-1761699249168-2:8:1 expiring messages done. | org.apache.activemq.broker.region.Queue | ActiveMQ Broker[localhost] Scheduler
2025-10-29 03:13:43,994 | DEBUG | WriteChecker 10000 ms elapsed since last write check. | org.apache.activemq.transport.AbstractInactivityMonitor | ActiveMQ InactivityMonitor WriteCheckTimer
2025-10-29 03:13:43,994 | DEBUG | Running WriteCheck[tcp://172.18.0.3:33456] | org.apache.activemq.transport.AbstractInactivityMonitor | ActiveMQ InactivityMonitor Worker
2025-10-29 03:13:45,735 | DEBUG | Checkpoint started. | org.apache.activemq.store.kahadb.MessageDatabase | ActiveMQ Journal Checkpoint Worker
2025-10-29 03:13:45,751 | DEBUG | Checkpoint done. | org.apache.activemq.store.kahadb.MessageDatabase | ActiveMQ Journal Checkpoint Worker
2025-10-29 03:13:46,121 | DEBUG | WriteChecker 10000 ms elapsed since last write check. | org.apache.activemq.transport.AbstractInactivityMonitor | ActiveMQ InactivityMonitor WriteCheckTimer
2025-10-29 03:13:46,121 | DEBUG | Running WriteCheck[tcp://172.18.0.1:49490] | org.apache.activemq.transport.AbstractInactivityMonitor | ActiveMQ InactivityMonitor Worker
2025-10-29 03:13:46,144 | DEBUG | WriteChecker 10000 ms elapsed since last write check. | org.apache.activemq.transport.AbstractInactivityMonitor | ActiveMQ InactivityMonitor WriteCheckTimer
2025-10-29 03:13:46,145 | DEBUG | Running WriteCheck[tcp://172.18.0.1:49496] | org.apache.activemq.transport.AbstractInactivityMonitor | ActiveMQ InactivityMonitor Worker
2025-10-29 03:13:49,943 | DEBUG | WriteChecker 10000 ms elapsed since last write check. | org.apache.activemq.transport.AbstractInactivityMonitor | ActiveMQ InactivityMonitor WriteCheckTimer
2025-10-29 03:13:49,944 | DEBUG | Running WriteCheck[tcp://172.18.0.1:40982] | org.apache.activemq.transport.AbstractInactivityMonitor | ActiveMQ InactivityMonitor Worker
2025-10-29 03:13:50,088 | DEBUG | queue://analysis.queue expiring messages .. | org.apache.activemq.broker.region.Queue | ActiveMQ Broker[localhost] Scheduler
2025-10-29 03:13:50,088 | DEBUG | analysis.queue toPageIn: 0, Inflight: 0, pagedInMessages.size 0, enqueueCount: 3, dequeueCount: 3 | org.apache.activemq.broker.region.Queue | ActiveMQ Broker[localhost] Scheduler
2025-10-29 03:13:50,088 | DEBUG | queue://analysis.queue expiring messages done. | org.apache.activemq.broker.region.Queue | ActiveMQ Broker[localhost] Scheduler
2025-10-29 03:13:50,753 | DEBUG | Checkpoint started. | org.apache.activemq.store.kahadb.MessageDatabase | ActiveMQ Journal Checkpoint Worker
2025-10-29 03:13:50,769 | DEBUG | Checkpoint done. | org.apache.activemq.store.kahadb.MessageDatabase | ActiveMQ Journal Checkpoint Worker
2025-10-29 03:13:53,990 | DEBUG | 30000 ms elapsed since last read check. | org.apache.activemq.transport.AbstractInactivityMonitor | ActiveMQ InactivityMonitor ReadCheckTimer
2025-10-29 03:13:53,994 | DEBUG | WriteChecker 10000 ms elapsed since last write check. | org.apache.activemq.transport.AbstractInactivityMonitor | ActiveMQ InactivityMonitor WriteCheckTimer
2025-10-29 03:13:53,994 | DEBUG | Running WriteCheck[tcp://172.18.0.3:33456] | org.apache.activemq.transport.AbstractInactivityMonitor | ActiveMQ InactivityMonitor Worker
2025-10-29 03:13:55,770 | DEBUG | Checkpoint started. | org.apache.activemq.store.kahadb.MessageDatabase | ActiveMQ Journal Checkpoint Worker
2025-10-29 03:13:55,786 | DEBUG | Checkpoint done. | org.apache.activemq.store.kahadb.MessageDatabase | ActiveMQ Journal Checkpoint Worker
2025-10-29 03:13:56,084 | DEBUG | 30001 ms elapsed since last read check. | org.apache.activemq.transport.AbstractInactivityMonitor | ActiveMQ InactivityMonitor ReadCheckTimer
2025-10-29 03:13:56,116 | DEBUG | 30001 ms elapsed since last read check. | org.apache.activemq.transport.AbstractInactivityMonitor | ActiveMQ InactivityMonitor ReadCheckTimer
2025-10-29 03:13:56,121 | DEBUG | WriteChecker 10001 ms elapsed since last write check. | org.apache.activemq.transport.AbstractInactivityMonitor | ActiveMQ InactivityMonitor WriteCheckTimer
2025-10-29 03:13:56,122 | DEBUG | Running WriteCheck[tcp://172.18.0.1:49490] | org.apache.activemq.transport.AbstractInactivityMonitor | ActiveMQ InactivityMonitor Worker
2025-10-29 03:13:56,144 | DEBUG | WriteChecker 10000 ms elapsed since last write check. | org.apache.activemq.transport.AbstractInactivityMonitor | ActiveMQ InactivityMonitor WriteCheckTimer
2025-10-29 03:13:56,145 | DEBUG | Running WriteCheck[tcp://172.18.0.1:49496] | org.apache.activemq.transport.AbstractInactivityMonitor | ActiveMQ InactivityMonitor Worker
2025-10-29 03:13:59,862 | DEBUG | 30000 ms elapsed since last read check. | org.apache.activemq.transport.AbstractInactivityMonitor | ActiveMQ InactivityMonitor ReadCheckTimer
2025-10-29 03:13:59,944 | DEBUG | WriteChecker 10001 ms elapsed since last write check. | org.apache.activemq.transport.AbstractInactivityMonitor | ActiveMQ InactivityMonitor WriteCheckTimer
2025-10-29 03:13:59,944 | DEBUG | Running WriteCheck[tcp://172.18.0.1:40982] | org.apache.activemq.transport.AbstractInactivityMonitor | ActiveMQ InactivityMonitor Worker
2025-10-29 03:14:00,790 | DEBUG | Checkpoint started. | org.apache.activemq.store.kahadb.MessageDatabase | ActiveMQ Journal Checkpoint Worker
2025-10-29 03:14:00,805 | DEBUG | Checkpoint done. | org.apache.activemq.store.kahadb.MessageDatabase | ActiveMQ Journal Checkpoint Worker
2025-10-29 03:14:03,994 | DEBUG | WriteChecker 10000 ms elapsed since last write check. | org.apache.activemq.transport.AbstractInactivityMonitor | ActiveMQ InactivityMonitor WriteCheckTimer
2025-10-29 03:14:03,995 | DEBUG | Running WriteCheck[tcp://172.18.0.3:33456] | org.apache.activemq.transport.AbstractInactivityMonitor | ActiveMQ InactivityMonitor Worker
2025-10-29 03:14:05,807 | DEBUG | Checkpoint started. | org.apache.activemq.store.kahadb.MessageDatabase | ActiveMQ Journal Checkpoint Worker
2025-10-29 03:14:05,823 | DEBUG | Checkpoint done. | org.apache.activemq.store.kahadb.MessageDatabase | ActiveMQ Journal Checkpoint Worker
2025-10-29 03:14:06,121 | DEBUG | WriteChecker 10000 ms elapsed since last write check. | org.apache.activemq.transport.AbstractInactivityMonitor | ActiveMQ InactivityMonitor WriteCheckTimer
2025-10-29 03:14:06,121 | DEBUG | Running WriteCheck[tcp://172.18.0.1:49490] | org.apache.activemq.transport.AbstractInactivityMonitor | ActiveMQ InactivityMonitor Worker
2025-10-29 03:14:06,145 | DEBUG | WriteChecker 10001 ms elapsed since last write check. | org.apache.activemq.transport.AbstractInactivityMonitor | ActiveMQ InactivityMonitor WriteCheckTimer
2025-10-29 03:14:06,145 | DEBUG | Running WriteCheck[tcp://172.18.0.1:49496] | org.apache.activemq.transport.AbstractInactivityMonitor | ActiveMQ InactivityMonitor Worker
2025-10-29 03:14:09,500 | DEBUG | queue://Consumer.A.VirtualTopic.Analysis expiring messages .. | org.apache.activemq.broker.region.Queue | ActiveMQ Broker[localhost] Scheduler
2025-10-29 03:14:09,501 | DEBUG | Consumer.A.VirtualTopic.Analysis toPageIn: 0, Inflight: 0, pagedInMessages.size 0, enqueueCount: 0, dequeueCount: 0 | org.apache.activemq.broker.region.Queue | ActiveMQ Broker[localhost] Scheduler
2025-10-29 03:14:09,501 | DEBUG | queue://Consumer.A.VirtualTopic.Analysis expiring messages done. | org.apache.activemq.broker.region.Queue | ActiveMQ Broker[localhost] Scheduler
2025-10-29 03:14:09,553 | DEBUG | queue://queue.analysis expiring messages .. | org.apache.activemq.broker.region.Queue | ActiveMQ Broker[localhost] Scheduler
2025-10-29 03:14:09,554 | DEBUG | queue.analysis toPageIn: 0, Inflight: 0, pagedInMessages.size 0, enqueueCount: 0, dequeueCount: 0 | org.apache.activemq.broker.region.Queue | ActiveMQ Broker[localhost] Scheduler
2025-10-29 03:14:09,554 | DEBUG | queue://queue.analysis expiring messages done. | org.apache.activemq.broker.region.Queue | ActiveMQ Broker[localhost] Scheduler
2025-10-29 03:14:09,944 | DEBUG | WriteChecker 10000 ms elapsed since last write check. | org.apache.activemq.transport.AbstractInactivityMonitor | ActiveMQ InactivityMonitor WriteCheckTimer
2025-10-29 03:14:09,945 | DEBUG | Running WriteCheck[tcp://172.18.0.1:40982] | org.apache.activemq.transport.AbstractInactivityMonitor | ActiveMQ InactivityMonitor Worker
2025-10-29 03:14:10,826 | DEBUG | Checkpoint started. | org.apache.activemq.store.kahadb.MessageDatabase | ActiveMQ Journal Checkpoint Worker
2025-10-29 03:14:10,843 | DEBUG | Checkpoint done. | org.apache.activemq.store.kahadb.MessageDatabase | ActiveMQ Journal Checkpoint Worker
2025-10-29 03:14:11,794 | DEBUG | temp-queue://ID:351d5895b329-37485-1761699249168-2:8:1 expiring messages .. | org.apache.activemq.broker.region.Queue | ActiveMQ Broker[localhost] Scheduler
2025-10-29 03:14:11,795 | DEBUG | ID:351d5895b329-37485-1761699249168-2:8:1 toPageIn: 0, Inflight: 0, pagedInMessages.size 0, enqueueCount: 0, dequeueCount: 0 | org.apache.activemq.broker.region.Queue | ActiveMQ Broker[localhost] Scheduler
2025-10-29 03:14:11,795 | DEBUG | temp-queue://ID:351d5895b329-37485-1761699249168-2:8:1 expiring messages done. | org.apache.activemq.broker.region.Queue | ActiveMQ Broker[localhost] Scheduler
2025-10-29 03:14:13,994 | DEBUG | WriteChecker 10000 ms elapsed since last write check. | org.apache.activemq.transport.AbstractInactivityMonitor | ActiveMQ InactivityMonitor WriteCheckTimer
2025-10-29 03:14:13,995 | DEBUG | Running WriteCheck[tcp://172.18.0.3:33456] | org.apache.activemq.transport.AbstractInactivityMonitor | ActiveMQ InactivityMonitor Worker
2025-10-29 03:14:15,848 | DEBUG | Checkpoint started. | org.apache.activemq.store.kahadb.MessageDatabase | ActiveMQ Journal Checkpoint Worker
2025-10-29 03:14:15,862 | DEBUG | Checkpoint done. | org.apache.activemq.store.kahadb.MessageDatabase | ActiveMQ Journal Checkpoint Worker
2025-10-29 03:14:16,121 | DEBUG | WriteChecker 10000 ms elapsed since last write check. | org.apache.activemq.transport.AbstractInactivityMonitor | ActiveMQ InactivityMonitor WriteCheckTimer
2025-10-29 03:14:16,122 | DEBUG | Running WriteCheck[tcp://172.18.0.1:49490] | org.apache.activemq.transport.AbstractInactivityMonitor | ActiveMQ InactivityMonitor Worker
2025-10-29 03:14:16,145 | DEBUG | WriteChecker 10000 ms elapsed since last write check. | org.apache.activemq.transport.AbstractInactivityMonitor | ActiveMQ InactivityMonitor WriteCheckTimer
2025-10-29 03:14:16,146 | DEBUG | Running WriteCheck[tcp://172.18.0.1:49496] | org.apache.activemq.transport.AbstractInactivityMonitor | ActiveMQ InactivityMonitor Worker
2025-10-29 03:14:19,944 | DEBUG | WriteChecker 10000 ms elapsed since last write check. | org.apache.activemq.transport.AbstractInactivityMonitor | ActiveMQ InactivityMonitor WriteCheckTimer
2025-10-29 03:14:19,944 | DEBUG | Running WriteCheck[tcp://172.18.0.1:40982] | org.apache.activemq.transport.AbstractInactivityMonitor | ActiveMQ InactivityMonitor Worker
2025-10-29 03:14:20,089 | DEBUG | queue://analysis.queue expiring messages .. | org.apache.activemq.broker.region.Queue | ActiveMQ Broker[localhost] Scheduler
2025-10-29 03:14:20,090 | DEBUG | analysis.queue toPageIn: 0, Inflight: 0, pagedInMessages.size 0, enqueueCount: 3, dequeueCount: 3 | org.apache.activemq.broker.region.Queue | ActiveMQ Broker[localhost] Scheduler
2025-10-29 03:14:20,090 | DEBUG | queue://analysis.queue expiring messages done. | org.apache.activemq.broker.region.Queue | ActiveMQ Broker[localhost] Scheduler
2025-10-29 03:14:20,866 | DEBUG | Checkpoint started. | org.apache.activemq.store.kahadb.MessageDatabase | ActiveMQ Journal Checkpoint Worker
2025-10-29 03:14:20,881 | DEBUG | Checkpoint done. | org.apache.activemq.store.kahadb.MessageDatabase | ActiveMQ Journal Checkpoint Worker
2025-10-29 03:14:23,991 | DEBUG | 30001 ms elapsed since last read check. | org.apache.activemq.transport.AbstractInactivityMonitor | ActiveMQ InactivityMonitor ReadCheckTimer
2025-10-29 03:14:23,995 | DEBUG | WriteChecker 10001 ms elapsed since last write check. | org.apache.activemq.transport.AbstractInactivityMonitor | ActiveMQ InactivityMonitor WriteCheckTimer
2025-10-29 03:14:23,995 | DEBUG | Running WriteCheck[tcp://172.18.0.3:33456] | org.apache.activemq.transport.AbstractInactivityMonitor | ActiveMQ InactivityMonitor Worker
2025-10-29 03:14:25,882 | DEBUG | Checkpoint started. | org.apache.activemq.store.kahadb.MessageDatabase | ActiveMQ Journal Checkpoint Worker
2025-10-29 03:14:25,895 | DEBUG | Checkpoint done. | org.apache.activemq.store.kahadb.MessageDatabase | ActiveMQ Journal Checkpoint Worker
2025-10-29 03:14:26,084 | DEBUG | 30000 ms elapsed since last read check. | org.apache.activemq.transport.AbstractInactivityMonitor | ActiveMQ InactivityMonitor ReadCheckTimer
2025-10-29 03:14:26,116 | DEBUG | 30000 ms elapsed since last read check. | org.apache.activemq.transport.AbstractInactivityMonitor | ActiveMQ InactivityMonitor ReadCheckTimer
2025-10-29 03:14:26,121 | DEBUG | WriteChecker 10000 ms elapsed since last write check. | org.apache.activemq.transport.AbstractInactivityMonitor | ActiveMQ InactivityMonitor WriteCheckTimer
2025-10-29 03:14:26,122 | DEBUG | Running WriteCheck[tcp://172.18.0.1:49490] | org.apache.activemq.transport.AbstractInactivityMonitor | ActiveMQ InactivityMonitor Worker
2025-10-29 03:14:26,145 | DEBUG | WriteChecker 10000 ms elapsed since last write check. | org.apache.activemq.transport.AbstractInactivityMonitor | ActiveMQ InactivityMonitor WriteCheckTimer
2025-10-29 03:14:26,145 | DEBUG | Running WriteCheck[tcp://172.18.0.1:49496] | org.apache.activemq.transport.AbstractInactivityMonitor | ActiveMQ InactivityMonitor Worker
2025-10-29 03:14:29,862 | DEBUG | 30000 ms elapsed since last read check. | org.apache.activemq.transport.AbstractInactivityMonitor | ActiveMQ InactivityMonitor ReadCheckTimer
2025-10-29 03:14:29,944 | DEBUG | WriteChecker 10000 ms elapsed since last write check. | org.apache.activemq.transport.AbstractInactivityMonitor | ActiveMQ InactivityMonitor WriteCheckTimer
2025-10-29 03:14:29,945 | DEBUG | Running WriteCheck[tcp://172.18.0.1:40982] | org.apache.activemq.transport.AbstractInactivityMonitor | ActiveMQ InactivityMonitor Worker
2025-10-29 03:14:30,897 | DEBUG | Checkpoint started. | org.apache.activemq.store.kahadb.MessageDatabase | ActiveMQ Journal Checkpoint Worker
2025-10-29 03:14:30,912 | DEBUG | Checkpoint done. | org.apache.activemq.store.kahadb.MessageDatabase | ActiveMQ Journal Checkpoint Worker
2025-10-29 03:14:33,996 | DEBUG | WriteChecker 10001 ms elapsed since last write check. | org.apache.activemq.transport.AbstractInactivityMonitor | ActiveMQ InactivityMonitor WriteCheckTimer
2025-10-29 03:14:33,996 | DEBUG | Running WriteCheck[tcp://172.18.0.3:33456] | org.apache.activemq.transport.AbstractInactivityMonitor | ActiveMQ InactivityMonitor Worker
2025-10-29 03:14:35,914 | DEBUG | Checkpoint started. | org.apache.activemq.store.kahadb.MessageDatabase | ActiveMQ Journal Checkpoint Worker
2025-10-29 03:14:35,929 | DEBUG | Checkpoint done. | org.apache.activemq.store.kahadb.MessageDatabase | ActiveMQ Journal Checkpoint Worker
2025-10-29 03:14:36,121 | DEBUG | WriteChecker 10000 ms elapsed since last write check. | org.apache.activemq.transport.AbstractInactivityMonitor | ActiveMQ InactivityMonitor WriteCheckTimer
2025-10-29 03:14:36,122 | DEBUG | Running WriteCheck[tcp://172.18.0.1:49490] | org.apache.activemq.transport.AbstractInactivityMonitor | ActiveMQ InactivityMonitor Worker
2025-10-29 03:14:36,145 | DEBUG | WriteChecker 10000 ms elapsed since last write check. | org.apache.activemq.transport.AbstractInactivityMonitor | ActiveMQ InactivityMonitor WriteCheckTimer
2025-10-29 03:14:36,146 | DEBUG | Running WriteCheck[tcp://172.18.0.1:49496] | org.apache.activemq.transport.AbstractInactivityMonitor | ActiveMQ InactivityMonitor Worker
2025-10-29 03:14:39,500 | DEBUG | queue://Consumer.A.VirtualTopic.Analysis expiring messages .. | org.apache.activemq.broker.region.Queue | ActiveMQ Broker[localhost] Scheduler
2025-10-29 03:14:39,501 | DEBUG | Consumer.A.VirtualTopic.Analysis toPageIn: 0, Inflight: 0, pagedInMessages.size 0, enqueueCount: 0, dequeueCount: 0 | org.apache.activemq.broker.region.Queue | ActiveMQ Broker[localhost] Scheduler
2025-10-29 03:14:39,501 | DEBUG | queue://Consumer.A.VirtualTopic.Analysis expiring messages done. | org.apache.activemq.broker.region.Queue | ActiveMQ Broker[localhost] Scheduler
2025-10-29 03:14:39,553 | DEBUG | queue://queue.analysis expiring messages .. | org.apache.activemq.broker.region.Queue | ActiveMQ Broker[localhost] Scheduler
2025-10-29 03:14:39,554 | DEBUG | queue.analysis toPageIn: 0, Inflight: 0, pagedInMessages.size 0, enqueueCount: 0, dequeueCount: 0 | org.apache.activemq.broker.region.Queue | ActiveMQ Broker[localhost] Scheduler
2025-10-29 03:14:39,554 | DEBUG | queue://queue.analysis expiring messages done. | org.apache.activemq.broker.region.Queue | ActiveMQ Broker[localhost] Scheduler
2025-10-29 03:14:39,944 | DEBUG | WriteChecker 10000 ms elapsed since last write check. | org.apache.activemq.transport.AbstractInactivityMonitor | ActiveMQ InactivityMonitor WriteCheckTimer
2025-10-29 03:14:39,945 | DEBUG | Running WriteCheck[tcp://172.18.0.1:40982] | org.apache.activemq.transport.AbstractInactivityMonitor | ActiveMQ InactivityMonitor Worker
2025-10-29 03:14:40,931 | DEBUG | Checkpoint started. | org.apache.activemq.store.kahadb.MessageDatabase | ActiveMQ Journal Checkpoint Worker
2025-10-29 03:14:40,944 | DEBUG | Checkpoint done. | org.apache.activemq.store.kahadb.MessageDatabase | ActiveMQ Journal Checkpoint Worker
2025-10-29 03:14:41,794 | DEBUG | temp-queue://ID:351d5895b329-37485-1761699249168-2:8:1 expiring messages .. | org.apache.activemq.broker.region.Queue | ActiveMQ Broker[localhost] Scheduler
2025-10-29 03:14:41,795 | DEBUG | ID:351d5895b329-37485-1761699249168-2:8:1 toPageIn: 0, Inflight: 0, pagedInMessages.size 0, enqueueCount: 0, dequeueCount: 0 | org.apache.activemq.broker.region.Queue | ActiveMQ Broker[localhost] Scheduler
2025-10-29 03:14:41,795 | DEBUG | temp-queue://ID:351d5895b329-37485-1761699249168-2:8:1 expiring messages done. | org.apache.activemq.broker.region.Queue | ActiveMQ Broker[localhost] Scheduler
2025-10-29 03:14:43,996 | DEBUG | WriteChecker 10000 ms elapsed since last write check. | org.apache.activemq.transport.AbstractInactivityMonitor | ActiveMQ InactivityMonitor WriteCheckTimer
2025-10-29 03:14:43,997 | DEBUG | Running WriteCheck[tcp://172.18.0.3:33456] | org.apache.activemq.transport.AbstractInactivityMonitor | ActiveMQ InactivityMonitor Worker
2025-10-29 03:14:45,946 | DEBUG | Checkpoint started. | org.apache.activemq.store.kahadb.MessageDatabase | ActiveMQ Journal Checkpoint Worker
2025-10-29 03:14:45,963 | DEBUG | Checkpoint done. | org.apache.activemq.store.kahadb.MessageDatabase | ActiveMQ Journal Checkpoint Worker
2025-10-29 03:14:46,122 | DEBUG | WriteChecker 10001 ms elapsed since last write check. | org.apache.activemq.transport.AbstractInactivityMonitor | ActiveMQ InactivityMonitor WriteCheckTimer
2025-10-29 03:14:46,123 | DEBUG | Running WriteCheck[tcp://172.18.0.1:49490] | org.apache.activemq.transport.AbstractInactivityMonitor | ActiveMQ InactivityMonitor Worker
2025-10-29 03:14:46,145 | DEBUG | WriteChecker 10000 ms elapsed since last write check. | org.apache.activemq.transport.AbstractInactivityMonitor | ActiveMQ InactivityMonitor WriteCheckTimer
2025-10-29 03:14:46,145 | DEBUG | Running WriteCheck[tcp://172.18.0.1:49496] | org.apache.activemq.transport.AbstractInactivityMonitor | ActiveMQ InactivityMonitor Worker
